Date,X-11,X-10,X-9,X-8,X-7,X-6,X-5,X-4,X-3,X-2,X-1,X0,Y1,Y2,Y3,Y4,Y5,Y6,Y7,Y8,Y9,Y10,Class (2%),RealClass (2%)
2018-01-16,0.0,0.4446160529934661,-0.22347740356655432,1.030003881873418,3.076722035776821,3.8906044220536784,3.63669996880312,4.640683484938309,4.333364662547899,3.466699558149391,2.982237218502799,0.0,-1.3867778967558075,-1.3522541468716325,-1.2994356340579816,-1.3936120896810316,-1.3779962573629303,-2.072763262746048,-1.4713736482532291,-2.049000986159986,-3.7074617135741974,-3.6955616918107888,1,0
2018-01-17,0.0,-0.6722807303089381,0.5792542864582328,2.625663002566509,3.4369570512304426,3.1821064462716437,4.186234637596713,3.8791984134416233,3.008677187700675,2.5207488128919424,2.6456785043282194,0.0,0.03242656297952984,0.09157998716578242,0.00825013956371179,0.026997529862322844,-0.6716671338837708,-0.0667378018734548,-0.6302381654204952,-2.3057293651096273,-2.309234067032927,-1.8118161217185689,1,0
2018-01-18,0.0,1.2538550335148098,3.2997557974335368,4.114540131483144,3.8612270882779907,4.864662095588857,4.557348480272937,3.6930139142813463,3.2105065671791206,3.332794049369374,1.8897088246771379,0.0,0.059087574562810996,-0.024613148048235223,-0.005912982461250937,-0.7054631269996534,-0.09977098242716709,-0.6643905303563691,-2.3418250500027438,-2.3449733988068107,-1.8469279113014094,-1.8412349403959731,1,0
2018-01-19,0.0,2.002919414061479,2.7938703634757376,2.543196959878662,3.52635891435708,3.226144787019767,2.3691067686325336,1.887094437895306,2.011563205541941,0.5834420363278747,0.6161844260725617,0.0,-0.083760564062213,-0.06528186490988575,-0.7613349451181585,-0.1586776426394011,-0.7212048678539178,-2.3899289988919312,-2.3924111056604,-1.8968605503224958,-1.8911574804706512,-0.3556612912806405,1,0
2018-01-22,0.0,0.7586123137989154,0.5105537020187769,1.4680480290816018,1.1770838944013506,0.3263006835195612,-0.15780037131930325,-0.029204748748800524,-1.4425445788413402,-1.4073187657830328,-1.3536281219446835,0.0,0.0185268920893355,-0.6725771195596402,-0.07419503618834755,-0.631697981291051,-2.2890129974634146,-2.292390206160831,-1.8003558215479898,-1.7947474043409428,-0.2720286813953101,0.9704929020905739,0,0
2018-01-23,0.0,-0.24572718184501244,0.6969945929745436,0.41105708610119585,-0.43273565946043663,-0.9149526503122928,-0.785533403793633,-2.185632931605669,-2.149679976775391,-2.10010732763856,-2.2011002139469857,0.0,-0.6894667475838901,-0.09250443546061587,-0.6489138476249763,-2.3022015046022375,-2.3053682955001134,-1.814501183901298,-1.8088940551965131,-0.2893702978062205,0.9509631790837405,-0.8234198746050376,0,0
2018-01-24,0.0,0.9437921872578015,0.6573533216813716,-0.18538065138781246,-0.6663094031642895,-0.537666101352652,-1.9365399254974824,-1.9009638098835815,-1.8502535442176562,-1.9492977967410914,-1.9347956549726366,0.0,0.6018644841675828,0.049506471218589976,-1.6209329790149938,-1.6317370258628725,-1.1368453293908063,-1.1316441005823545,0.384640614825432,1.6065802732751093,-0.16981952223542862,0.44359475243824775,0,0
2018-01-25,0.0,-0.2823564058047773,-1.1226953388289211,-1.6048531971937585,-1.4742441091423357,-2.8671242262356564,-2.830388717129829,-2.784381667791206,-2.890067370406386,-2.8778099568035995,-3.567836114188811,0.0,-0.55580467810243,-2.2111837101936636,-2.215367453714355,-1.7240216478373513,-1.7184692428434465,-0.1995546353187687,1.0381836435753318,-0.7362605553760924,-0.12404245192071883,-0.6627817553416104,0,0
2018-01-26,0.0,-0.841665557515276,-1.3238018050099638,-1.1936895477858114,-2.589377130716487,-2.552963726646407,-2.5055092701394552,-2.60927423531368,-2.596333011086762,-3.2892496860376044,-2.6896052264624553,0.0,-1.6487612809249712,-1.6588981658938937,-1.17035494164715,-1.1651890538606202,0.3327348729420869,1.5409830640124946,-0.21349930777875414,0.39230451233973795,-0.16242369093405706,3.442049618465112,0,1
2018-01-29,0.0,-0.4771151937859099,-0.3498133390697987,-1.7394731411765476,-1.7043888798946671,-1.6531319976275873,-1.7501367840429136,-1.7353017009908145,-2.4296621833244334,-1.8286665109175098,-2.410358351247362,0.0,-0.028774563659966335,0.4721984811622002,0.4764046199829899,1.9745332645248923,3.1445478961574,1.375687512826067,1.9879183879247906,1.3604598545982078,5.0734206867319465,4.704970790416166,0,1
2018-01-30,0.0,0.12537222531021527,-1.2570762382567724,-1.2228354420494534,-1.1695828017674046,-1.2625217200714243,-1.24666319019339,-1.9399243338238537,-1.3398231189174656,-1.9146206481466224,-3.5701887228271603,0.0,0.5066548405730809,0.5108896952799746,2.025349770804046,3.207433891805369,1.4190385208148433,2.0380566522824135,1.4024617740165795,5.157825225696701,4.785582822776404,3.8730263033568906,0,1
2018-01-31,0.0,-1.3867778967558075,-1.3522541468716325,-1.2994356340579816,-1.3936120896810316,-1.3779962573629303,-2.072763262746048,-1.4713736482532291,-2.049000986159986,-3.7074617135741974,-3.6955616918107888,0.0,0.004538000740512083,1.5213100474154926,2.717059952882865,0.9303016707381402,1.5483050741695679,0.9341826191967479,4.66191975814585,4.28523012865762,3.376477036640307,5.0256944252809,0,1
2018-02-01,0.0,0.03242656297952984,0.09157998716578242,0.00825013956371179,0.026997529862322844,-0.6716671338837708,-0.0667378018734548,-0.6302381654204952,-2.3057293651096273,-2.309234067032927,-1.8118161217185689,0.0,1.5177830714519138,2.7144362293748983,0.9265260653057656,1.544923859221961,0.9305930122861739,4.6605162147129064,4.283540764172475,3.3742284620760907,5.02438301979833,4.82509735947114,0,1
2018-02-02,0.0,0.059087574562810996,-0.024613148048235223,-0.005912982461250937,-0.7054631269996534,-0.09977098242716709,-0.6643905303563691,-2.3418250500027438,-2.3449733988068107,-1.8469279113014094,-1.8412349403959731,0.0,1.2664885660026273,-0.5578101789848833,0.07179177994576635,-0.49061844833038126,3.240623670193748,2.8412103188346167,1.9225443224406709,3.562980357501398,3.344479815702092,3.034517790686339,0,1
2018-02-05,0.0,-0.083760564062213,-0.06528186490988575,-0.7613349451181585,-0.1586776426394011,-0.7212048678539178,-2.3899289988919312,-2.3924111056604,-1.8968605503224958,-1.8911574804706512,-0.3556612912806405,0.0,-1.9001900983822857,-1.2456091800727298,-1.7748786656395552,2.0461213219374215,1.6171343482257081,0.6682842219815208,2.3389605838471534,2.0980671813309826,1.7785711544177496,2.2249768069521854,0,1
2018-02-06,0.0,0.0185268920893355,-0.6725771195596402,-0.07419503618834755,-0.631697981291051,-2.2890129974634146,-2.292390206160831,-1.8003558215479898,-1.7947474043409428,-0.2720286813953101,0.9704929020905739,0.0,0.6460854762832206,0.04490797623568543,3.8991037382385,3.495185046178815,2.5497520762173895,4.248242699721958,4.029971886499211,3.710696635029994,4.1465301529476335,4.919368488835743,0,1
2018-02-07,0.0,-0.6894667475838901,-0.09250443546061587,-0.6489138476249763,-2.3022015046022375,-2.3053682955001134,-1.814501183901298,-1.8088940551965131,-0.2893702978062205,0.9509631790837405,-0.8234198746050376,0.0,-0.5760851028072662,3.263220325147957,2.8511212017919063,1.9053962740248702,3.5928258019425403,3.367037450644469,3.0479820353038045,3.48702007243181,4.2623240636114605,4.403644755919285,0,1
2018-02-08,0.0,0.6018644841675828,0.049506471218589976,-1.6209329790149938,-1.6317370258628725,-1.1368453293908063,-1.1316441005823545,0.384640614825432,1.6065802732751093,-0.16981952223542862,0.44359475243824775,0.0,4.022053841301888,3.5998083531714724,2.6129020884122824,4.385025813674829,4.156617729450677,3.8233608724220822,4.278544832965187,5.085453366535192,5.233783337625364,6.676862984883433,0,1
2018-02-09,0.0,-0.55580467810243,-2.2111837101936636,-2.215367453714355,-1.7240216478373513,-1.7184692428434465,-0.1995546353187687,1.0381836435753318,-0.7362605553760924,-0.12404245192071883,-0.6627817553416104,0.0,-0.45321299626888645,-1.3986288852305284,0.2289261029626828,-0.03493626453325582,-0.3522569206787711,0.10235697400449872,0.8888107660506339,1.0255601816564175,2.33013932529302,1.7775793135779185,0,1
2018-02-12,0.0,-1.6487612809249712,-1.6588981658938937,-1.17035494164715,-1.1651890538606202,0.3327348729420869,1.5409830640124946,-0.21349930777875414,0.39230451233973795,-0.16242369093405706,3.442049618465112,0.0,-0.9354548127522659,0.6830050882274619,0.42710139807665604,0.11290275004631223,0.560592846033201,1.3372124348322378,1.4731353165716798,2.7729147790855095,2.2309513122013174,2.0285986330550996,1,1
2018-02-13,0.0,-0.028774563659966335,0.4721984811622002,0.4764046199829899,1.9745332645248923,3.1445478961574,1.375687512826067,1.9879183879247906,1.3604598545982078,5.0734206867319465,4.704970790416166,0.0,1.6420674874155,1.3959459647253527,1.0799754833660988,1.525059648356582,2.301670165681483,2.439445719919982,3.7633753982390434,3.2291570054483616,3.0129392057324544,3.539384438725431,1,1
2018-02-14,0.0,0.5066548405730809,0.5108896952799746,2.025349770804046,3.207433891805369,1.4190385208148433,2.0380566522824135,1.4024617740165795,5.157825225696701,4.785582822776404,3.8730263033568906,0.0,-0.2582383438507766,-0.5656611765827378,-0.12403630139460553,0.6389054946185171,0.7711372475470242,2.031118672281545,1.4932861351806084,1.3041991254724257,1.8333904595531432,1.5655895913497409,1,1
2018-02-15,0.0,0.004538000740512083,1.5213100474154926,2.717059952882865,0.9303016707381402,1.5483050741695679,0.9341826191967479,4.66191975814585,4.28523012865762,3.376477036640307,5.0256944252809,0.0,-0.3044382652020163,0.13154155334949102,0.8859151675165367,1.0171505842514743,2.2693505855940126,1.7395976806010418,1.5489794580907204,2.0703456515543923,1.8016746052092152,1.4726188087269336,1,1
2018-02-16,0.0,1.5177830714519138,2.7144362293748983,0.9265260653057656,1.544923859221961,0.9305930122861739,4.6605162147129064,4.283540764172475,3.3742284620760907,5.02438301979833,4.82509735947114,0.0,0.4353642963588156,1.1900901466098308,1.321970840564414,2.582366428904293,2.054803489734804,1.859728692273542,2.379089159397069,2.1056586497942478,1.7772388359302644,1.5832529815957543,1,1
2018-02-20,0.0,1.2664885660026273,-0.5578101789848833,0.07179177994576635,-0.49061844833038126,3.240623670193748,2.8412103188346167,1.9225443224406709,3.562980357501398,3.344479815702092,3.034517790686339,0.0,0.7582469106520964,0.8899019542453701,2.1452185519902995,1.6116847725126133,1.4219888840674644,1.947010993180133,1.6789774960401898,1.3478884800219602,1.1488477763565117,0.7355109399850193,1,1
2018-02-21,0.0,-1.9001900983822857,-1.2456091800727298,-1.7748786656395552,2.0461213219374215,1.6171343482257081,0.6682842219815208,2.3389605838471534,2.0980671813309826,1.7785711544177496,2.2249768069521854,0.0,0.1306443318636712,1.371207857428987,0.8297371403411642,0.6503296180883102,1.1827881527659558,0.9254414079424749,0.5912376842503375,0.3842948704160507,-0.030192790434442007,0.5638746439726923,1,0
2018-02-22,0.0,0.6460854762832206,0.04490797623568543,3.8991037382385,3.495185046178815,2.5497520762173895,4.248242699721958,4.029971886499211,3.710696635029994,4.1465301529476335,4.919368488835743,0.0,1.2356522288867604,0.6938561969178809,0.5165594321370728,1.049274596839119,0.7942564035344303,0.46015828761264366,0.25225499508139027,-0.16163591366420837,0.43114376671895327,0.7426150665624516,1,0
2018-02-23,0.0,-0.5760851028072662,3.263220325147957,2.8511212017919063,1.9053962740248702,3.5928258019425403,3.367037450644469,3.0479820353038045,3.48702007243181,4.2623240636114605,4.403644755919285,0.0,-0.5409682842674632,-0.6979239820805796,-0.16659507027690945,-0.3987595567207771,-0.7295754055258827,-0.9447253244831894,-1.3503325388341962,-0.773337089100328,-0.475785424800532,1.2057147418966307,1,0
2018-02-26,0.0,4.022053841301888,3.5998083531714724,2.6129020884122824,4.385025813674829,4.156617729450677,3.8233608724220822,4.278544832965187,5.085453366535192,5.233783337625364,6.676862984883433,0.0,-0.16279639858117045,0.3592924447096615,0.12159915430855683,-0.2045038432578412,-0.41255490967779895,-0.8142152400566496,-0.24111436503094374,0.05691413448672389,1.7370141219731186,1.253118127634186,1,0
2018-02-27,0.0,-0.45321299626888645,-1.3986288852305284,0.2289261029626828,-0.03493626453325582,-0.3522569206787711,0.10235697400449872,0.8888107660506339,1.0255601816564175,2.33013932529302,1.7775793135779185,0.0,0.5278491282190862,0.2845226936151497,-0.045505612540913454,-0.25479555026312706,-0.6618652213456665,-0.08050899987655458,0.22258627069208864,1.9299853082060265,1.4388381962159977,2.045391394822545,1,1
2018-02-28,0.0,-0.9354548127522659,0.6830050882274619,0.42710139807665604,0.11290275004631223,0.560592846033201,1.3372124348322378,1.4731353165716798,2.7729147790855095,2.2309513122013174,2.0285986330550996,0.0,-0.23767579268225325,-0.5722920321260357,-0.7886151799375355,-1.1994714928356227,-0.6144553004564749,-0.31196745913065005,1.396109590514722,0.9027831484200894,1.5163502968741456,0.4417715273492988,1,0
2018-03-01,0.0,1.6420674874155,1.3959459647253527,1.0799754833660988,1.525059648356582,2.301670165681483,2.439445719919982,3.7633753982390434,3.2291570054483616,3.0129392057324544,3.539384438725431,0.0,-0.33872928406975955,-0.5558257541184342,-0.972588394883303,-0.3783592898861079,-0.0699488185104058,1.669667305795901,1.1681513730303794,1.7899088591183263,0.6967612954751781,0.8761350743385043,1,0
2018-03-02,0.0,-0.2582383438507766,-0.5656611765827378,-0.12403630139460553,0.6389054946185171,0.7711372475470242,2.031118672281545,1.4932861351806084,1.3041991254724257,1.8333904595531432,1.5655895913497409,0.0,-0.2130008401747463,-0.6281605036475397,-0.03509645031101449,0.27432460518800994,2.0169966294197463,1.515877915431398,2.134364646186125,1.0410661121141476,1.219868139405675,1.1152044405161186,1,1
2018-03-05,0.0,-0.3044382652020163,0.13154155334949102,0.8859151675165367,1.0171505842514743,2.2693505855940126,1.7395976806010418,1.5489794580907204,2.0703456515543923,1.8016746052092152,1.4726188087269336,0.0,-0.41093939443259686,0.17678934927346143,0.48442451773192285,2.2154134815113706,1.7184409210578044,2.330096311841884,1.2452161888409599,1.4222737477044027,1.3188966682371304,3.971228494582416,1,1
2018-03-06,0.0,0.4353642963588156,1.1900901466098308,1.321970840564414,2.582366428904293,2.054803489734804,1.859728692273542,2.379089159397069,2.1056586497942478,1.7772388359302644,1.5832529815957543,0.0,0.5883951563916817,0.8983192463799585,2.6390380478128095,2.140798060533142,2.7506826394512887,1.661816800646263,1.838810793543714,1.7359874513863405,4.38632851986108,5.770636313372859,1,1
2018-03-07,0.0,0.7582469106520964,0.8899019542453701,2.1452185519902995,1.6116847725126133,1.4219888840674644,1.947010993180133,1.6789774960401898,1.3478884800219602,1.1488477763565117,0.7355109399850193,0.0,0.3056475163131296,2.0268007002609263,1.5319987193628188,2.1424085342850097,1.0627885767066048,1.2392933411618057,1.1360178482401062,3.7805133862429967,5.156523172157049,4.432053939467873,1,1
2018-03-08,0.0,0.1306443318636712,1.371207857428987,0.8297371403411642,0.6503296180883102,1.1827881527659558,0.9254414079424749,0.5912376842503375,0.3842948704160507,-0.030192790434442007,0.5638746439726923,0.0,1.703035322259273,1.2123194629953749,1.8201350684464161,0.7503261087080454,0.9257516635411525,0.8227286143564323,3.4518167304551888,4.817111506854731,4.098604205866397,3.3526748368228785,0,1
2018-03-09,0.0,1.2356522288867604,0.6938561969178809,0.5165594321370728,1.049274596839119,0.7942564035344303,0.46015828761264366,0.25225499508139027,-0.16163591366420837,0.43114376671895327,0.7426150665624516,0.0,-0.4722949339541913,0.12576548888239358,-0.8991038687459316,-0.7282435476835738,-0.8306046148882025,1.7341235269748925,3.0516272076743163,2.359980804416651,1.679182581098806,2.1316313788867554,0,1
2018-03-12,0.0,-0.5409682842674632,-0.6979239820805796,-0.16659507027690945,-0.3987595567207771,-0.7295754055258827,-0.9447253244831894,-1.3503325388341962,-0.773337089100328,-0.475785424800532,1.2057147418966307,0.0,0.5986449725399455,-0.4351102048949731,-0.26358611623831063,-0.3657657358866979,2.2077618635605436,3.533900532007767,2.837225988922724,2.1406698346226674,2.5863847688920494,2.455132613928096,0,1
2018-03-13,0.0,-0.16279639858117045,0.3592924447096615,0.12159915430855683,-0.2045038432578412,-0.41255490967779895,-0.8142152400566496,-0.24111436503094374,0.05691413448672389,1.7370141219731186,1.253118127634186,0.0,-1.0307169321550256,-0.8586625380307763,-0.9618942187423254,1.6210698585368433,2.9468382404936504,2.250985859019788,1.5689453448693458,2.026832645822303,1.8803085743102461,1.6834485041468876,0,1
2018-03-14,0.0,0.5278491282190862,0.2845226936151497,-0.045505612540913454,-0.25479555026312706,-0.6618652213456665,-0.08050899987655458,0.22258627069208864,1.9299853082060265,1.4388381962159977,2.045391394822545,0.0,0.17403857783411167,0.07090793748325536,2.681063242110576,4.02996379431982,3.3208652258566573,2.6017138936372595,3.0459435380890176,2.9238116073516083,2.706245507565236,1.670379556210754,1,1
2018-03-15,0.0,-0.23767579268225325,-0.5722920321260357,-0.7886151799375355,-1.1994714928356227,-0.6144553004564749,-0.31196745913065005,1.396109590514722,0.9027831484200894,1.5163502968741456,0.4417715273492988,0.0,-0.1033280705420486,2.50680183040693,3.8541563423762843,3.1460538338744803,2.431909861279896,2.879222166581607,2.7527586938110504,2.5383077169021444,1.5039159049651745,0.13125530006286867,0,1
2018-03-16,0.0,-0.33872928406975955,-0.5558257541184342,-0.972588394883303,-0.3783592898861079,-0.0699488185104058,1.669667305795901,1.1681513730303794,1.7899088591183263,0.6967612954751781,0.8761350743385043,0.0,2.6069151417475545,3.9535181428115607,3.245701881195683,2.5294757333281543,2.9744086650771466,2.8506672576193504,2.6346365536258562,1.6006515757704007,0.23025615771037522,1.3691026874774153,0,1
2018-03-19,0.0,-0.2130008401747463,-0.6281605036475397,-0.03509645031101449,0.27432460518800994,2.0169966294197463,1.515877915431398,2.134364646186125,1.0410661121141476,1.219868139405675,1.1152044405161186,0.0,1.3269953188850552,0.632236587440698,-0.010786542113400799,0.4815686761070852,0.2925267208708433,0.12264689652466076,-0.8919772422235694,-2.280367991377815,-1.0988548167169752,-1.6847570613930603,1,0
2018-03-20,0.0,-0.41093939443259686,0.17678934927346143,0.48442451773192285,2.2154134815113706,1.7184409210578044,2.330096311841884,1.2452161888409599,1.4222737477044027,1.3188966682371304,3.971228494582416,0.0,-0.6822474162826888,-1.2830777789493593,-0.7712008137227011,-0.9913262691888485,-1.136629725898084,-2.1328362833404437,-3.518308400000484,-2.325578351982675,-2.9186396230222758,-2.79225487933041,1,0
2018-03-21,0.0,0.5883951563916817,0.8983192463799585,2.6390380478128095,2.140798060533142,2.7506826394512887,1.661816800646263,1.838810793543714,1.7359874513863405,4.38632851986108,5.770636313372859,0.0,-0.6234003550310274,-0.1211150070298217,-0.3253272083665435,-0.48355666991644464,-1.4904060645586634,-2.878887464693335,-1.690700365853826,-2.280680943750512,-2.145517254136068,-2.184972895243279,1,0
2018-03-22,0.0,0.3056475163131296,2.0268007002609263,1.5319987193628188,2.1424085342850097,1.0627885767066048,1.2392933411618057,1.1360178482401062,3.7805133862429967,5.156523172157049,4.432053939467873,0.0,0.5050722871512776,0.3113527720152167,0.13681269942575902,-0.904528446963965,-2.3292843322105616,-1.1169438139705,-1.7181191828037756,-1.5712122742089807,-1.6075281923221614,-1.6997001565821042,1,0
2018-03-23,0.0,1.703035322259273,1.2123194629953749,1.8201350684464161,0.7503261087080454,0.9257516635411525,0.8227286143564323,3.4518167304551888,4.817111506854731,4.098604205866397,3.3526748368228785,0.0,-0.21079087322584877,-0.3790461705084902,-1.4357184929704445,-2.8906306741167302,-1.6469847543601106,-2.2643417886303028,-2.1210553328738406,-2.161557707349331,-2.24364587252606,-2.3032523070865967,1,0
2018-03-26,0.0,-0.4722949339541913,0.12576548888239358,-0.8991038687459316,-0.7282435476835738,-0.8306046148882025,1.7341235269748925,3.0516272076743163,2.359980804416651,1.679182581098806,2.1316313788867554,0.0,-0.16769630262368884,-1.199135919341681,-2.615719539225244,-1.4070277713243913,-2.0067790159346046,-1.864655008188218,-1.9027636977196456,-1.987360805111002,-2.044838454798315,-1.293365798792979,1,0
2018-03-27,0.0,0.5986449725399455,-0.4351102048949731,-0.26358611623831063,-0.3657657358866979,2.2077618635605436,3.533900532007767,2.837225988922724,2.1406698346226674,2.5863847688920494,2.455132613928096,0.0,-1.0518650128687712,-2.4934693557801184,-1.265285900399261,-1.8744930378266007,-1.7276447598569589,-1.7653021768131452,-1.8553526390387047,-1.9133721671620532,-1.1445216504529112,-0.6316591447556805,1,0
2018-03-28,0.0,-1.0307169321550256,-0.8586625380307763,-0.9618942187423254,1.6210698585368433,2.9468382404936504,2.250985859019788,1.5689453448693458,2.026832645822303,1.8803085743102461,1.6834485041468876,0.0,-1.4465553735470276,-0.22579004788277446,-0.8299630668131255,-0.6687381692825506,-0.6994798173801353,-0.8146466734797857,-0.8698996574586617,-0.07268875679157993,0.4411496625191107,1.1152316407121288,1,0
2018-03-29,0.0,0.17403857783411167,0.07090793748325536,2.681063242110576,4.02996379431982,3.3208652258566573,2.6017138936372595,3.0459435380890176,2.9238116073516083,2.706245507565236,1.670379556210754,0.0,1.1892805486667357,0.6025397413170807,0.7804526064000223,0.7596383467286061,0.6123963880279797,0.5618682219390997,1.3835934832908352,1.8897429285176024,2.576243729690449,1.9522780735125815,1,1
2018-04-02,0.0,-0.1033280705420486,2.50680183040693,3.8541563423762843,3.1460538338744803,2.431909861279896,2.879222166581607,2.7527586938110504,2.5383077169021444,1.5039159049651745,0.13125530006286867,0.0,-0.60809473923144,-0.44238037128757,-0.4718629918519177,-0.5934884991942557,-0.6485950435132601,0.16145685126482467,0.6797820735428588,1.3633811404285323,0.7364091872542597,0.8369913327626293,1,0
2018-04-03,0.0,2.6069151417475545,3.9535181428115607,3.245701881195683,2.5294757333281543,2.9744086650771466,2.8506672576193504,2.6346365536258562,1.6006515757704007,0.23025615771037522,1.3691026874774153,0.0,0.17162649174732292,0.14652939492363704,0.012205248946281277,-0.04053549873771591,0.7743584987847105,1.2859267149505607,1.9701257530120104,1.3454467982325362,1.4503534882274178,0.6579703986608036,1,0
2018-04-04,0.0,1.3269953188850552,0.632236587440698,-0.010786542113400799,0.4815686761070852,0.2925267208708433,0.12264689652466076,-0.8919772422235694,-2.280367991377815,-1.0988548167169752,-1.6847570613930603,0.0,-0.0259305175157869,-0.15475559830895103,-0.20736152629853732,0.5940509487313406,1.0998533851031018,1.7736873479611233,1.1576895730064964,1.2598415683809203,0.4760170891507287,0.5683495982105926,0,0
2018-04-05,0.0,-0.6822474162826888,-1.2830777789493593,-0.7712008137227011,-0.9913262691888485,-1.136629725898084,-2.1328362833404437,-3.518308400000484,-2.325578351982675,-2.9186396230222758,-2.79225487933041,0.0,-0.1285446321918231,-0.18072138600232268,0.6158564868364049,1.1181987225335803,1.7878230689393322,1.175791992971683,1.2774822260715126,0.4990760134367511,0.5908245658796172,0.7522550567247419,0,0
2018-04-06,0.0,-0.6234003550310274,-0.1211150070298217,-0.3253272083665435,-0.48355666991644464,-1.4904060645586634,-2.878887464693335,-1.690700365853826,-2.280680943750512,-2.145517254136068,-2.184972895243279,0.0,-0.05297723184946557,0.7647335216526017,1.2782681393043638,1.964902257627052,1.337942607108087,1.4431370678269353,0.6476808269559537,0.7417227369165547,0.9062046421163981,1.2375876081276518,0,0
2018-04-09,0.0,0.5050722871512776,0.3113527720152167,0.13681269942575902,-0.904528446963965,-2.3292843322105616,-1.1169438139705,-1.7181191828037756,-1.5712122742089807,-1.6075281923221614,-1.6997001565821042,0.0,0.8163057134539105,1.3281062066644684,2.013259211318436,1.3878989073849497,1.4932344014015961,0.7005817566014669,0.7944059378495836,0.9581139131066254,1.2881045873116532,1.7721699155990822,0,1
2018-04-10,0.0,-0.21079087322584877,-0.3790461705084902,-1.4357184929704445,-2.8906306741167302,-1.6469847543601106,-2.2643417886303028,-2.1210553328738406,-2.161557707349331,-2.24364587252606,-2.3032523070865967,0.0,0.5037719894884348,1.1657504233511957,0.5578826386839892,0.654202691465442,-0.1277586646865767,-0.03688756370382751,0.12749429292848724,0.45636294474532607,0.9286274722754357,1.2981186099562474,0,0
2018-04-11,0.0,-0.16769630262368884,-1.199135919341681,-2.615719539225244,-1.4070277713243913,-2.0067790159346046,-1.864655008188218,-1.9027636977196456,-1.987360805111002,-2.044838454798315,-1.293365798792979,0.0,0.6581428769003311,0.051445438825524326,0.14370355865354245,-0.6440853945411216,-0.5535991637034654,-0.3861784560412249,-0.05276383995902889,0.4197024555893665,0.7961896262992771,-0.5384367376597626,0,0
2018-04-12,0.0,-1.0518650128687712,-2.4934693557801184,-1.265285900399261,-1.8744930378266007,-1.7276447598569589,-1.7653021768131452,-1.8553526390387047,-1.9133721671620532,-1.1445216504529112,-0.6316591447556805,0.0,-0.5959582664859189,-0.5102922603845497,-1.293517549742256,-1.2049015532174432,-1.0361519970766566,-0.7020136675530039,-0.23648920796322995,0.1431935869654365,-1.1731048934718362,-0.4857360679987753,0,0
2018-04-13,0.0,-1.4465553735470276,-0.22579004788277446,-0.8299630668131255,-0.6687381692825506,-0.6994798173801353,-0.8146466734797857,-0.8698996574586617,-0.07268875679157993,0.4411496625191107,1.1152316407121288,0.0,0.09130636971335448,-0.6924468284111811,-0.6025306121241094,-0.4357857683870128,-0.1038691901993023,0.3658441376050201,0.7408278621139812,-0.5861232535429858,0.11361438437853921,-0.12431040417717648,0,0
2018-04-16,0.0,1.1892805486667357,0.6025397413170807,0.7804526064000223,0.7596383467286061,0.6123963880279797,0.5618682219390997,1.3835934832908352,1.8897429285176024,2.576243729690449,1.9522780735125815,0.0,-0.7777100816661253,-0.6886738774003462,-0.5228958547779035,-0.19317020488336717,0.2723381395686096,0.6451763654374302,-0.6700734563159376,0.022476888407038487,-0.21342087361183476,0.1990989005605328,1,0
2018-04-17,0.0,-0.60809473923144,-0.44238037128757,-0.4718629918519177,-0.5934884991942557,-0.6485950435132601,0.16145685126482467,0.6797820735428588,1.3633811404285323,0.7364091872542597,0.8369913327626293,0.0,0.08942482850775284,0.2502819071550575,0.5724718116553912,1.0366843259258813,1.398212366873238,0.08813212652070757,0.7865817851123997,0.5522134887647363,0.9572832127368105,0.439438977972614,0,0
2018-04-18,0.0,0.17162649174732292,0.14652939492363704,0.012205248946281277,-0.04053549873771591,0.7743584987847105,1.2859267149505607,1.9701257530120104,1.3454467982325362,1.4503534882274178,0.6579703986608036,0.0,0.1610911551992324,0.48348374125170956,0.9468916352974623,1.3089744741995222,0.0009915218515765822,0.6973303433039884,0.4632678958359304,0.8683602826605168,0.351185642776249,-0.004850945209665447,0,0
2018-04-19,0.0,-0.0259305175157869,-0.15475559830895103,-0.20736152629853732,0.5940509487313406,1.0998533851031018,1.7736873479611233,1.1576895730064964,1.2598415683809203,0.4760170891507287,0.5683495982105926,0.0,0.3251056248408135,0.7904194031597935,1.1561444886316445,-0.15753402892463764,0.5400280855973473,0.30482005640491583,0.7128993370850232,0.19318219515184976,-0.1631766054051167,-0.3846729431490621,0,0
2018-04-20,0.0,-0.1285446321918231,-0.18072138600232268,0.6158564868364049,1.1181987225335803,1.7878230689393322,1.175791992971683,1.2774822260715126,0.4990760134367511,0.5908245658796172,0.7522550567247419,0.0,0.4677678729701498,0.8398097171663975,-0.48144152232141924,0.2164561478837913,-0.02036520674026019,0.3925581405068946,-0.13074677018194136,-0.4866575202312955,-0.7086037256627196,-1.197463231811306,0,0
2018-04-23,0.0,-0.05297723184946557,0.7647335216526017,1.2782681393043638,1.964902257627052,1.337942607108087,1.4431370678269353,0.6476808269559537,0.7417227369165547,0.9062046421163981,1.2375876081276518,0.0,0.37651843650393035,-0.9393514122872066,-0.24954355512474405,-0.48576691394119254,-0.07097784097052207,-0.5929940046848958,-0.9438925139578336,-1.1637573700305464,-1.6561873897333728,-2.626086715077563,0,0
2018-04-24,0.0,0.8163057134539105,1.3281062066644684,2.013259211318436,1.3878989073849497,1.4932344014015961,0.7005817566014669,0.7944059378495836,0.9581139131066254,1.2881045873116532,1.7721699155990822,0.0,-1.3293436765660251,-0.6368127610445695,-0.8757581233532553,-0.453787539285502,-0.9818458599592736,-1.333390620566812,-1.5545329360645705,-2.0566053733015175,-3.0372502113037,-1.680206845627035,1,0
2018-04-25,0.0,0.5037719894884348,1.1657504233511957,0.5578826386839892,0.654202691465442,-0.1277586646865767,-0.03688756370382751,0.12749429292848724,0.45636294474532607,0.9286274722754357,1.2981186099562474,0.0,0.7145881510613497,0.47438678823784497,0.8901102548863353,0.3593712508446463,-0.00599423489271067,-0.23272574590894402,-0.7234520633858602,-1.7107693492067526,-0.3383607271732888,-0.621200602004814,0,0
2018-04-26,0.0,0.6581428769003311,0.051445438825524326,0.14370355865354245,-0.6440853945411216,-0.5535991637034654,-0.3861784560412249,-0.05276383995902889,0.4197024555893665,0.7961896262992771,-0.5384367376597626,0.0,-0.2368335910106135,0.17746369313248422,-0.3458834390818626,-0.6998995063228628,-0.9211498508865699,-1.412269234507427,-2.384954377063505,-1.036069046398365,-1.3208344403869523,-1.4676641491455213,0,0
2018-04-27,0.0,-0.5959582664859189,-0.5102922603845497,-1.293517549742256,-1.2049015532174432,-1.0361519970766566,-0.7020136675530039,-0.23648920796322995,0.1431935869654365,-1.1731048934718362,-0.4857360679987753,0.0,0.41287625163883884,-0.11052884590953849,-0.4666887232834671,-0.6887445845774545,-1.1774887443160038,-2.150577865577927,-0.8000610034059368,-1.0828864603055492,-1.227655354461346,-1.0829105227366826,0,0
2018-04-30,0.0,0.09130636971335448,-0.6924468284111811,-0.6025306121241094,-0.4357857683870128,-0.1038691901993023,0.3658441376050201,0.7408278621139812,-0.5861232535429858,0.11361438437853921,-0.12431040417717648,0.0,-0.5265948433615497,-0.8812112989504808,-1.1032421849527903,-1.5992523528182803,-2.5777489162053406,-1.2216171885693563,-1.5096452665526792,-1.6589617844518196,-1.5143550324203314,-3.565386600775477,0,0
2018-05-01,0.0,-0.7777100816661253,-0.6886738774003462,-0.5228958547779035,-0.19317020488336717,0.2723381395686096,0.6451763654374302,-0.6700734563159376,0.022476888407038487,-0.21342087361183476,0.1990989005605328,0.0,-0.3593874470033065,-0.583204644117215,-1.0738652959080972,-2.0531957564492473,-0.6935107213526011,-0.9771780094436222,-1.121873211101524,-0.9759476586583538,-3.032087539621657,-3.9922086582088765,0,0
2018-05-02,0.0,0.08942482850775284,0.2502819071550575,0.5724718116553912,1.0366843259258813,1.398212366873238,0.08813212652070757,0.7865817851123997,0.5522134887647363,0.9572832127368105,0.439438977972614,0.0,-0.22707953887892143,-0.7184530957772712,-1.7072060021098676,-0.3327742712739443,-0.615972499591144,-0.758762733502552,-0.6106030567378822,-2.68885895277242,-3.6620372488837374,-4.187959238021335,0,0
2018-05-03,0.0,0.1610911551992324,0.48348374125170956,0.9468916352974623,1.3089744741995222,0.0009915218515765822,0.6973303433039884,0.4632678958359304,0.8683602826605168,0.351185642776249,-0.004850945209665447,0.0,-0.490684487346734,-1.4831324057687287,-0.10251542108030787,-0.384756733857734,-0.5260030794002093,-0.37676666377401036,-2.4642592585837924,-3.4434810427427673,-3.970838319659611,-4.722066959418563,0,0
2018-05-04,0.0,0.3251056248408135,0.7904194031597935,1.1561444886316445,-0.15753402892463764,0.5400280855973473,0.30482005640491583,0.7128993370850232,0.19318219515184976,-0.1631766054051167,-0.3846729431490621,0.0,-0.9829813452488994,0.386678592892373,0.11137941408392393,-0.024138388661495647,0.12477760133767601,-1.945903656523154,-2.9208604785251184,-3.442069559740891,-4.187832710998354,-3.6053131537993455,0,0
2018-05-07,0.0,0.4677678729701498,0.8398097171663975,-0.48144152232141924,0.2164561478837913,-0.02036520674026019,0.3925581405068946,-0.13074677018194136,-0.4866575202312955,-0.7086037256627196,-1.197463231811306,0.0,1.3781804012055034,1.1106917335941229,0.9836623986730391,1.135254527030023,-0.9478134097363227,-1.9359368191271344,-2.4564128725634577,-3.207820888815016,-2.6242160624521693,-2.6439716794983257,0,0
2018-05-08,0.0,0.37651843650393035,-0.9393514122872066,-0.24954355512474405,-0.48576691394119254,-0.07097784097052207,-0.5929940046848958,-0.9438925139578336,-1.1637573700305464,-1.6561873897333728,-2.626086715077563,0.0,-0.2770873560239242,-0.4152882234915376,-0.26808415603249713,-2.3245989407645378,-3.29003817890347,-3.809176454897642,-4.54937792971563,-3.969912163257586,-3.999603154970041,-5.216870974031259,0,0
2018-05-09,0.0,-1.3293436765660251,-0.6368127610445695,-0.8757581233532553,-0.453787539285502,-0.9818458599592736,-1.333390620566812,-1.5545329360645705,-2.0566053733015175,-3.0372502113037,-1.680206845627035,0.0,-0.13467360460197908,0.011994376477665103,-2.030158859538706,-2.9908768400069055,-3.5053287333565457,-4.240687210819544,-3.6659291838674894,-3.6933722146190187,-4.903159001047111,-4.564155714727171,0,0
2018-05-10,0.0,0.7145881510613497,0.47438678823784497,0.8901102548863353,0.3593712508446463,-0.00599423489271067,-0.23272574590894402,-0.7234520633858602,-1.7107693492067526,-0.3383607271732888,-0.621200602004814,0.0,0.14572863600690694,-1.8800507473646577,-2.8340378679070843,-3.3438545225762963,-4.073473839585503,-3.5036421935819546,-3.529883555217869,-4.730460866012789,-4.393721847343576,-4.555080061449275,0,0
2018-05-11,0.0,-0.2368335910106135,0.17746369313248422,-0.3458834390818626,-0.6998995063228628,-0.9211498508865699,-1.412269234507427,-2.384954377063505,-1.036069046398365,-1.3208344403869523,-1.4676641491455213,0.0,-2.019516601531003,-2.9694991627520535,-3.478293753188842,-4.205487104520167,-3.6370719066759114,-3.6642977422881753,-4.860630943251681,-4.525425626930876,-4.685980262360872,-9.698824001001654,0,0
2018-05-14,0.0,0.41287625163883884,-0.11052884590953849,-0.4666887232834671,-0.6887445845774545,-1.1774887443160038,-2.150577865577927,-0.8000610034059368,-1.0828864603055492,-1.227655354461346,-1.0829105227366826,0.0,-0.9827794967776975,-1.4932886104178213,-2.2365593584807053,-1.6623515355906893,-1.674997682462676,-2.901353269387453,-2.5528716432824297,-2.7207591098842547,-7.837165547809947,-10.798329504568043,0,0
2018-05-15,0.0,-0.5265948433615497,-0.8812112989504808,-1.1032421849527903,-1.5992523528182803,-2.5777489162053406,-1.2216171885693563,-1.5096452665526792,-1.6589617844518196,-1.5143550324203314,-3.565386600775477,0.0,-0.5151052480068571,-1.2718351843528992,-0.6905322271394779,-0.6960060024462589,-1.9463103488523086,-1.5886589316828243,-1.7614308841590431,-6.966943442379657,-9.989906455555335,-8.592494379382597,0,0
2018-05-16,0.0,-0.3593874470033065,-0.583204644117215,-1.0738652959080972,-2.0531957564492473,-0.6935107213526011,-0.9771780094436222,-1.121873211101524,-0.9759476586583538,-3.032087539621657,-3.9922086582088765,0.0,-0.757997389851143,-0.1774160109703587,-0.17909993070940564,-1.4323924878646517,-1.0726743114178654,-1.2466823317240145,-6.459095559059872,-9.491319485901077,-8.08591346738461,-7.953341132585164,0,0
2018-05-17,0.0,-0.22707953887892143,-0.7184530957772712,-1.7072060021098676,-0.3327742712739443,-0.615972499591144,-0.758762733502552,-0.6106030567378822,-2.68885895277242,-3.6620372488837374,-4.187959238021335,0.0,0.5835085705567407,0.5874422360798754,-0.6789213234637026,-0.3136556341088176,-0.49069816816169365,-5.749263623942789,-8.81612864388129,-7.389168723845477,-7.2607350694806865,-8.339651806525733,0,0
2018-05-18,0.0,-0.490684487346734,-1.4831324057687287,-0.10251542108030787,-0.384756733857734,-0.5260030794002093,-0.37676666377401036,-2.4642592585837924,-3.4434810427427673,-3.970838319659611,-4.722066959418563,0.0,-0.00037536590335129905,-1.2608584759859207,-0.8986563691700936,-1.0739480582959329,-6.3143461346799645,-9.364672695865162,-7.949590129340237,-7.817548771274005,-8.89931338576607,-4.033916459834924,0,0
2018-05-21,0.0,-0.9829813452488994,0.386678592892373,0.11137941408392393,-0.024138388661495647,0.12477760133767601,-1.945903656523154,-2.9208604785251184,-3.442069559740891,-4.187832710998354,-3.6053131537993455,0.0,-1.2512463362680326,-0.8916975622937618,-1.0657053118430129,-6.267697963046356,-9.295673306525096,-7.890957068727811,-7.759885982254639,-8.833718461169465,-4.003977824682054,-4.475304764284521,0,0
2018-05-22,0.0,1.3781804012055034,1.1106917335941229,0.9836623986730391,1.135254527030023,-0.9478134097363227,-1.9359368191271344,-2.4564128725634577,-3.207820888815016,-2.6242160624521693,-2.6439716794983257,0.0,0.36939369059074517,0.19003960599412895,-5.09764904548528,-8.18844295834014,-6.745462705196473,-6.621051469515935,-7.698260821067106,-2.786026409358151,-3.2639455811581897,-3.1862411998123807,0,0
2018-05-23,0.0,-0.2770873560239242,-0.4152882234915376,-0.26808415603249713,-2.3245989407645378,-3.29003817890347,-3.809176454897642,-4.54937792971563,-3.969912163257586,-3.999603154970041,-5.216870974031259,0.0,-0.17737532130239259,-5.427745104271503,-8.493005867750522,-7.064557626318435,-6.938488965028227,-8.012210721181656,-3.13548775219024,-3.6103709430675113,-3.536363049178161,-3.8681984092911543,0,0
2018-05-24,0.0,-0.13467360460197908,0.011994376477665103,-2.030158859538706,-2.9908768400069055,-3.5053287333565457,-4.240687210819544,-3.6659291838674894,-3.6933722146190187,-4.903159001047111,-4.564155714727171,0.0,-5.270800951446558,-8.349798934066605,-6.9136771545106015,-6.788351221422088,-7.864249608495625,-2.9681397046982365,-3.4447069096534833,-3.3688797370484096,-3.7021091081994664,-2.697777777962848,0,0
2018-05-25,0.0,0.14572863600690694,-1.8800507473646577,-2.8340378679070843,-3.3438545225762963,-4.073473839585503,-3.5036421935819546,-3.529883555217869,-4.730460866012789,-4.393721847343576,-4.555080061449275,0.0,-3.3229283242811265,-1.7331202496458358,-1.6389027063000068,-2.7173387639977764,2.4891965861452685,1.9888136634743017,2.117330494613744,1.760624082954956,2.841232279865183,1.9467868479773802,0,1
2018-05-29,0.0,-2.019516601531003,-2.9694991627520535,-3.478293753188842,-4.205487104520167,-3.6370719066759114,-3.6642977422881753,-4.860630943251681,-4.525425626930876,-4.685980262360872,-9.698824001001654,0.0,1.7085260920503127,1.7829257397207805,0.6918755037596522,6.158408939689771,5.637057002344994,5.802057411682338,5.426062926146551,6.568544909578471,5.63599635546351,5.18592382910364,0,1
2018-05-30,0.0,-0.9827794967776975,-1.4932886104178213,-2.2365593584807053,-1.6623515355906893,-1.674997682462676,-2.901353269387453,-2.5528716432824297,-2.7207591098842547,-7.837165547809947,-10.798329504568043,0.0,0.08366201262883122,-0.9937115766069302,4.3072697369285065,3.7998197226551125,3.945704699713553,3.5817898448323007,4.685956986293778,3.7785686174285757,3.3385580396801884,3.488498029014434,0,1
2018-05-31,0.0,-0.5151052480068571,-1.2718351843528992,-0.6905322271394779,-0.6960060024462589,-1.9463103488523086,-1.5886589316828243,-1.7614308841590431,-6.966943442379657,-9.989906455555335,-8.592494379382597,0.0,-1.084836861584125,4.247991575206648,3.7373963806529082,3.8834355650759873,3.517369828992069,4.627980511298947,3.714983105999908,3.2721465012602247,3.4233471787133394,3.132105406763353,0,1
2018-06-01,0.0,-0.757997389851143,-0.1774160109703587,-0.17909993070940564,-1.4323924878646517,-1.0726743114178654,-1.2466823317240145,-6.459095559059872,-9.491319485901077,-8.08591346738461,-7.953341132585164,0.0,5.337683470525743,4.8278543284192095,4.983235795791476,4.616384908134275,5.730430058902845,4.818611640930666,4.377699473054365,4.524448911226951,4.235928825289999,3.5989622995531283,0,1
2018-06-04,0.0,0.5835085705567407,0.5874422360798754,-0.6789213234637026,-0.3136556341088176,-0.49069816816169365,-5.749263623942789,-8.81612864388129,-7.389168723845477,-7.2607350694806865,-8.339651806525733,0.0,-0.4854906062036674,-0.3818666122560026,-0.7250165928541779,0.3121915613711459,-0.5552131250768315,-0.980920057080759,-0.8215861311480075,-1.1069278381684038,-1.703858701118088,-1.7378467200835606,0,0
2018-06-05,0.0,-0.00037536590335129905,-1.2608584759859207,-0.8986563691700936,-1.0739480582959329,-6.3143461346799645,-9.364672695865162,-7.949590129340237,-7.817548771274005,-8.89931338576607,-4.033916459834924,0.0,0.10823279897735016,-0.23669914944484083,0.806369658978686,-0.06412504043470468,-0.49074681972677336,-0.3327384980825756,-0.6180532954332211,-1.2179750672761696,-1.2531529592541264,-1.550048538027215,0,0
2018-06-06,0.0,-1.2512463362680326,-0.8916975622937618,-1.0657053118430129,-6.267697963046356,-9.295673306525096,-7.890957068727811,-7.759885982254639,-8.833718461169465,-4.003977824682054,-4.475304764284521,0.0,-0.341558703794551,0.6912061289434738,-0.17108366295181274,-0.5938155459967704,-0.43688353617387327,-0.7197366987905636,-1.3138152917762076,-1.3484284529208712,-1.6420549342509936,-2.685821423838192,0,0
2018-06-07,0.0,0.36939369059074517,0.19003960599412895,-5.09764904548528,-8.18844295834014,-6.745462705196473,-6.621051469515935,-7.698260821067106,-2.786026409358151,-3.2639455811581897,-3.1862411998123807,0.0,1.038119713956269,0.1726217773255293,-0.2512626852493221,-0.09506896981109636,-0.3782458071147335,-0.9751383524127407,-1.0106267050646103,-1.3068524368116021,-2.354361745782345,-3.1897010606158833,0,0
2018-06-08,0.0,-0.17737532130239259,-5.427745104271503,-8.493005867750522,-7.064557626318435,-6.938488965028227,-8.012210721181656,-3.13548775219024,-3.6103709430675113,-3.536363049178161,-3.8681984092911543,0.0,-0.8550580275387426,-1.2750809742764415,-1.116833361481325,-1.3987647482527545,-1.986659352473508,-2.019496495092804,-2.3076611204282615,-3.342953536038864,-4.160687986303369,-4.613804339731188,0,0
2018-06-11,0.0,-5.270800951446558,-8.349798934066605,-6.9136771545106015,-6.788351221422088,-7.864249608495625,-2.9681397046982365,-3.4447069096534833,-3.3688797370484096,-3.7021091081994664,-2.697777777962848,0.0,-0.42168726158935776,-0.2657213060687227,-0.547653594825725,-1.140856301142979,-1.175771105305126,-1.469563891253327,-2.5111958877086917,-3.3405324778856746,-3.7954790717846976,-4.815657296829222,0,0
2018-06-12,0.0,-3.3229283242811265,-1.7331202496458358,-1.6389027063000068,-2.7173387639977764,2.4891965861452685,1.9888136634743017,2.117330494613744,1.760624082954956,2.841232279865183,1.9467868479773802,0.0,0.15465071528136978,-0.12694005976842618,-0.7220429738821124,-0.7579408187418493,-1.054154928795307,-2.0976522942668074,-2.931708982163536,-3.3870070456120116,-4.415450236704464,-5.0200464359474175,1,0
2018-06-13,0.0,1.7085260920503127,1.7829257397207805,0.6918755037596522,6.158408939689771,5.637057002344994,5.802057411682338,5.426062926146551,6.568544909578471,5.63599635546351,5.18592382910364,0.0,-0.2826739261138852,-0.8790980614423887,-0.9147550374932825,-1.2110821257103854,-2.2574375978189227,-3.092586739063181,-3.5493025502080613,-4.5781903304484945,-5.184624001510433,-4.210275898818436,1,0
2018-06-14,0.0,0.08366201262883122,-0.9937115766069302,4.3072697369285065,3.7998197226551125,3.945704699713553,3.5817898448323007,4.685956986293778,3.7785686174285757,3.3385580396801884,3.488498029014434,0.0,-0.5969236647540627,-0.6331939132181553,-0.93076043248479,-1.97700700034919,-2.814237448242501,-3.2705952235535354,-4.303691058055341,-4.909731463534169,-3.9374182834513833,-2.9146226695594883,1,0
2018-06-15,0.0,-1.084836861584125,4.247991575206648,3.7373963806529082,3.8834355650759873,3.517369828992069,4.627980511298947,3.714983105999908,3.2721465012602247,3.4233471787133394,3.132105406763353,0.0,-0.03780349246729059,-0.3398769572683471,-1.3924614886979136,-2.239379765224241,-2.697841029062804,-3.7463818704545364,-4.355390685677709,-3.381303764066925,-2.3477050609355508,-1.6705681482920416,1,0
2018-06-18,0.0,5.337683470525743,4.8278543284192095,4.983235795791476,4.616384908134275,5.730430058902845,4.818611640930666,4.377699473054365,4.524448911226951,4.235928825289999,3.5989622995531283,0.0,-0.3029842854016166,-1.358146650058228,-2.207430999140955,-2.6669732526951275,-3.718663007021518,-4.329118865334321,-3.352906679913544,-2.316485274531896,-1.637620296963479,-0.2766058091870287,1,0
2018-06-19,0.0,-0.4854906062036674,-0.3818666122560026,-0.7250165928541779,0.3121915613711459,-0.5552131250768315,-0.980920057080759,-0.8215861311480075,-1.1069278381684038,-1.703858701118088,-1.7378467200835606,0.0,-1.0621351081091772,-1.9193917803949265,-2.381632816373058,-3.4449692968879706,-4.059099822202073,-3.07854119734936,-2.032915355092037,-1.3490006244173487,0.02260278239478697,0.5109122964810873,0,0
2018-06-20,0.0,0.10823279897735016,-0.23669914944484083,0.806369658978686,-0.06412504043470468,-0.49074681972677336,-0.3327384980825756,-0.6180532954332211,-1.2179750672761696,-1.2531529592541264,-1.550048538027215,0.0,-0.8717631714332983,-1.3361766818063183,-2.4237141692299096,-3.041045581802889,-2.0607460962908695,-0.9992611976824122,-0.3084007770369315,1.0787620822149482,1.566236964091284,2.178732198100165,0,1
2018-06-21,0.0,-0.341558703794551,0.6912061289434738,-0.17108366295181274,-0.5938155459967704,-0.43688353617387327,-0.7197366987905636,-1.3138152917762076,-1.3484284529208712,-1.6420549342509936,-2.685821423838192,0.0,-0.46986803345989714,-1.5862080476605573,-2.2110525606847484,-1.2233025829612485,-0.14021482225850623,0.5618743732338349,1.9729362595273312,2.4635241721621073,3.0929154490004827,2.680523148285797,0,1
2018-06-22,0.0,1.038119713956269,0.1726217773255293,-0.2512626852493221,-0.09506896981109636,-0.3782458071147335,-0.9751383524127407,-1.0106267050646103,-1.3068524368116021,-2.354361745782345,-3.1897010606158833,0.0,-1.125982924785443,-1.7515804555654269,-0.7650280939313725,0.3239938902122943,1.0284327601236951,2.4449353349819836,2.934611502663126,3.569794016232099,3.1601984518928834,3.1050105473738956,0,1
2018-06-25,0.0,-0.8550580275387426,-1.2750809742764415,-1.116833361481325,-1.3987647482527545,-1.986659352473508,-2.019496495092804,-2.3076611204282615,-3.342953536038864,-4.160687986303369,-4.613804339731188,0.0,-0.6390823669596638,0.36279159726864485,1.4868090365432187,2.210174540948627,3.6665192788555565,4.163009612007714,4.824410005600753,4.414183596568877,4.367930932426876,4.988807956517672,0,1
2018-06-26,0.0,-0.42168726158935776,-0.2657213060687227,-0.547653594825725,-1.140856301142979,-1.175771105305126,-1.469563891253327,-2.5111958877086917,-3.3405324778856746,-3.7954790717846976,-4.815657296829222,0.0,1.000563678935092,2.1332374859333956,2.86012942001349,4.324561934225642,4.819960123913075,5.489653513982039,5.08317268476233,5.042464338752468,5.668230491852729,5.198644996935588,0,1
2018-06-27,0.0,0.15465071528136978,-0.12694005976842618,-0.7220429738821124,-0.7579408187418493,-1.054154928795307,-2.0976522942668074,-2.931708982163536,-3.3870070456120116,-4.415450236704464,-5.0200464359474175,0.0,1.1249153111463575,1.850027639212997,3.3093242719738223,3.809022038703275,4.469121358581347,4.054619057255072,4.004955518945776,4.626266986568328,4.164674223998926,5.288300129958818,0,1
2018-06-28,0.0,-0.2826739261138852,-0.8790980614423887,-0.9147550374932825,-1.2110821257103854,-2.2574375978189227,-3.092586739063181,-3.5493025502080613,-4.5781903304484945,-5.184624001510433,-4.210275898818436,0.0,0.7118531240837989,2.1427583555025893,2.6393876041296345,3.2786591578182485,2.8618096196969636,2.8030854245149204,3.4098181093458573,2.964199671546543,4.058699770659217,4.585180872225439,0,1
2018-06-29,0.0,-0.5969236647540627,-0.6331939132181553,-0.93076043248479,-1.97700700034919,-2.814237448242501,-3.2705952235535354,-4.303691058055341,-4.909731463534169,-3.9374182834513833,-2.9146226695594883,0.0,1.4175553059548427,1.9138081947385126,2.542006353105619,2.1223842137934046,2.057792366081637,2.6572706959322865,2.220284603205041,3.299924913878355,3.8215067044673043,3.394024261490709,0,1
2018-07-02,0.0,-0.03780349246729059,-0.3398769572683471,-1.3924614886979136,-2.239379765224241,-2.697841029062804,-3.7463818704545364,-4.355390685677709,-3.381303764066925,-2.3477050609355508,-1.6705681482920416,0.0,0.4947350626810656,1.1003306206294663,0.6759597865101783,0.6000184910274533,1.1843928531863157,0.7649435476180033,1.813879088902738,2.325076009667341,1.9063118443177753,2.4984896888747077,0,1
2018-07-03,0.0,-0.3029842854016166,-1.358146650058228,-2.207430999140955,-2.6669732526951275,-3.718663007021518,-4.329118865334321,-3.352906679913544,-2.316485274531896,-1.637620296963479,-0.2766058091870287,0.0,0.6013305440974703,0.1727275498130545,0.09234624340773356,0.6749573242102977,0.2591220576318203,1.303632145114903,1.8142783882462052,1.3960393921803944,1.9861895677929802,2.445391479572546,0,1
2018-07-05,0.0,-1.0621351081091772,-1.9193917803949265,-2.381632816373058,-3.4449692968879706,-4.059099822202073,-3.07854119734936,-2.032915355092037,-1.3490006244173487,0.02260278239478697,0.5109122964810873,0.0,-0.4274477312169209,-0.5119430524763928,0.060170772866110056,-0.3453745258112677,0.6788144817298876,1.1814416188164465,0.7698586392850655,1.349088812203358,1.800353063833195,2.2911995074598313,0,1
2018-07-06,0.0,-0.8717631714332983,-1.3361766818063183,-2.4237141692299096,-3.041045581802889,-2.0607460962908695,-0.9992611976824122,-0.3084007770369315,1.0787620822149482,1.566236964091284,2.178732198100165,0.0,-0.0803857886791155,0.4908228130069707,0.08391949593090964,1.107561243400515,1.6085485729085724,1.198245576621426,1.7767643454504212,2.227074378047986,2.71414793705797,2.654935688677691,1,1
2018-07-09,0.0,-0.46986803345989714,-1.5862080476605573,-2.2110525606847484,-1.2233025829612485,-0.14021482225850623,0.5618743732338349,1.9729362595273312,2.4635241721621073,3.0929154490004827,2.680523148285797,0.0,0.5669414271345251,0.16270746017851467,1.17890095669284,1.6759892667579415,1.2688678727386895,1.8431028427950966,2.2900043725275143,2.7728843016158238,2.7140669191918665,3.3008860589206837,1,1
2018-07-10,0.0,-1.125982924785443,-1.7515804555654269,-0.7650280939313725,0.3239938902122943,1.0284327601236951,2.4449353349819836,2.934611502663126,3.569794016232099,3.1601984518928834,3.1050105473738956,0.0,-0.39658610899571056,0.6055204404436159,1.0974979181422253,0.6946441391296518,1.2614405150118475,1.7030725718070343,2.183815805348812,2.126066173437081,2.7065332411086183,1.3437368030358994,1,1
2018-07-11,0.0,-0.6390823669596638,0.36279159726864485,1.4868090365432187,2.210174540948627,3.6665192788555565,4.163009612007714,4.824410005600753,4.414183596568877,4.367930932426876,4.988807956517672,0.0,1.0168224192197908,1.5147386374182163,1.1069630790269116,1.6817059284692288,2.1291545998710784,2.6136653412731805,2.554885325891955,3.1425886829812564,1.7664910885898468,2.387806158746351,1,1
2018-07-12,0.0,1.000563678935092,2.1332374859333956,2.86012942001349,4.324561934225642,4.819960123913075,5.489653513982039,5.08317268476233,5.042464338752468,5.668230491852729,5.198644996935588,0.0,0.4875948631686619,0.08841721460831178,0.6485236335981899,1.0855002049948177,1.5649847936025671,1.5082446856326506,2.0832001229671673,0.7278653243905252,1.3284903707751756,0.3874817216581701,1,1
2018-07-13,0.0,1.1249153111463575,1.850027639212997,3.3093242719738223,3.809022038703275,4.469121358581347,4.054619057255072,4.004955518945776,4.626266986568328,4.164674223998926,5.288300129958818,0.0,-0.3963161981365036,0.15855032446541423,0.5918897255001094,1.070461634580611,1.0145176665479425,1.5851783235956547,0.23554497678416741,0.8281726764980812,-0.10577200192072578,-0.9500781242755536,1,0
2018-07-16,0.0,0.7118531240837989,2.1427583555025893,2.6393876041296345,3.2786591578182485,2.8618096196969636,2.8030854245149204,3.4098181093458573,2.964199671546543,4.058699770659217,4.585180872225439,0.0,0.5592326604321352,0.995609798289817,1.4749982189697892,1.4183950283838074,1.9926513033254272,0.6381578178545125,1.2374120059376277,0.29755401001089066,-0.5536376266048969,-1.5605895344352383,1,0
2018-07-17,0.0,1.4175553059548427,1.9138081947385126,2.542006353105619,2.1223842137934046,2.057792366081637,2.6572706959322865,2.220284603205041,3.299924913878355,3.8215067044673043,3.394024261490709,0.0,0.43104551634603727,0.908085974942197,0.852543552242782,1.4203431688334722,0.07603814324607444,0.6645530123180088,-0.2646979441632328,-1.1041531006911853,-2.098365807295883,-2.3198622442975623,1,0
2018-07-18,0.0,0.4947350626810656,1.1003306206294663,0.6759597865101783,0.6000184910274533,1.1843928531863157,0.7649435476180033,1.813879088902738,2.325076009667341,1.9063118443177753,2.4984896888747077,0.0,0.47566635688204373,0.42088562657798023,0.9842513192830391,-0.3534519380923852,0.22737455537777707,-0.6945892102925665,-1.525815000376381,-2.5111683887653125,-2.733323073939642,-1.308939923599671,1,0
2018-07-19,0.0,0.6013305440974703,0.1727275498130545,0.09234624340773356,0.6749573242102977,0.2591220576318203,1.303632145114903,1.8142783882462052,1.3960393921803944,1.9861895677929802,2.445391479572546,0.0,-0.05428595761718666,0.5077545706464941,-0.8311487873497648,-0.25513910349624314,-1.1748999385489456,-2.002302674019699,-2.984115957307793,-3.2084123175141186,-1.7846764392532455,-2.0379715447031295,1,0
2018-07-20,0.0,-0.4274477312169209,-0.5119430524763928,0.060170772866110056,-0.3453745258112677,0.6788144817298876,1.1814416188164465,0.7698586392850655,1.349088812203358,1.800353063833195,2.2911995074598313,0.0,0.5629798845442195,-0.777662770230983,-0.20029468910501436,-1.1215966787771703,-1.9505964710405999,-2.934190860634737,-3.1585565740071497,-1.7327511496763397,-1.9861556217380871,-2.1101098128595783,1,0
2018-07-23,0.0,-0.0803857886791155,0.4908228130069707,0.08391949593090964,1.107561243400515,1.6085485729085724,1.198245576621426,1.7767643454504212,2.227074378047986,2.71414793705797,2.654935688677691,0.0,-1.333376756192052,-0.7653987666012505,-1.6781535469138944,-2.497301584663452,-3.4703760551457785,-3.6958040197427358,-2.2799840843641683,-2.534269385692851,-2.6599186812305455,-2.447757336619584,1,0
2018-07-24,0.0,0.5669414271345251,0.16270746017851467,1.17890095669284,1.6759892667579415,1.2688678727386895,1.8431028427950966,2.2900043725275143,2.7728843016158238,2.7140669191918665,3.3008860589206837,0.0,0.5851182909474937,-0.3396256843906458,-1.174718915519183,-2.163922077834485,-2.384766817244028,-0.9581302230731854,-1.2080002154993037,-1.328472473199132,-1.1096887410480585,-1.1880713072294453,1,0
2018-07-25,0.0,-0.39658610899571056,0.6055204404436159,1.0974979181422253,0.6946441391296518,1.2614405150118475,1.7030725718070343,2.183815805348812,2.126066173437081,2.7065332411086183,1.3437368030358994,0.0,-0.909372075640531,-1.728390670061845,-2.699734894317223,-2.9200990647895333,-1.5138869036639577,-1.7628831319873077,-1.8842401623039868,-1.6707153423038648,-1.7495737501104947,0.44132515724755306,1,0
2018-07-26,0.0,1.0168224192197908,1.5147386374182163,1.1069630790269116,1.6817059284692288,2.1291545998710784,2.6136653412731805,2.554885325891955,3.1425886829812564,1.7664910885898468,2.387806158746351,0.0,-0.8351126740598749,-1.823642167373871,-2.0422699278392025,-0.6197472475933036,-0.8673033936806267,-0.9858903324287097,-0.766484123796042,-0.8436988761445636,1.3738496946440701,-0.4770506351721267,1,0
2018-07-27,0.0,0.4875948631686619,0.08841721460831178,0.6485236335981899,1.0855002049948177,1.5649847936025671,1.5082446856326506,2.0832001229671673,0.7278653243905252,1.3284903707751756,0.3874817216581701,0.0,-1.0083730798366308,-1.2261934424864136,0.21698379301659104,-0.030151801542264156,-0.14658517674786664,0.07916510898879103,0.0032024330579336624,2.254097154444933,0.3739367957296542,-0.24513744967826268,1,1
2018-07-30,0.0,-0.3963161981365036,0.15855032446541423,0.5918897255001094,1.070461634580611,1.0145176665479425,1.5851783235956547,0.23554497678416741,0.8281726764980812,-0.10577200192072578,-0.9500781242755536,0.0,-0.21632080107943757,1.2490100120520398,1.0029643371956218,0.8894574595570106,1.1225147953203274,1.0482726806944185,3.3351163566885536,1.4231928152849151,0.78673446555543,-0.5950542540537282,0,1
2018-07-31,0.0,0.5592326604321352,0.995609798289817,1.4749982189697892,1.4183950283838074,1.9926513033254272,0.6381578178545125,1.2374120059376277,0.29755401001089066,-0.5536376266048969,-1.5605895344352383,0.0,1.4611292697754426,1.2168130902717267,1.1046200805803017,1.3378147034063181,1.2643907423354015,3.544970166104629,1.6379202509518216,1.001634308622969,-0.37727349204389554,1.3072811029850469,0,1
2018-08-01,0.0,0.43104551634603727,0.908085974942197,0.852543552242782,1.4203431688334722,0.07603814324607444,0.6645530123180088,-0.2646979441632328,-1.1041531006911853,-2.098365807295883,-2.3198622442975623,0.0,-0.2481467670246898,-0.365565475689666,-0.14064267128977326,-0.2172083870066701,2.0332201192455552,0.1538151698315786,-0.4635496433846364,-1.8181791305941921,-0.1654180235945184,0.5554139188550269,0,1
2018-08-02,0.0,0.47566635688204373,0.42088562657798023,0.9842513192830391,-0.3534519380923852,0.22737455537777707,-0.6945892102925665,-1.525815000376381,-2.5111683887653125,-2.733323073939642,-1.308939923599671,0.0,-0.11598269462939598,0.10927144584229997,0.033597309200319225,2.2784713218817023,0.4032895453406773,-0.21434690814817897,-1.5666662103635445,0.08364243605574723,0.8008259279271464,0.2784991841533224,0,1
2018-08-03,0.0,-0.05428595761718666,0.5077545706464941,-0.8311487873497648,-0.25513910349624314,-1.1748999385489456,-2.002302674019699,-2.984115957307793,-3.2084123175141186,-1.7846764392532455,-2.0379715447031295,0.0,0.2248809483298393,0.14979714562789348,2.3868458586042673,0.5180075494953482,-0.09831036397594028,-1.4463959253346603,0.1989161053267797,0.9127308141353231,0.3931259651028535,0.7783703911189156,0,1
2018-08-06,0.0,0.5629798845442195,-0.777662770230983,-0.20029468910501436,-1.1215966787771703,-1.9505964710405999,-2.934190860634737,-3.1585565740071497,-1.7327511496763397,-1.9861556217380871,-2.1101098128595783,0.0,-0.07528324059216288,2.1489529065432147,0.29119057210975313,-0.3199888606863006,-1.659427580132483,-0.02499653291831322,0.6864045917885042,0.16803863375564956,0.5503259890272222,0.664276272281174,0,1
2018-08-07,0.0,-1.333376756192052,-0.7653987666012505,-1.6781535469138944,-2.497301584663452,-3.4703760551457785,-3.6958040197427358,-2.2799840843641683,-2.534269385692851,-2.6599186812305455,-2.447757336619584,0.0,2.2196187872779305,0.3655882931829375,-0.24486132899986102,-1.5818296478103826,0.04969679577075403,0.7590599676180644,0.24235213140201967,0.6240973792548661,0.7379939997645618,1.128389838139235,0,1
2018-08-08,0.0,0.5851182909474937,-0.3396256843906458,-1.174718915519183,-2.163922077834485,-2.384766817244028,-0.9581302230731854,-1.2080002154993037,-1.328472473199132,-1.1096887410480585,-1.1880713072294453,0.0,-1.8111060736495332,-2.3930246504983645,-3.692670983719364,-2.1098656840729437,-1.3993183624066075,-1.9219001355503535,-1.555523077031255,-1.449330658277786,-1.0718056980103694,-0.7734574505879354,0,0
2018-08-09,0.0,-0.909372075640531,-1.728390670061845,-2.699734894317223,-2.9200990647895333,-1.5138869036639577,-1.7628831319873077,-1.8842401623039868,-1.6707153423038648,-1.7495737501104947,0.44132515724755306,0.0,-0.6066645334344197,-1.9395766070287361,-0.3135344630176931,0.3972071912288262,-0.1213478373468681,0.2584465689780698,0.3712364187478454,0.7601159316189734,1.0636761461623598,1.4395948017787747,0,0
2018-08-10,0.0,-0.8351126740598749,-1.823642167373871,-2.0422699278392025,-0.6197472475933036,-0.8673033936806267,-0.9858903324287097,-0.766484123796042,-0.8436988761445636,1.3738496946440701,-0.4770506351721267,0.0,-1.3531779742543595,0.29849470289738533,1.014044852420918,0.49340667640680375,0.880322123609509,0.9961200035162089,1.3914759544761808,1.698843360483442,2.078732797369373,2.649945587803533,0,1
2018-08-13,0.0,-1.0083730798366308,-1.2261934424864136,0.21698379301659104,-0.030151801542264156,-0.14658517674786664,0.07916510898879103,0.0032024330579336624,2.254097154444933,0.3739367957296542,-0.24513744967826268,0.0,1.6899565485039547,2.407742251173716,1.8887041540109477,2.2871338312429845,2.408376408872824,2.8136743159904922,3.125972125996613,3.5102805468522855,4.100333876976612,3.4726312365538807,1,1
2018-08-14,0.0,-0.21632080107943757,1.2490100120520398,1.0029643371956218,0.8894574595570106,1.1225147953203274,1.0482726806944185,3.3351163566885536,1.4231928152849151,0.78673446555543,-0.5950542540537282,0.0,0.7140047037057068,0.193799850871699,0.577672228607995,0.6921312523139556,1.0847683319986745,1.3906214912336363,1.7689981263417562,2.335323846993737,1.7090844048824492,2.0166469909055853,1,1
2018-08-15,0.0,1.4611292697754426,1.2168130902717267,1.1046200805803017,1.3378147034063181,1.2643907423354015,3.544970166104629,1.6379202509518216,1.001634308622969,-0.37727349204389554,1.3072811029850469,0.0,-0.5261024690574589,-0.14444523151625022,-0.031687252297821766,0.3596334489922841,0.6659169271817347,1.045695250449291,1.60779409290313,0.9756763878252332,1.2831834660474497,1.9452968506015407,1,0
2018-08-16,0.0,-0.2481467670246898,-0.365565475689666,-0.14064267128977326,-0.2172083870066701,2.0332201192455552,0.1538151698315786,-0.4635496433846364,-1.8181791305941921,-0.1654180235945184,0.5554139188550269,0.0,0.3823890002064785,0.4961262532029279,0.8875010596949078,1.1927619265522078,1.570639311025456,2.134519071148791,1.5081502158718458,1.8149860698956268,2.478395404360138,2.3795587666468845,1,1
2018-08-17,0.0,-0.11598269462939598,0.10927144584229997,0.033597309200319225,2.2784713218817023,0.4032895453406773,-0.21434690814817897,-1.5666662103635445,0.08364243605574723,0.8008259279271464,0.2784991841533224,0.0,0.11200828187537376,0.4998185004110027,0.803064997038497,1.1789056190757,1.7364247218410256,1.1115633989676772,1.4161179469009197,2.072618849558736,1.976203390793921,2.4546663887211757,1,1
2018-08-20,0.0,0.2248809483298393,0.14979714562789348,2.3868458586042673,0.5180075494953482,-0.09831036397594028,-1.4463959253346603,0.1989161053267797,0.9127308141353231,0.3931259651028535,0.7783703911189156,0.0,0.386208219710522,0.6884271018876491,1.063127999087884,1.6179841121921652,0.9944706239867775,1.297917929950838,1.9514523729743685,1.8558821390011766,2.3326382632539717,2.0672544030314177,1,1
2018-08-21,0.0,-0.07528324059216288,2.1489529065432147,0.29119057210975313,-0.3199888606863006,-1.659427580132483,-0.02499653291831322,0.6864045917885042,0.16803863375564956,0.5503259890272222,0.664276272281174,0.0,0.3005899672049593,0.6737308275381434,1.2229407437706248,0.6001462994288018,0.9016999809437463,1.5491660284378475,1.4558905330301324,1.9297835497791291,1.666608001437278,1.2246031996105833,1,0
2018-08-22,0.0,2.2196187872779305,0.3655882931829375,-0.24486132899986102,-1.5818296478103826,0.04969679577075403,0.7590599676180644,0.24235213140201967,0.6240973792548661,0.7379939997645618,1.128389838139235,0.0,0.3726773880832954,0.9186035089404002,0.2951189383450499,0.5958065722917705,1.2398579235005227,1.1481775198536242,1.6207970860881435,1.3588089078103982,0.918804393997694,2.1468918724857478,1,1
2018-08-23,0.0,-1.8111060736495332,-2.3930246504983645,-3.692670983719364,-2.1098656840729437,-1.3993183624066075,-1.9219001355503535,-1.555523077031255,-1.449330658277786,-1.0718056980103694,-0.7734574505879354,0.0,0.542511664596058,-0.08257683908246971,0.21739844110619155,0.8579909127561485,0.7681773847630322,1.2397860947265265,0.9789549813216061,0.5409013238371052,1.7678674943383648,1.2798480990251986,0,0
2018-08-24,0.0,-0.6066645334344197,-1.9395766070287361,-0.3135344630176931,0.3972071912288262,-0.1213478373468681,0.2584465689780698,0.3712364187478454,0.7601159316189734,1.0636761461623598,1.4395948017787747,0.0,-0.6220194631762417,-0.3256365324151652,0.3045134442975663,0.2181403192307948,0.6842572793696537,0.4273186746047214,-0.004186799141429998,1.210649176873068,0.7294256714931407,0.06014479876437187,0,0
2018-08-27,0.0,-1.3531779742543595,0.29849470289738533,1.014044852420918,0.49340667640680375,0.880322123609509,0.9961200035162089,1.3914759544761808,1.698843360483442,2.078732797369373,2.649945587803533,0.0,0.29612098808288095,0.9289006563244353,0.839884415000898,1.30541003738662,1.0478142831930173,0.6151926164836659,1.8260072301946821,1.3441147117465273,0.67697161250183,0.6062926295664144,1,0
2018-08-28,0.0,1.6899565485039547,2.407742251173716,1.8887041540109477,2.2871338312429845,2.408376408872824,2.8136743159904922,3.125972125996613,3.5102805468522855,4.100333876976612,3.4726312365538807,0.0,0.6290591856525742,0.5416447289056852,1.0056315760291084,0.7493542784062449,0.31895285387342154,1.5269432635648938,1.0472513977899212,0.38170137548778255,0.31015387355502116,1.8069140059046154,1,0
2018-08-29,0.0,0.7140047037057068,0.193799850871699,0.577672228607995,0.6921312523139556,1.0847683319986745,1.3906214912336363,1.7689981263417562,2.335323846993737,1.7090844048824492,2.0166469909055853,0.0,-0.08362468812679758,0.37478072978137345,0.12256421453709321,-0.30100490615652065,0.8949213828540987,0.4222726617446564,-0.23655319475433645,-0.30954812272271703,1.16925580023426,1.8744655384954405,1,0
2018-08-30,0.0,-0.5261024690574589,-0.14444523151625022,-0.031687252297821766,0.3596334489922841,0.6659169271817347,1.045695250449291,1.60779409290313,0.9756763878252332,1.2831834660474497,1.9452968506015407,0.0,0.4608437320571252,0.20715277333710766,-0.21889421042345614,0.9830581481816268,0.507722417560138,-0.15443363996965298,-0.22750323865875322,1.25915999959216,1.9685456389693772,1.8527246941940267,0,0
2018-08-31,0.0,0.3823890002064785,0.4961262532029279,0.8875010596949078,1.1927619265522078,1.570639311025456,2.134519071148791,1.5081502158718458,1.8149860698956268,2.478395404360138,2.3795587666468845,0.0,-0.2517346188709357,-0.6744868584615642,0.5234593903084004,0.05137447364922354,-0.6085173799528641,-0.6829429793119431,0.7965396011811068,1.500164285935861,1.384763606293833,2.2497869709544176,1,1
2018-09-04,0.0,0.11200828187537376,0.4998185004110027,0.803064997038497,1.1789056190757,1.7364247218410256,1.1115633989676772,1.4161179469009197,2.072618849558736,1.976203390793921,2.4546663887211757,0.0,-0.42523180969396707,0.7768121333296214,0.3021936814911673,-0.3599869511696957,-0.43378533219137805,1.0519849019198826,1.7598888729584339,1.6440745814129023,2.5113096732660045,2.097142396813542,1,1
2018-09-05,0.0,0.386208219710522,0.6884271018876491,1.063127999087884,1.6179841121921652,0.9944706239867775,1.297917929950838,1.9514523729743685,1.8558821390011766,2.3326382632539717,2.0672544030314177,0.0,1.2090210479656087,0.7300857474275371,0.06400792867501298,-0.00871959263454827,1.487760605848926,2.202957037079785,2.0864384304008383,2.957436950941886,2.542626234232636,2.9384350781540816,1,1
2018-09-06,0.0,0.3005899672049593,0.6737308275381434,1.2229407437706248,0.6001462994288018,0.9016999809437463,1.5491660284378475,1.4558905330301324,1.9297835497791291,1.666608001437278,1.2246031996105833,0.0,-0.47227431407378706,-1.1350491355994747,-1.2116504041313436,0.2718792135807625,0.974734541274903,0.8588576059819121,1.7293082668810462,1.311507416593853,1.7024881436819608,2.561720123082225,0,1
2018-09-07,0.0,0.3726773880832954,0.9186035089404002,0.2951189383450499,0.5958065722917705,1.2398579235005227,1.1481775198536242,1.6207970860881435,1.3588089078103982,0.918804393997694,2.1468918724857478,0.0,-0.6665014392829789,-0.7418557891295122,0.7522061716123104,1.4624977941714068,1.345944006983921,2.2197948347498,1.8016444209078661,2.195958760931412,3.064967943286561,4.832066685946119,1,1
2018-09-10,0.0,0.542511664596058,-0.08257683908246971,0.21739844110619155,0.8579909127561485,0.7681773847630322,1.2397860947265265,0.9789549813216061,0.5409013238371052,1.7678674943383648,1.2798480990251986,0.0,-0.07321074947299366,1.4282475560617924,2.1454934816072324,2.0285676222030027,2.9028380997376253,2.4862949172706026,2.8833452700136872,3.7618240702424925,5.5371358517108344,3.6226495140163077,0,1
2018-09-11,0.0,-0.6220194631762417,-0.3256365324151652,0.3045134442975663,0.2181403192307948,0.6842572793696537,0.4273186746047214,-0.004186799141429998,1.210649176873068,0.7294256714931407,0.06014479876437187,0.0,1.496981894390873,2.212462699710602,2.095907688774487,2.9671475319748493,2.552245458055625,2.9481971681031895,3.8246179306684103,5.594578759739827,3.6855730934994826,4.372814106173022,0,1
2018-09-12,0.0,0.29612098808288095,0.9289006563244353,0.839884415000898,1.30541003738662,1.0478142831930173,0.6151926164836659,1.8260072301946821,1.3441147117465273,0.67697161250183,0.6062926295664144,0.0,0.6968924504363079,0.5816885414798982,1.448034466404094,1.031479730634515,1.4195968459894959,2.2711517204242684,4.014945978093,2.1400136034790767,2.8188251156656747,2.494476257242934,0,1
2018-09-13,0.0,0.6290591856525742,0.5416447289056852,1.0056315760291084,0.7493542784062449,0.31895285387342154,1.5269432635648938,1.0472513977899212,0.38170137548778255,0.31015387355502116,1.8069140059046154,0.0,-0.11399926479028238,0.7456969349191798,0.33050695488088944,0.7130638617222461,1.5489075235998024,3.271852847551226,1.4220542468069914,2.0935533719141466,1.7754034801458556,0.9477973608847985,0,1
2018-09-14,0.0,-0.08362468812679758,0.37478072978137345,0.12256421453709321,-0.30100490615652065,0.8949213828540987,0.4222726617446564,-0.23655319475433645,-0.30954812272271703,1.16925580023426,1.8744655384954405,0.0,0.8598045658083313,0.4448645203127571,0.827895400711527,1.6653577934100747,3.3897514891660157,1.5379477919395022,2.2098782912307384,1.8910764508606441,1.0630696308035281,0.8366262690708768,0,1
2018-09-17,0.0,0.4608437320571252,0.20715277333710766,-0.21889421042345614,0.9830581481816268,0.507722417560138,-0.15443363996965298,-0.22750323865875322,1.25915999959216,1.9685456389693772,1.8527246941940267,0.0,-0.4182896325159294,-0.03749527567785327,0.7906730899669674,2.5101810273580174,0.6670245740736951,1.3380569725037703,1.023063369035897,0.1951736585495173,-0.03058008933517642,0.001103485346116484,0,1
2018-09-18,0.0,-0.2517346188709357,-0.6744868584615642,0.5234593903084004,0.05137447364922354,-0.6085173799528641,-0.6829429793119431,0.7965396011811068,1.500164285935861,1.384763606293833,2.2497869709544176,0.0,0.3808668346955346,1.211333916706344,2.9286493578890993,1.086194857120518,1.7558841858347012,1.4398841953013308,0.6141304414197575,0.3886412670874199,0.4218136029368157,-0.03366212492656695,1,1
2018-09-19,0.0,-0.42523180969396707,0.7768121333296214,0.3021936814911673,-0.3599869511696957,-0.43378533219137805,1.0519849019198826,1.7598888729584339,1.6440745814129023,2.5113096732660045,2.097142396813542,0.0,0.8233132971990682,2.5321203204516354,0.7002874598284108,1.3671004404509992,1.0539416964873762,0.23130037667668468,0.006949475430598734,0.03857208763046538,-0.4144584755162151,-0.2288119069449448,1,1
2018-09-20,0.0,1.2090210479656087,0.7300857474275371,0.06400792867501298,-0.00871959263454827,1.487760605848926,2.202957037079785,2.0864384304008383,2.957436950941886,2.542626234232636,2.9384350781540816,0.0,1.6820732586110625,-0.11793334533655542,0.5393844211252184,0.23383112716141385,-0.5780165908230019,-0.7988128498150531,-0.7706239549013382,-1.2161670667821518,-1.034032420918051,-1.0200577140211107,1,0
2018-09-21,0.0,-0.47227431407378706,-1.1350491355994747,-1.2116504041313436,0.2718792135807625,0.974734541274903,0.8588576059819121,1.7293082668810462,1.311507416593853,1.7024881436819608,2.561720123082225,0.0,-1.7650539399012841,-1.1162233149724954,-1.4114139146025435,-2.2146569678600536,-2.431868131206773,-2.4101287027385068,-2.8478049722769927,-2.669793289326599,-2.642544725606942,-4.087162060067503,1,0
2018-09-24,0.0,-0.6665014392829789,-0.7418557891295122,0.7522061716123104,1.4624977941714068,1.345944006983921,2.2197948347498,1.8016444209078661,2.195958760931412,3.064967943286561,4.832066685946119,0.0,0.6605075119300103,0.35301017764301956,-0.46264219570833365,-0.684562682313522,-0.655799566191817,-1.1036567134118802,-0.9205109075247909,-0.9074354901609388,-2.393198647945156,-3.3187364191488786,1,0
2018-09-25,0.0,-0.07321074947299366,1.4282475560617924,2.1454934816072324,2.0285676222030027,2.9028380997376253,2.4862949172706026,2.8833452700136872,3.7618240702424925,5.5371358517108344,3.6226495140163077,0.0,-0.3037150579530007,-1.1168768592103901,-1.3376228613007262,-1.311402387055014,-1.7566369719455293,-1.574925465921553,-1.5565331082366607,-3.03084862331907,-3.9512499935448586,-4.264369088378319,1,0
2018-09-26,0.0,1.496981894390873,2.212462699710602,2.095907688774487,2.9671475319748493,2.552245458055625,2.9481971681031895,3.8246179306684103,5.594578759739827,3.6855730934994826,4.372814106173022,0.0,-0.8174943691934711,-1.0396479020935223,-1.0121445230433572,-1.460335810932634,-1.2772486191934764,-1.2612529446220362,-2.7466420796201305,-3.673023294998057,-3.988566095509577,-3.6492101321222865,1,0
2018-09-27,0.0,0.6968924504363079,0.5816885414798982,1.448034466404094,1.031479730634515,1.4195968459894959,2.2711517204242684,4.014945978093,2.1400136034790767,2.8188251156656747,2.494476257242934,0.0,-0.2233679397713772,-0.19272215376852245,-0.6436793376367111,-0.45900922898965507,-0.4496678875263101,-1.9476635375901792,-2.8794068822645813,-3.1978201921689076,-2.8833182387289025,-2.015511940554055,1,0
2018-09-28,0.0,-0.11399926479028238,0.7456969349191798,0.33050695488088944,0.7130638617222461,1.5489075235998024,3.271852847551226,1.4220542468069914,2.0935533719141466,1.7754034801458556,0.9477973608847985,0.0,0.031529736086648164,-0.4205292388050082,-0.23528463434111832,-0.22775845089528618,-1.730350263925914,-2.6642735057998204,-2.983716045019012,-2.6757802165747187,-1.8104280750538626,-1.2265294427345301,1,0
2018-10-01,0.0,0.8598045658083313,0.4448645203127571,0.827895400711527,1.6653577934100747,3.3897514891660157,1.5379477919395022,2.2098782912307384,1.8910764508606441,1.0630696308035281,0.8366262690708768,0.0,-0.4502650376428242,-0.2657727839194556,-0.258019612496696,-1.7545177504020382,-2.68474833397992,-3.002888092043169,-2.695149279781936,-1.8325919105496613,-1.2514105311402464,-0.9589741368773081,1,0
2018-10-02,0.0,-0.4182896325159294,-0.03749527567785327,0.7906730899669674,2.5101810273580174,0.6670245740736951,1.3380569725037703,1.023063369035897,0.1951736585495173,-0.03058008933517642,0.001103485346116484,0.0,0.1857225441871455,0.18981471500045122,-1.3165340161936239,-2.251521022776336,-2.5718601467498514,-2.2772574798351846,-1.4193236259174693,-0.8292816726678014,-0.5379345230562178,0.27578685495199995,1,0
2018-10-03,0.0,0.3808668346955346,1.211333916706344,2.9286493578890993,1.086194857120518,1.7558841858347012,1.4398841953013308,0.6141304414197575,0.3886412670874199,0.4218136029368157,-0.03366212492656695,0.0,0.0055950555850186046,-1.4958784897474309,-2.4283977118333606,-2.7476571008921535,-2.4478152631512016,-1.5884506521293424,-1.0023747963102165,-0.7107394678832666,0.0971528499185097,-0.5084461385205619,1,0
2018-10-04,0.0,0.8233132971990682,2.5321203204516354,0.7002874598284108,1.3671004404509992,1.0539416964873762,0.23130037667668468,0.006949475430598734,0.03857208763046538,-0.4144584755162151,-0.2288119069449448,0.0,-1.5137242659194046,-2.4538691852055567,-2.7757321332438694,-2.473253596995672,-1.6067480575823545,-1.01595351029321,-0.7219008689667685,0.09248497654831977,-0.5180663706602227,-0.26559076430170325,1,0
2018-10-05,0.0,1.6820732586110625,-0.11793334533655542,0.5393844211252184,0.23383112716141385,-0.5780165908230019,-0.7988128498150531,-0.7706239549013382,-1.2161670667821518,-1.034032420918051,-1.0200577140211107,0.0,-0.9605939026133299,-1.2914393114104532,-1.0332831364232198,-0.17919142180564407,0.44483145435097526,0.7363364890363284,1.599580052100759,0.9757649943539568,1.2119117246383055,1.1256738425368882,0,0
2018-10-08,0.0,-1.7650539399012841,-1.1162233149724954,-1.4114139146025435,-2.2146569678600536,-2.431868131206773,-2.4101287027385068,-2.8478049722769927,-2.669793289326599,-2.642544725606942,-4.087162060067503,0.0,-0.3355634269135112,-0.1066422140757739,0.7367990711969474,1.380164339171556,1.6691175974827428,2.5609725162526638,1.9306167995284735,2.155548816594708,2.0681033603216097,2.8914088704043612,0,1
2018-10-09,0.0,0.6605075119300103,0.35301017764301956,-0.46264219570833365,-0.684562682313522,-0.655799566191817,-1.1036567134118802,-0.9205109075247909,-0.9074354901609388,-2.393198647945156,-3.3187364191488786,0.0,0.2189382897609753,1.0597163920682062,1.7107047415392835,1.9991312011025464,2.9021855937597247,2.2687233094085557,2.49000146567752,2.4020195229423065,3.227880930985801,2.517098162972002,0,1
2018-10-10,0.0,-0.3037150579530007,-1.1168768592103901,-1.3376228613007262,-1.311402387055014,-1.7566369719455293,-1.574925465921553,-1.5565331082366607,-3.03084862331907,-3.9512499935448586,-4.264369088378319,0.0,0.8720317614914752,1.5404783132376743,1.8393570489955433,2.7661947805076323,2.1127437862853595,2.3443025295607867,2.2536174295400038,3.1065785718670305,2.3745342997810273,-11.056070342427205,0,1
2018-10-11,0.0,-0.8174943691934711,-1.0396479020935223,-1.0121445230433572,-1.460335810932634,-1.2772486191934764,-1.2612529446220362,-2.7466420796201305,-3.673023294998057,-3.988566095509577,-3.6492101321222865,0.0,0.6639276243480825,0.971676493649746,1.890505947149407,1.2294465357910438,1.4768598606262644,1.3854104555291167,2.2524518524120705,1.5165399992420974,-12.047802288119595,-10.728326528211717,0,1
2018-10-12,0.0,-0.2233679397713772,-0.19272215376852245,-0.6436793376367111,-0.45900922898965507,-0.4496678875263101,-1.9476635375901792,-2.8794068822645813,-3.1978201921689076,-2.8833182387289025,-2.015511940554055,0.0,0.30530511803633065,1.1914746968517493,0.5440808604545129,0.7959444707532565,0.7065974797096456,1.5587309952936628,0.8414164815860525,-12.426062955670734,-11.14515778288418,-12.66795320739688,0,0
2018-10-15,0.0,0.031529736086648164,-0.4205292388050082,-0.23528463434111832,-0.22775845089528618,-1.730350263925914,-2.6642735057998204,-2.983716045019012,-2.6757802165747187,-1.8104280750538626,-1.2265294427345301,0.0,0.8821226120566674,0.23295619718066085,0.4900402362128098,0.40054901081452576,1.2564442531524467,0.5387688847304896,-12.757241342612677,-11.478178957170146,-13.000111685002192,-16.461757290891498,0,0
2018-10-16,0.0,-0.4502650376428242,-0.2657727839194556,-0.258019612496696,-1.7545177504020382,-2.68474833397992,-3.002888092043169,-2.695149279781936,-1.8325919105496613,-1.2514105311402464,-0.9589741368773081,0.0,-0.6298485273262869,-0.3680103581029808,-0.4545636313673944,0.37977300397079206,-0.3121566509358922,-13.191160919520136,-11.96480785321576,-13.427673970577718,-16.78214763274673,-16.567023262263273,0,0
2018-10-17,0.0,0.1857225441871455,0.18981471500045122,-1.3165340161936239,-2.251521022776336,-2.5718601467498514,-2.2772574798351846,-1.4193236259174693,-0.8292816726678014,-0.5379345230562178,0.27578685495199995,0.0,0.25444031417821455,0.16709059156696648,1.0042434256512573,0.3043227744769612,-12.678700954228002,-11.433096163093168,-12.916189160807123,-16.296719357007234,-16.070837482870488,-15.128754204849194,0,0
2018-10-18,0.0,0.0055950555850186046,-1.4958784897474309,-2.4283977118333606,-2.7476571008921535,-2.4478152631512016,-1.5884506521293424,-1.0023747963102165,-0.7107394678832666,0.0971528499185097,-0.5084461385205619,0.0,-0.08830400988281356,0.7599926127681378,0.053092850703790884,-13.077725011226356,-11.821786566680965,-13.31830144852217,-16.737740854756975,-16.512999000435187,-15.562327734055593,-18.010228887429292,0,0
2018-10-19,0.0,-1.5137242659194046,-2.4538691852055567,-2.7757321332438694,-2.473253596995672,-1.6067480575823545,-1.01595351029321,-0.7219008689667685,0.09248497654831977,-0.5180663706602227,-0.26559076430170325,0.0,0.8489732581423959,0.14070764087812548,-13.009170207999906,-11.750086895956555,-13.249963615778542,-16.67421992459668,-16.447876256138628,-15.495090787738079,-17.94512687711744,-18.39559662424353,0,0
2018-10-22,0.0,-0.9605939026133299,-1.2914393114104532,-1.0332831364232198,-0.17919142180564407,0.44483145435097526,0.7363364890363284,1.599580052100759,0.9757649943539568,1.2119117246383055,1.1256738425368882,0.0,-0.7006503523606548,-13.769707519962946,-12.531054083337233,-14.010290659413588,-17.414908393127895,-17.20220344219973,-16.262323888796725,-18.710919624719097,-19.154199421422152,-18.376784300254986,0,0
2018-10-23,0.0,-0.3355634269135112,-0.1066422140757739,0.7367990711969474,1.380164339171556,1.6691175974827428,2.5609725162526638,1.9306167995284735,2.155548816594708,2.0681033603216097,2.8914088704043612,0.0,-13.256633301168785,-11.98947022341424,-13.499595839800524,-16.951889007072538,-16.72577482248584,-15.766444123150716,-18.23866877327543,-18.692049412098104,-17.900830930716758,-18.06938562314889,1,0
2018-10-24,0.0,0.2189382897609753,1.0597163920682062,1.7107047415392835,1.9991312011025464,2.9021855937597247,2.2687233094085557,2.49000146567752,2.4020195229423065,3.227880930985801,2.517098162972002,0.0,1.809854276502096,-0.27497615573866013,-4.505751114700516,-3.9885891749805973,-2.668172866058101,-5.452558411295113,-6.097783415692911,-5.061011545905542,-5.160237338501248,-19.647142836667065,1,0
2018-10-25,0.0,0.8720317614914752,1.5404783132376743,1.8393570489955433,2.7661947805076323,2.1127437862853595,2.3443025295607867,2.2536174295400038,3.1065785718670305,2.3745342997810273,-11.056070342427205,0.0,-1.9807310679058268,-6.050387452141553,-5.578244791963567,-4.3233842676251415,-7.027612593760294,-7.638812808339987,-6.648606154568402,-6.755376456999675,-20.766824004247493,-20.440047256401556,1,0
2018-10-26,0.0,0.6639276243480825,0.971676493649746,1.890505947149407,1.2294465357910438,1.4768598606262644,1.3854104555291167,2.2524518524120705,1.5165399992420974,-12.047802288119595,-10.728326528211717,0.0,-4.24010363204501,-3.717734908884441,-2.3919550042705398,-5.178324454320897,-5.8264900627453,-4.786294913995645,-4.883921263917895,-19.39052755482936,-19.056610520438532,-19.80864534870711,1,0
2018-10-29,0.0,0.30530511803633065,1.1914746968517493,0.5440808604545129,0.7959444707532565,0.7065974797096456,1.5587309952936628,0.8414164815860525,-12.426062955670734,-11.14515778288418,-12.66795320739688,0.0,0.6191094884020178,2.0622795286523714,-0.819208317640189,-1.5299613728610473,-0.41047397810072317,-0.48419437453156267,-15.638972266560195,-15.299781644436475,-16.13411599532772,-14.04534012489846,0,1
2018-10-30,0.0,0.8821226120566674,0.23295619718066085,0.4900402362128098,0.40054901081452576,1.2564442531524467,0.5387688847304896,-12.757241342612677,-11.478178957170146,-13.000111685002192,-16.461757290891498,0.0,1.4057257010944717,-1.4205922318090258,-2.112232604451384,-1.0201355937189156,-1.0961500967764537,-15.939960864143426,-15.606431195806362,-16.417087451197308,-14.360616961879924,-14.1677955233701,0,0
2018-10-31,0.0,-0.6298485273262869,-0.3680103581029808,-0.4545636313673944,0.37977300397079206,-0.3121566509358922,-13.191160919520136,-11.96480785321576,-13.427673970577718,-16.78214763274673,-16.567023262263273,0.0,-2.7721100161183285,-3.438186096382579,-2.380343817495562,-2.463180052355006,-16.975796420431788,-16.64680184000798,-17.42469708289662,-15.390493395344663,-15.200314742536285,-14.962424755481821,0,0
2018-11-01,0.0,0.25444031417821455,0.16709059156696648,1.0042434256512573,0.3043227744769612,-12.678700954228002,-11.433096163093168,-12.916189160807123,-16.296719357007234,-16.070837482870488,-15.128754204849194,0.0,-0.695524088149933,0.3964872928226471,0.3298456835769753,-14.37605501713276,-14.048581508519883,-14.866636361835688,-12.853301935095176,-12.663960397079045,-12.44311849179204,-12.635304150867153,0,0
2018-11-02,0.0,-0.08830400988281356,0.7599926127681378,0.053092850703790884,-13.077725011226356,-11.821786566680965,-13.31830144852217,-16.737740854756975,-16.512999000435187,-15.562327734055593,-18.010228887429292,0.0,1.1106469621596384,1.047545750133994,-13.841028290539843,-13.510977591087144,-14.346719310405255,-12.320487354074258,-12.129644875471701,-11.911164935564846,-12.098527163603567,-11.726795061872306,0,0
2018-11-05,0.0,0.8489732581423959,0.14070764087812548,-13.009170207999906,-11.750086895956555,-13.249963615778542,-16.67421992459668,-16.447876256138628,-15.495090787738079,-17.94512687711744,-18.39559662424353,0.0,-0.06890194967968932,-14.736136620612587,-14.40869302072766,-15.220401194283069,-13.205607361159617,-13.016289158668856,-12.793181418863334,-12.988882214724367,-12.625680048169743,-15.516293223030667,0,0
2018-11-06,0.0,-0.7006503523606548,-13.769707519962946,-12.531054083337233,-14.010290659413588,-17.414908393127895,-17.20220344219973,-16.262323888796725,-18.710919624719097,-19.154199421422152,-18.376784300254986,0.0,-14.584533458658274,-14.259079264141477,-15.066933117377602,-13.064662547686481,-12.876493522649232,-12.655133930646258,-12.849038962005242,-12.487697779371286,-15.363431085685427,-15.848241919453429,0,0
2018-11-07,0.0,-13.256633301168785,-11.98947022341424,-13.499595839800524,-16.951889007072538,-16.72577482248584,-15.766444123150716,-18.23866877327543,-18.692049412098104,-17.900830930716758,-18.06938562314889,0.0,0.32999184051866237,-0.7457675997083804,1.2171780649412556,1.40821789512394,1.539122950915457,1.4870682530807253,1.9357991448032001,-1.6190321371841758,-2.4620550166930535,-2.1149742183701843,0,0
2018-11-08,0.0,1.809854276502096,-0.27497615573866013,-4.505751114700516,-3.9885891749805973,-2.668172866058101,-5.452558411295113,-6.097783415692911,-5.061011545905542,-5.160237338501248,-19.647142836667065,0.0,-1.071875984692423,0.8959546468473834,1.0873180852332707,1.2205396346527664,1.1651639737306443,1.612827120571672,-1.933844710794518,-2.770463818556471,-2.424601844603563,-2.1535258001624715,0,0
2018-11-09,0.0,-1.9807310679058268,-6.050387452141553,-5.578244791963567,-4.3233842676251415,-7.027612593760294,-7.638812808339987,-6.648606154568402,-6.755376456999675,-20.766824004247493,-20.440047256401556,0.0,1.9862752590776183,2.1799389065265817,2.307766765217452,2.2625207729680223,2.721668691529335,-0.9149896315405135,-1.7878178156513904,-1.4317652196238635,-1.1620110893083382,0.012823959402087581,0,1
2018-11-12,0.0,-4.24010363204501,-3.717734908884441,-2.3919550042705398,-5.178324454320897,-5.8264900627453,-4.786294913995645,-4.883921263917895,-19.39052755482936,-19.056610520438532,-19.80864534870711,0.0,0.1965754474758129,0.33938896154804743,0.27330169756828665,0.7279537538906579,-2.8749438937625023,-3.7120530657639863,-3.361914763275232,-3.0795507881146453,-1.9346920096717584,-0.6902818972185434,0,0
2018-11-13,0.0,0.6191094884020178,2.0622795286523714,-0.819208317640189,-1.5299613728610473,-0.41047397810072317,-0.48419437453156267,-15.638972266560195,-15.299781644436475,-16.13411599532772,-14.04534012489846,0.0,0.14423129709678517,0.07611027954567584,0.530104342873146,-3.0677639703918222,-3.9009431559540197,-3.5515544912604677,-3.2680733519915073,-2.1267195620161505,-0.8835406337459843,-0.2780572525969056,1,0
2018-11-14,0.0,1.4057257010944717,-1.4205922318090258,-2.112232604451384,-1.0201355937189156,-1.0961500967764537,-15.939960864143426,-15.606431195806362,-16.417087451197308,-14.360616961879924,-14.1677955233701,0.0,-0.0700782041889021,0.3863876900197529,-3.2312074666105226,-4.066897874908119,-3.715787866745269,-3.4296266233590735,-2.283435319234676,-1.0330632797020765,-0.4271584319115793,-0.2865253068587965,0,0
2018-11-15,0.0,-2.7721100161183285,-3.438186096382579,-2.380343817495562,-2.463180052355006,-16.975796420431788,-16.64680184000798,-17.42469708289662,-15.390493395344663,-15.200314742536285,-14.962424755481821,0.0,0.45214860626398806,-3.1311658355924954,-3.959911107888352,-3.6120362457119706,-3.32911973355442,-2.1931173155225734,-0.954772364684926,-0.35323683826316254,-0.214133607308158,0.13883050670907338,0,0
2018-11-16,0.0,-0.695524088149933,0.3964872928226471,0.3298456835769753,-14.37605501713276,-14.048581508519883,-14.866636361835688,-12.853301935095176,-12.663960397079045,-12.44311849179204,-12.635304150867153,0.0,-3.551832911124249,-4.36700951988661,-4.022784938383123,-3.7389128398698954,-2.6172326763148206,-1.3886154041707826,-0.8012239840431917,-0.6620695188677853,-0.3151418177518601,-0.6850733035035645,0,0
2018-11-19,0.0,1.1106469621596384,1.047545750133994,-13.841028290539843,-13.510977591087144,-14.346719310405255,-12.320487354074258,-12.129644875471701,-11.911164935564846,-12.098527163603567,-11.726795061872306,0.0,-0.9280554920598334,-0.5536904320573428,-0.27838677923153776,0.9619677729074543,2.2703423289772275,2.9758755171070455,3.1143458525960366,3.5115195116516142,3.1632888499710705,4.045712657231902,0,1
2018-11-20,0.0,-0.06890194967968932,-14.736136620612587,-14.40869302072766,-15.220401194283069,-13.205607361159617,-13.016289158668856,-12.793181418863334,-12.988882214724367,-12.625680048169743,-15.516293223030667,0.0,0.38782822741513995,0.6646230897695791,1.9547316294175008,3.3031591665452744,4.0508490346573005,4.191061456763316,4.607517445532009,4.260372850707888,5.135066534832978,2.677735189211561,0,1
2018-11-21,0.0,-14.584533458658274,-14.259079264141477,-15.066933117377602,-13.064662547686481,-12.876493522649232,-12.655133930646258,-12.849038962005242,-12.487697779371286,-15.363431085685427,-15.848241919453429,0.0,0.27741685424586865,1.5527139268472352,2.890604949717006,3.6241988346687353,3.7643180711426445,4.1746599251790135,3.8255120590645513,4.707319499938627,2.267477231987339,1.9075594238029248,0,1
2018-11-23,0.0,0.32999184051866237,-0.7457675997083804,1.2171780649412556,1.40821789512394,1.539122950915457,1.4870682530807253,1.9357991448032001,-1.6190321371841758,-2.4620550166930535,-2.1149742183701843,0.0,1.2758115592265917,2.617857517340247,3.3477172905144217,3.489001897889849,3.8985347445819167,3.5448673073234103,4.43957413713503,1.9909073782974827,1.636273988634572,1.3392721964858545,0,1
2018-11-26,0.0,-1.071875984692423,0.8959546468473834,1.0873180852332707,1.2205396346527664,1.1651639737306443,1.612827120571672,-1.933844710794518,-2.770463818556471,-2.424601844603563,-2.1535258001624715,0.0,1.3010765678026013,1.982259281815392,2.122436717442436,2.5103208848081873,2.152368105809426,3.0643712776646375,0.6849800547195882,0.3692804334219608,0.07829648955310398,-0.7588827564018439,0,1
2018-11-27,0.0,1.9862752590776183,2.1799389065265817,2.307766765217452,2.2625207729680223,2.721668691529335,-0.9149896315405135,-1.7878178156513904,-1.4317652196238635,-1.1620110893083382,0.012823959402087581,0.0,0.6408633850260004,0.78165543383929,1.1526513282271247,0.7860150047059626,1.7265217461368456,-0.6128090691923496,-0.8934449129379658,-1.18198434670869,-2.005310108791062,-2.851721731727592,1,0
2018-11-28,0.0,0.1965754474758129,0.33938896154804743,0.27330169756828665,0.7279537538906579,-2.8749438937625023,-3.7120530657639863,-3.361914763275232,-3.0795507881146453,-1.9346920096717584,-0.6902818972185434,0.0,0.13813243102259687,0.4934628865201457,0.13043932461180963,1.0645918243029846,-1.2070327323569392,-1.4653928481649192,-1.7467490353626274,-2.546360579631647,-3.3718547323287416,-3.4647882705118493,0,0
2018-11-29,0.0,0.14423129709678517,0.07611027954567584,0.530104342873146,-3.0677639703918222,-3.9009431559540197,-3.5515544912604677,-3.2680733519915073,-2.1267195620161505,-0.8835406337459843,-0.2780572525969056,0.0,0.35448603142543667,-0.010353767895414423,0.9291084635019777,-1.3441313694256352,-1.5995242307442257,-1.8813404738722852,-2.6815461864821404,-3.5084243034928813,-3.601405650617002,-3.872014089429543,0,0
2018-11-30,0.0,-0.0700782041889021,0.3863876900197529,-3.2312074666105226,-4.066897874908119,-3.715787866745269,-3.4296266233590735,-2.283435319234676,-1.0330632797020765,-0.4271584319115793,-0.2865253068587965,0.0,-0.36444864464058435,0.5755987956004904,-1.6707953076631439,-1.9152499158864753,-2.194391739912386,-2.985211799024648,-3.804328719695453,-3.8961660653257595,-4.157218874309253,-4.215043486724672,0,0
2018-12-03,0.0,0.45214860626398806,-3.1311658355924954,-3.959911107888352,-3.6120362457119706,-3.32911973355442,-2.1931173155225734,-0.954772364684926,-0.35323683826316254,-0.214133607308158,0.13883050670907338,0.0,0.9215277626515053,-1.3091262118791014,-1.559961885472104,-1.8364799600704842,-2.621693131241554,-3.433023409976527,-3.524264203860217,-3.789985602263245,-3.854394443723761,-4.350468791582449,0,0
2018-12-04,0.0,-3.551832911124249,-4.36700951988661,-4.022784938383123,-3.7389128398698954,-2.6172326763148206,-1.3886154041707826,-0.8012239840431917,-0.6620695188677853,-0.3151418177518601,-0.6850733035035645,0.0,-2.2820805082094635,-2.5168946164974284,-2.8015867991498893,-3.6050797297243156,-4.440629856863393,-4.533847710693224,-4.788190708504109,-4.83525552113519,-5.343162808269508,-5.680802792659888,0,0
2018-12-06,0.0,-0.9280554920598334,-0.5536904320573428,-0.27838677923153776,0.9619677729074543,2.2703423289772275,2.9758755171070455,3.1143458525960366,3.5115195116516142,3.1632888499710705,4.045712657231902,0.0,-0.2952190232650209,-0.5829887967889382,-1.4073446964849254,-2.251344027301526,-2.347347560033286,-2.651928724933787,-2.7470271715808288,-3.26741610189356,-3.647490408448263,-4.378461848886435,1,0
2018-12-07,0.0,0.38782822741513995,0.6646230897695791,1.9547316294175008,3.3031591665452744,4.0508490346573005,4.191061456763316,4.607517445532009,4.260372850707888,5.135066534832978,2.677735189211561,0.0,-0.29499988014839346,-1.1417060926362514,-2.0068320922507192,-2.1054869421833287,-2.424111226597296,-2.5279944894377153,-3.0623987917555797,-3.4572416006044593,-4.212488316555232,-6.118258413098404,1,0
2018-12-10,0.0,0.27741685424586865,1.5527139268472352,2.890604949717006,3.6241988346687353,3.7643180711426445,4.1746599251790135,3.8255120590645513,4.707319499938627,2.267477231987339,1.9075594238029248,0.0,-0.8478184112618649,-1.7123731845484274,-1.8112047089237326,-2.1358725916312316,-2.245927005805242,-2.780942221872554,-3.180643896375628,-3.94121617132806,-5.8549408735656705,-4.135503964710198,1,0
2018-12-11,0.0,1.2758115592265917,2.617857517340247,3.3477172905144217,3.489001897889849,3.8985347445819167,3.5448673073234103,4.43957413713503,1.9909073782974827,1.636273988634572,1.3392721964858545,0.0,-0.8676250783172701,-0.9675094575054082,-1.3114826918746962,-1.4400389764685055,-1.9797515714069336,-2.395732417580887,-3.1759107280644328,-5.123172514625436,-3.4096645809319135,-4.23212668424488,1,0
2018-12-12,0.0,1.3010765678026013,1.982259281815392,2.122436717442436,2.5103208848081873,2.152368105809426,3.0643712776646375,0.6849800547195882,0.3692804334219608,0.07829648955310398,-0.7588827564018439,0.0,-0.10038477156524618,-0.4620927944968538,-0.6088029238135451,-1.1502067434852452,-1.5804177848969987,-2.3761279305354632,-4.346431930711624,-2.648838332520132,-3.435703008607409,-1.9799542056054262,1,0
2018-12-13,0.0,0.6408633850260004,0.78165543383929,1.1526513282271247,0.7860150047059626,1.7265217461368456,-0.6128090691923496,-0.8934449129379658,-1.18198434670869,-2.005310108791062,-2.851721731727592,0.0,-0.36406228809762387,-0.5129972408403591,-1.055045234961118,-1.4872612010589066,-2.2854296772386222,-4.260034621134244,-2.562879486034463,-3.346271167358256,-1.8879666211457717,-2.6150434964208573,0,0
2018-12-14,0.0,0.13813243102259687,0.4934628865201457,0.13043932461180963,1.0645918243029846,-1.2070327323569392,-1.4653928481649192,-1.7467490353626274,-2.546360579631647,-3.3718547323287416,-3.4647882705118493,0.0,-0.16013728696315388,-0.7147595641939875,-1.1626437817340851,-1.9850397845707475,-4.012844650360844,-2.2856085962643,-3.070511949876739,-1.5752656632924937,-2.3196941059212985,-2.7440446034116897,0,0
2018-12-17,0.0,0.35448603142543667,-0.010353767895414423,0.9291084635019777,-1.3441313694256352,-1.5995242307442257,-1.8813404738722852,-2.6815461864821404,-3.5084243034928813,-3.601405650617002,-3.872014089429543,0.0,-0.5673017344332629,-1.0279587256029632,-1.8717208136766654,-3.9492043297568875,-2.1866525879036214,-2.9820181045423224,-1.4511907138637552,-2.212855661757408,-2.645560050122634,-0.3916488733727479,0,0
2018-12-18,0.0,-0.36444864464058435,0.5755987956004904,-1.6707953076631439,-1.9152499158864753,-2.194391739912386,-2.985211799024648,-3.804328719695453,-3.8961660653257595,-4.157218874309253,-4.215043486724672,0.0,-0.4720280465243316,-1.3293896748920768,-3.4299266276800084,-1.6721531849394804,-2.445861875633816,-0.9016999079243342,-1.6683362518495017,-2.0987416749471803,0.16854447096438818,3.0077783091201806,0,1
2018-12-19,0.0,0.9215277626515053,-1.3091262118791014,-1.559961885472104,-1.8364799600704842,-2.621693131241554,-3.433023409976527,-3.524264203860217,-3.789985602263245,-3.854394443723761,-4.350468791582449,0.0,-0.8825600790461465,-3.035980163870196,-1.2547112953871213,-2.021898479471732,-0.441976275751372,-1.224944630663491,-1.6601294703827936,0.6543127230092384,3.5398926915756186,5.014301682908918,0,1
2018-12-20,0.0,-2.2820805082094635,-2.5168946164974284,-2.8015867991498893,-3.6050797297243156,-4.440629856863393,-4.533847710693224,-4.788190708504109,-4.83525552113519,-5.343162808269508,-5.680802792659888,0.0,-2.2263536277035856,-0.42419125122803436,-1.167967562049303,0.45954567345686714,-0.3443007394064669,-0.7827188830232956,1.5912550407690762,4.52681647000756,6.069228741903893,5.425699320875747,0,1
2018-12-21,0.0,-0.2952190232650209,-0.5829887967889382,-1.4073446964849254,-2.251344027301526,-2.347347560033286,-2.651928724933787,-2.7470271715808288,-3.26741610189356,-3.647490408448263,-4.378461848886435,0.0,1.8197817704473678,1.1549352721434278,2.8756506997794524,2.032841633606196,1.595114151325582,4.078432203424152,7.085608764957961,8.777974474048058,8.12271868471202,10.665570784234252,0,1
2018-12-24,0.0,-0.29499988014839346,-1.1417060926362514,-2.0068320922507192,-2.1054869421833287,-2.424111226597296,-2.5279944894377153,-3.0623987917555797,-3.4572416006044593,-4.212488316555232,-6.118258413098404,0.0,-0.7618880905525991,0.957802418822923,0.10982588734065324,-0.34832524942619614,2.1548458550875162,5.23760070627137,6.879547626513594,6.204535757854675,8.75095416737064,8.362187564101237,0,1
2018-12-26,0.0,-0.8478184112618649,-1.7123731845484274,-1.8112047089237326,-2.1358725916312316,-2.245927005805242,-2.780942221872554,-3.180643896375628,-3.94121617132806,-5.8549408735656705,-4.135503964710198,0.0,1.6566755850203778,0.841943282635242,0.40850335074278443,2.811779074201344,5.75193584319996,7.3526432573752505,6.710082977574492,9.161246293463257,8.791266795107713,11.080283906643796,0,1
2018-12-27,0.0,-0.8676250783172701,-0.9675094575054082,-1.3114826918746962,-1.4400389764685055,-1.9797515714069336,-2.395732417580887,-3.1759107280644328,-5.123172514625436,-3.4096645809319135,-4.23212668424488,0.0,-0.792753942980367,-1.2292761408918156,1.1130222404058971,4.02145496217072,5.528347576943053,4.890013096482718,7.265038650320028,6.89727818527382,9.122599544657003,9.97993037159888,0,1
2018-12-28,0.0,-0.10038477156524618,-0.4620927944968538,-0.6088029238135451,-1.1502067434852452,-1.5804177848969987,-2.3761279305354632,-4.346431930711624,-2.648838332520132,-3.435703008607409,-1.9799542056054262,0.0,-0.4337670102401056,1.9312304673439327,4.8465765770474585,6.394467291109292,5.755938908510782,8.160899550140137,7.79313160493923,10.042805470314118,10.90794773972456,9.832901185467271,0,1
2018-12-31,0.0,-0.36406228809762387,-0.5129972408403591,-1.055045234961118,-1.4872612010589066,-2.2854296772386222,-4.260034621134244,-2.562879486034463,-3.346271167358256,-1.8879666211457717,-2.6150434964208573,0.0,2.3557599651505647,5.248335685794995,6.804305042401429,6.1714772717104935,8.570746757792124,8.206318447751201,10.448696658641916,11.310193835352527,10.237243311692996,10.054240552587924,0,1
2019-01-02,0.0,-0.16013728696315388,-0.7147595641939875,-1.1626437817340851,-1.9850397845707475,-4.012844650360844,-2.2856085962643,-3.070511949876739,-1.5752656632924937,-2.3196941059212985,-2.7440446034116897,0.0,2.879412072774471,4.320715284980761,3.686962073317342,6.005471377824904,5.640209467624544,7.81757024340965,8.658545814052095,7.624087804509476,7.420159706374735,8.290208466350167,0,1
2019-01-03,0.0,-0.5673017344332629,-1.0279587256029632,-1.8717208136766654,-3.9492043297568875,-2.1866525879036214,-2.9820181045423224,-1.4511907138637552,-2.212855661757408,-2.645560050122634,-0.3916488733727479,0.0,1.3370383950463616,0.6850385322296768,2.965263987088777,2.5891109071364697,4.74403251437969,5.582071444566427,4.567764739682995,4.332216425567129,5.1919715178982315,5.532187329914396,0,1
2019-01-04,0.0,-0.4720280465243316,-1.3293896748920768,-3.4299266276800084,-1.6721531849394804,-2.445861875633816,-0.9016999079243342,-1.6683362518495017,-2.0987416749471803,0.16854447096438818,3.0077783091201806,0.0,-0.6312582166539512,1.53268032826005,1.1683374732281635,3.219250227353726,4.019321483557709,3.058079949144355,2.8193006697435927,3.6369844351301546,3.951699066461808,3.76555659170591,1,1
2019-01-07,0.0,-0.8825600790461465,-3.035980163870196,-1.2547112953871213,-2.021898479471732,-0.441976275751372,-1.224944630663491,-1.6601294703827936,0.6543127230092384,3.5398926915756186,5.014301682908918,0.0,2.168545447990575,1.807066857599278,3.859439103122452,4.658858430127098,3.694910114789387,3.4631481117713636,4.281696640566034,4.601105323229437,4.423690144646923,4.511919057501151,1,1
2019-01-08,0.0,-2.2263536277035856,-0.42419125122803436,-1.167967562049303,0.45954567345686714,-0.3443007394064669,-0.7827188830232956,1.5912550407690762,4.52681647000756,6.069228741903893,5.425699320875747,0.0,-0.35909666916708416,1.6212909961570996,2.396697487058826,1.4732263284779825,1.2259010475516319,2.0148074583407167,2.3082779321144398,2.107879849067491,2.224304446431489,2.3370757542614577,1,1
2019-01-09,0.0,1.8197817704473678,1.1549352721434278,2.8756506997794524,2.032841633606196,1.595114151325582,4.078432203424152,7.085608764957961,8.777974474048058,8.12271868471202,10.665570784234252,0.0,1.9810056885531877,2.755966440875287,1.8310680656982823,1.5877128077788705,2.3770247046619684,2.6731039293010523,2.477632355500279,2.5887481223817317,2.702267596288802,2.7307798613941086,1,1
2019-01-10,0.0,-0.7618880905525991,0.957802418822923,0.10982588734065324,-0.34832524942619614,2.1548458550875162,5.23760070627137,6.879547626513594,6.204535757854675,8.75095416737064,8.362187564101237,0.0,0.7568378577713819,-0.13592723990329358,-0.3941258851334821,0.3721195070856306,0.6463751964846929,0.42966469423490317,0.5663020013564468,0.6728054855562462,0.6979368776456993,1.8463380171803978,1,0
2019-01-11,0.0,1.6566755850203778,0.841943282635242,0.40850335074278443,2.811779074201344,5.75193584319996,7.3526432573752505,6.710082977574492,9.161246293463257,8.791266795107713,11.080283906643796,0.0,-0.8822379622057418,-1.1465468031207706,-0.38762496697220095,-0.12113654101243476,-0.34630581933812143,-0.1997343367961668,-0.09569382659337022,-0.07179801241361172,1.0616520020683806,1.179411887725571,1,0
2019-01-14,0.0,-0.792753942980367,-1.2292761408918156,1.1130222404058971,4.02145496217072,5.528347576943053,4.890013096482718,7.265038650320028,6.89727818527382,9.122599544657003,9.97993037159888,0.0,-0.2584892644252499,0.5132803523362848,0.7904556505061175,0.5741111085271742,0.7096751349977248,0.817211078941936,0.8427059354330542,2.0001143745546415,2.1123110035234482,1.4975244878888696,1,1
2019-01-15,0.0,-0.4337670102401056,1.9312304673439327,4.8465765770474585,6.394467291109292,5.755938908510782,8.160899550140137,7.79313160493923,10.042805470314118,10.90794773972456,9.832901185467271,0.0,0.766110293004566,1.042999257851569,0.8318142611269357,0.9625701502369918,1.0698078820307655,1.0954535443046443,2.245723631355456,2.354960781412263,1.7447580982503883,3.005283299029391,1,1
2019-01-16,0.0,2.3557599651505647,5.248335685794995,6.804305042401429,6.1714772717104935,8.570746757792124,8.206318447751201,10.448696658641916,11.310193835352527,10.237243311692996,10.054240552587924,0.0,0.26842029338313766,0.04922527709258917,0.1896656459697239,0.2941720201426913,0.31851404563580576,1.4510229667579735,1.5652545073014874,0.9621399383326116,2.1984255417994722,1.2194818475099902,1,1
2019-01-17,0.0,2.879412072774471,4.320715284980761,3.686962073317342,6.005471377824904,5.640209467624544,7.81757024340965,8.658545814052095,7.624087804509476,7.420159706374735,8.290208466350167,0.0,-0.2204681717806083,-0.07764518990644795,0.025213627806567246,0.04894217169223,1.1676714306183735,1.282848715314829,0.6862565469701726,1.9058301616461915,0.9345200737548942,2.4245055748416178,1,1
2019-01-18,0.0,1.3370383950463616,0.6850385322296768,2.965263987088777,2.5891109071364697,4.74403251437969,5.582071444566427,4.567764739682995,4.332216425567129,5.1919715178982315,5.532187329914396,0.0,0.13818470347963374,0.24040015831624384,0.26416744453515595,1.3725797414746397,1.48479892077129,0.8943708637844572,2.1040528384427617,1.1451724858426335,2.619176416263075,1.3895126548215608,1,1
2019-01-22,0.0,-0.6312582166539512,1.53268032826005,1.1683374732281635,3.219250227353726,4.019321483557709,3.058079949144355,2.8193006697435927,3.6369844351301546,3.951699066461808,3.76555659170591,0.0,0.10322985477881114,0.12711171977712127,1.2486752973666957,1.3634583149445527,0.7655943390875395,1.9887482016337954,1.0162337756012052,2.509183289368367,1.2626317007714771,0.6944576993660414,1,1
2019-01-23,0.0,2.168545447990575,1.807066857599278,3.859439103122452,4.658858430127098,3.694910114789387,3.4631481117713636,4.281696640566034,4.601105323229437,4.423690144646923,4.511919057501151,0.0,0.023663293294734516,1.1407354143257524,1.2559636709104227,0.6601778097462158,1.8777865120534352,0.9075093854772494,2.3955497118041604,1.1523027982648744,0.5854607286113072,2.0739071210823674,1,1
2019-01-24,0.0,-0.35909666916708416,1.6212909961570996,2.396697487058826,1.4732263284779825,1.2259010475516319,2.0148074583407167,2.3082779321144398,2.107879849067491,2.224304446431489,2.3370757542614577,0.0,1.1150733525897474,1.2303030755288955,0.6355107122927428,1.8507923227246195,0.8818710207385014,2.367494228710472,1.1260846684053667,0.5600403679606258,2.046145164130252,1.596866820875924,1,1
2019-01-25,0.0,1.9810056885531877,2.755966440875287,1.8310680656982823,1.5877128077788705,2.3770247046619684,2.6731039293010523,2.477632355500279,2.5887481223817317,2.702267596288802,2.7307798613941086,0.0,0.12159152326372302,-0.4601644066103472,0.7148628778932984,-0.24485543781410946,1.2111557351387263,-0.013869472245466419,-0.574276367868777,0.8857035636201873,0.4555684771846038,7.649291611239828,1,1
2019-01-28,0.0,0.7568378577713819,-0.13592723990329358,-0.3941258851334821,0.3721195070856306,0.6463751964846929,0.42966469423490317,0.5663020013564468,0.6728054855562462,0.6979368776456993,1.8463380171803978,0.0,-0.585461003178952,0.5955092866435616,-0.3716824719747167,1.0939353306921413,-0.14011623091185976,-0.7048579273999152,0.7651495687078973,0.333326617553408,7.574984394294297,4.371394770751461,0,1
2019-01-29,0.0,-0.8822379622057418,-1.1465468031207706,-0.38762496697220095,-0.12113654101243476,-0.34630581933812143,-0.1997343367961668,-0.09569382659337022,-0.07179801241361172,1.0616520020683806,1.179411887725571,0.0,1.19883831070663,0.2296728285472045,1.706627308718919,0.4675844820150159,-0.09845019790112275,1.3810229971570989,0.9403097144071979,8.235708902627124,5.008954768936338,3.3816649147408437,0,1
2019-01-30,0.0,-0.2584892644252499,0.5132803523362848,0.7904556505061175,0.5741111085271742,0.7096751349977248,0.817211078941936,0.8427059354330542,2.0001143745546415,2.1123110035234482,1.4975244878888696,0.0,-0.9532228580518212,0.4830923355294463,-0.7307256210616985,-1.2871739185595539,0.15530003138348158,-0.2624793467193852,6.836609446503601,3.6954955811927244,2.096616093876806,2.0207422344451755,1,1
2019-01-31,0.0,0.766110293004566,1.042999257851569,0.8318142611269357,0.9625701502369918,1.0698078820307655,1.0954535443046443,2.245723631355456,2.354960781412263,1.7447580982503883,3.005283299029391,0.0,1.4385165414668653,0.2300339238846243,-0.32240816720222853,1.1192667755018548,0.6920778659769726,7.7984549675465855,4.6550794503286195,3.0670285583006747,2.9940122927286015,0.2851910648390703,1,1
2019-02-01,0.0,0.26842029338313766,0.04922527709258917,0.1896656459697239,0.2941720201426913,0.31851404563580576,1.4510229667579735,1.5652545073014874,0.9621399383326116,2.1984255417994722,1.2194818475099902,0.0,-1.1998914741210656,-1.7507336539903442,-0.32757323309837083,-0.7349507444230464,6.263491187805875,3.1664298948439695,1.5839993117434603,1.507737156662527,-1.1564847371911,-1.9989823024483682,1,1
2019-02-04,0.0,-0.2204681717806083,-0.07764518990644795,0.025213627806567246,0.04894217169223,1.1676714306183735,1.282848715314829,0.6862565469701726,1.9058301616461915,0.9345200737548942,2.4245055748416178,0.0,-0.5480549007431252,0.8798815211239894,0.4590508223838642,7.495045252785985,4.382574066170564,2.807297651653357,2.734309212469377,0.05286845373823401,-0.7808299997995227,-0.36215004556796626,1,1
2019-02-05,0.0,0.13818470347963374,0.24040015831624384,0.26416744453515595,1.3725797414746397,1.48479892077129,0.8943708637844572,2.1040528384427617,1.1451724858426335,2.619176416263075,1.3895126548215608,0.0,1.4278197682528224,1.001543110009372,8.043341025146319,4.9288494447630535,3.359353733671386,3.2879717492641842,0.6029964614720558,-0.2253619498596564,0.19447493727665344,0.956701877747393,1,1
2019-02-06,0.0,0.10322985477881114,0.12711171977712127,1.2486752973666957,1.3634583149445527,0.7655943390875395,1.9887482016337954,1.0162337756012052,2.509183289368367,1.2626317007714771,0.6944576993660414,0.0,-0.4079984334953741,6.54898521348506,3.4705961196953283,1.9017529008828093,1.8269343045631414,-0.8222920901989441,-1.6562118220758586,-1.2435237744685534,-0.49292647382361987,-0.6373255721653399,1,1
2019-02-07,0.0,0.023663293294734516,1.1407354143257524,1.2559636709104227,0.6601778097462158,1.8777865120534352,0.9075093854772494,2.3955497118041604,1.1523027982648744,0.5854607286113072,2.0739071210823674,0.0,7.052018384829035,3.9319946523561247,2.3471217790667023,2.272552608168631,-0.413872259916656,-1.2545851578638219,-0.8356404975855911,-0.07406500400026461,-0.22193160231002595,-0.012613716477244186,1,1
2019-02-08,0.0,1.1150733525897474,1.2303030755288955,0.6355107122927428,1.8507923227246195,0.8818710207385014,2.367494228710472,1.1260846684053667,0.5600403679606258,2.046145164130252,1.596866820875924,0.0,-2.917321589682277,-4.4817774240173796,-4.571569214260239,-7.061694921917374,-7.919149641177324,-7.538163315231267,-6.839215278056708,-6.9533797828075095,-6.8012246476256255,-6.5525968062339945,1,0
2019-02-11,0.0,0.12159152326372302,-0.4601644066103472,0.7148628778932984,-0.24485543781410946,1.2111557351387263,-0.013869472245466419,-0.574276367868777,0.8857035636201873,0.4555684771846038,7.649291611239828,0.0,-1.5715846666161197,-1.654809701597374,-4.225980608142012,-5.0754573013548185,-4.678699119840605,-3.95379919819809,-4.082190350702429,-3.9058638033596824,-3.6461394986924107,-3.192773587441133,1,0
2019-02-12,0.0,-0.585461003178952,0.5955092866435616,-0.3716824719747167,1.0939353306921413,-0.14011623091185976,-0.7048579273999152,0.7651495687078973,0.333326617553408,7.574984394294297,4.371394770751461,0.0,-0.07869493345704193,-2.6613433089081284,-3.496075530007861,-3.0958044403788705,-2.3660138819731054,-2.5004075806683885,-2.3133662581970493,-2.050930619202404,-1.5975491483287596,-1.9150256436339892,1,0
2019-02-13,0.0,1.19883831070663,0.2296728285472045,1.706627308718919,0.4675844820150159,-0.09845019790112275,1.3810229971570989,0.9403097144071979,8.235708902627124,5.008954768936338,3.3816649147408437,0.0,-2.5770919746291936,-3.4091091030587064,-3.0096127943451405,-2.2813102742402105,-2.415684077765769,-2.2285528508440984,-1.9666048642041498,-1.5142984017589411,-1.8311096255151733,-3.1367817362750445,1,0
2019-02-14,0.0,-0.9532228580518212,0.4830923355294463,-0.7307256210616985,-1.2871739185595539,0.15530003138348158,-0.2624793467193852,6.836609446503601,3.6954955811927244,2.096616093876806,2.0207422344451755,0.0,-0.827501288486949,-0.4122994629618165,0.34208102141920893,0.19428967254448648,0.4040811151098682,0.6770154910578114,1.1404185986463744,0.8128709697796548,-0.5386192639634477,0.921704462839906,1,0
2019-02-15,0.0,1.4385165414668653,0.2300339238846243,-0.32240816720222853,1.1192667755018548,0.6920778659769726,7.7984549675465855,4.6550794503286195,3.0670285583006747,2.9940122927286015,0.2851910648390703,0.0,0.41536054679937573,1.1692508624508757,1.0189232294739508,1.2334598933018048,1.506708438092689,1.9682508716109377,1.641101883766828,0.2907753022464834,1.7530158970293603,0.22016774724878185,1,0
2019-02-19,0.0,-1.1998914741210656,-1.7507336539903442,-0.32757323309837083,-0.7349507444230464,6.263491187805875,3.1664298948439695,1.5839993117434603,1.507737156662527,-1.1564847371911,-1.9989823024483682,0.0,0.7489190224272843,0.600895416225425,0.8115829565948518,1.0827845320661762,1.5420612293451335,1.2169768578881994,-0.12458779952107137,1.326581363471505,-0.19603472256163207,-1.479898108302811,1,0
2019-02-20,0.0,-0.5480549007431252,0.8798815211239894,0.4590508223838642,7.495045252785985,4.382574066170564,2.807297651653357,2.734309212469377,0.05286845373823401,-0.7808299997995227,-0.36215004556796626,0.0,-0.1440478003346558,0.05996483285537513,0.3277597344220302,0.7834086655610306,0.4617140086627872,-0.8654310106959447,0.5672984029300088,-0.9384390241252958,-2.209672879861257,-2.805341989738258,1,0
2019-02-21,0.0,1.4278197682528224,1.001543110009372,8.043341025146319,4.9288494447630535,3.359353733671386,3.2879717492641842,0.6029964614720558,-0.2253619498596564,0.19447493727665344,0.956701877747393,0.0,0.20595911978682413,0.4752702515229458,0.9330783416769811,0.6096985787626172,-0.7244827808166729,0.716400070820608,-0.7974211668957548,-2.0751655179744954,-2.6747575346039296,-1.6816819020077336,1,0
2019-02-22,0.0,-0.4079984334953741,6.54898521348506,3.4705961196953283,1.9017529008828093,1.8269343045631414,-0.8222920901989441,-1.6562118220758586,-1.2435237744685534,-0.49292647382361987,-0.6373255721653399,0.0,0.26679745887999956,0.720921803257169,0.4003694424558647,-0.9220284113292256,0.5053475812073809,-0.9949625984434224,-2.261743376503174,-2.8549681235399107,-1.8685869742982484,-1.9437348085785189,1,0
2019-02-25,0.0,7.052018384829035,3.9319946523561247,2.3471217790667023,2.272552608168631,-0.413872259916656,-1.2545851578638219,-0.8356404975855911,-0.07406500400026461,-0.22193160231002595,-0.012613716477244186,0.0,0.45257028590407866,0.13340764369305955,-1.1831031994257444,0.23690299145189309,-1.2565448550423768,-2.5181042232176316,-3.107294632218669,-2.12260481200282,-2.1969037597717938,-1.7680647220830705,1,0
2019-02-26,0.0,-2.917321589682277,-4.4817774240173796,-4.571569214260239,-7.061694921917374,-7.919149641177324,-7.538163315231267,-6.839215278056708,-6.9533797828075095,-6.8012246476256255,-6.5525968062339945,0.0,-0.31772962339477606,-1.628067985292605,-0.2164446613630827,-1.702579051260661,-2.9589337275812873,-3.5429944046506288,-2.5583346220445686,-2.631411399277069,-2.2106606284152446,-2.996092329034962,0,0
2019-02-27,0.0,-1.5715846666161197,-1.654809701597374,-4.225980608142012,-5.0754573013548185,-4.678699119840605,-3.95379919819809,-4.082190350702429,-3.9058638033596824,-3.6461394986924107,-3.192773587441133,0.0,-1.316133898712236,0.10295500284505238,-1.389973050644474,-2.6513814404368774,-3.2397023357245,-2.253936607907369,-2.327955597151528,-1.9010385711966622,-2.688465253175628,-2.785568032840268,0,0
2019-02-28,0.0,-0.07869493345704193,-2.6613433089081284,-3.496075530007861,-3.0958044403788705,-2.3660138819731054,-2.5004075806683885,-2.3133662581970493,-2.050930619202404,-1.5975491483287596,-1.9150256436339892,0.0,1.4513668468937608,-0.07104228012837888,-1.354462206902589,-1.9610835643221798,-0.9701199005187329,-1.0481562026690618,-0.5949789550977839,-1.3912502028010303,-1.4806119192745077,-1.6814802103919475,0,0
2019-03-01,0.0,-2.5770919746291936,-3.4091091030587064,-3.0096127943451405,-2.2813102742402105,-2.415684077765769,-2.2285528508440984,-1.9666048642041498,-1.5142984017589411,-1.8311096255151733,-3.1367817362750445,0.0,-1.4849849857607347,-2.739902500875829,-3.3245849547594455,-2.3429787051314808,-2.416409493306571,-1.9931200220897107,-2.7768672103868965,-2.8741880008498377,-3.0696094486782473,-2.9297358089018535,0,0
2019-03-04,0.0,-0.827501288486949,-0.4122994629618165,0.34208102141920893,0.19428967254448648,0.4040811151098682,0.6770154910578114,1.1404185986463744,0.8128709697796548,-0.5386192639634477,0.921704462839906,0.0,-1.2805836796139731,-1.8862884573674008,-0.8981482179980607,-0.9761559118975893,-0.5229874398636657,-1.317240615127755,-1.4059069006739462,-1.6063806626007535,-1.4562509927991834,-1.3005623977391643,0,0
2019-03-05,0.0,0.41536054679937573,1.1692508624508757,1.0189232294739508,1.2334598933018048,1.506708438092689,1.9682508716109377,1.641101883766828,0.2907753022464834,1.7530158970293603,0.22016774724878185,0.0,-0.6227387724614402,0.368884310609652,0.28704604707280157,0.7653482931703894,-0.03630445018422497,-0.11719261432361827,-0.3216358275136254,-0.16286665875801165,-0.00010801034088303574,0.4586891323261868,0,0
2019-03-06,0.0,0.7489190224272843,0.600895416225425,0.8115829565948518,1.0827845320661762,1.5420612293451335,1.2169768578881994,-0.12458779952107137,1.326581363471505,-0.19603472256163207,-1.479898108302811,0.0,0.9993055143470932,0.9150765072472096,1.4087129406591827,0.5985767664422392,0.52105925464328,0.31342008387171005,0.47742634577339915,0.644667903088922,1.1093067722988375,-0.021445430388465248,0,0
2019-03-07,0.0,-0.1440478003346558,0.05996483285537513,0.3277597344220302,0.7834086655610306,0.4617140086627872,-0.8654310106959447,0.5672984029300088,-0.9384390241252958,-2.209672879861257,-2.805341989738258,0.0,-0.08194577824682905,0.3961732307833812,-0.4154355629541444,-0.49984780347347835,-0.7062146373248226,-0.547593927711342,-0.3844594577182998,0.07944759861123529,-1.0461708616599643,-0.343814810365914,0,0
2019-03-08,0.0,0.20595911978682413,0.4752702515229458,0.9330783416769811,0.6096985787626172,-0.7244827808166729,0.716400070820608,-0.7974211668957548,-2.0751655179744954,-2.6747575346039296,-1.6816819020077336,0.0,0.48073956218429337,-0.3330252094012869,-0.4171060370184172,-0.6241567982157732,-0.46464711970912553,-0.3007163878737562,0.16455269625258184,-0.9646473485934737,-0.2592940689494778,-1.8676195542202814,0,0
2019-03-11,0.0,0.26679745887999956,0.720921803257169,0.4003694424558647,-0.9220284113292256,0.5053475812073809,-0.9949625984434224,-2.261743376503174,-2.8549681235399107,-1.8685869742982484,-1.9437348085785189,0.0,-0.7996133283213438,-0.8853748902616168,-1.0880572946535336,-0.9339664153802201,-0.7749391651949051,-0.3184947375646805,-1.4247123980635237,-0.7380252172935453,-2.3064516640238457,-2.099772597333061,0,0
2019-03-12,0.0,0.45257028590407866,0.13340764369305955,-1.1831031994257444,0.23690299145189309,-1.2565448550423768,-2.5181042232176316,-3.107294632218669,-2.12260481200282,-2.1969037597717938,-1.7680647220830705,0.0,-0.08061108891110136,-0.28502321168682326,-0.12612080513513202,0.036723830366219845,0.4953752042557322,-0.6188502548387435,0.08014128248566799,-1.5118298130433365,-1.304779731820877,-1.3951031110065764,0,0
2019-03-13,0.0,-0.31772962339477606,-1.628067985292605,-0.2164446613630827,-1.702579051260661,-2.9589337275812873,-3.5429944046506288,-2.5583346220445686,-2.631411399277069,-2.2106606284152446,-2.996092329034962,0.0,-0.20323353528372262,-0.04490234248201119,0.11724610740875085,0.5730864314524494,-0.5345733255533303,0.16102380239516267,-1.422770769971948,-1.2170519057261222,-1.3062508732502511,-2.260203596237216,0,0
2019-03-14,0.0,-1.316133898712236,0.10295500284505238,-1.389973050644474,-2.6513814404368774,-3.2397023357245,-2.253936607907369,-2.327955597151528,-1.9010385711966622,-2.688465253175628,-2.785568032840268,0.0,0.1598077920068175,0.32318702730945037,0.780326453640182,-0.331160537426409,0.3686843481122146,-1.2236485247540103,-1.0175018066569443,-1.1055014940171102,-2.063179061212578,-1.7940566990881224,0,0
2019-03-15,0.0,1.4513668468937608,-0.07104228012837888,-1.354462206902589,-1.9610835643221798,-0.9701199005187329,-1.0481562026690618,-0.5949789550977839,-1.3912502028010303,-1.4806119192745077,-1.6814802103919475,0.0,0.1617223807801515,0.6158929530223087,-0.48785586797604397,0.20568804494020654,-1.3731840618151943,-1.1682533508050879,-1.2568081301615281,-2.2074862592649396,-1.9406903592255687,-2.612438646855626,0,0
2019-03-18,0.0,-1.4849849857607347,-2.739902500875829,-3.3245849547594455,-2.3429787051314808,-2.416409493306571,-1.9931200220897107,-2.7768672103868965,-2.8741880008498377,-3.0696094486782473,-2.9297358089018535,0.0,0.45178674897892723,-0.6456441542744519,0.04248702590202513,-1.5249489848358542,-1.3209699443698755,-1.4101971804648037,-2.3550981879697614,-2.0902867744390656,-2.759554790339481,-1.9049053017454813,0,0
2019-03-19,0.0,-1.2805836796139731,-1.8862884573674008,-0.8981482179980607,-0.9761559118975893,-0.5229874398636657,-1.317240615127755,-1.4059069006739462,-1.6063806626007535,-1.4562509927991834,-1.3005623977391643,0.0,-1.0913127603614545,-0.41105465156737403,-1.963041674267448,-1.759580485430245,-1.8516098292514167,-2.7903047028763197,-2.528249115273904,-3.1976045232579198,-2.3518953361724506,-4.537721529788637,0,0
2019-03-20,0.0,-0.6227387724614402,0.368884310609652,0.28704604707280157,0.7653482931703894,-0.03630445018422497,-0.11719261432361827,-0.3216358275136254,-0.16286665875801165,-0.00010801034088303574,0.4586891323261868,0.0,0.7018271159155856,-0.893194730954739,-0.687795231012586,-0.7732418507486777,-1.7302565942389119,-1.4605727801521382,-2.1319048270682726,-1.261463087091294,-3.477985357006008,-2.0159383045825687,0,0
2019-03-21,0.0,0.9993055143470932,0.9150765072472096,1.4087129406591827,0.5985767664422392,0.52105925464328,0.31342008387171005,0.47742634577339915,0.644667903088922,1.1093067722988375,-0.021445430388465248,0.0,-1.5539350393521645,-1.3515742053686777,-1.4403751174451913,-2.377426123318213,-2.1149091914657303,-2.7790338382379614,-1.9317938276172972,-4.109412713726171,-2.6745225450285544,-3.7396800727253767,0,0
2019-03-22,0.0,-0.08194577824682905,0.3961732307833812,-0.4154355629541444,-0.49984780347347835,-0.7062146373248226,-0.547593927711342,-0.3844594577182998,0.07944759861123529,-1.0461708616599643,-0.343814810365914,0.0,0.20824436551845496,0.12781981718854807,-0.8502508941806252,-0.5725627735653586,-1.2495325848611132,-0.35316228474690803,-2.608597146132083,-1.1188731217680958,-2.2186652488439162,-1.5607427128538323,0,0
2019-03-25,0.0,0.48073956218429337,-0.3330252094012869,-0.4171060370184172,-0.6241567982157732,-0.46464711970912553,-0.3007163878737562,0.16455269625258184,-0.9646473485934737,-0.2592940689494778,-1.8676195542202814,0.0,-0.08181857542155868,-1.0577017499137742,-0.7811069154721959,-1.4586451953817026,-0.5658251705106059,-2.818462774957365,-1.3310466375653138,-2.4299181570609996,-1.7738049158626292,-3.1394533965569265,0,0
2019-03-26,0.0,-0.7996133283213438,-0.8853748902616168,-1.0880572946535336,-0.9339664153802201,-0.7749391651949051,-0.3184947375646805,-1.4247123980635237,-0.7380252172935453,-2.3064516640238457,-2.099772597333061,0.0,-0.9700889962137471,-0.6949529538581174,-1.3676593680089635,-0.47953993537849127,-2.7179297650824683,-1.2397427886197518,-2.3314919402350056,-1.6791430526008337,-3.036067373695518,-4.016871816720406,0,0
2019-03-27,0.0,-0.08061108891110136,-0.28502321168682326,-0.12612080513513202,0.036723830366219845,0.4953752042557322,-0.6188502548387435,0.08014128248566799,-1.5118298130433365,-1.304779731820877,-1.3951031110065764,0.0,0.2826731661915518,-0.393172092918435,0.5193767510571536,-1.7515730344983877,-0.24971145087676838,-1.3552484466620731,-0.688721663370901,-2.064331629482477,-3.065574800510959,-2.170429884741186,0,0
2019-03-28,0.0,-0.20323353528372262,-0.04490234248201119,0.11724610740875085,0.5730864314524494,-0.5345733255533303,0.16102380239516267,-1.422770769971948,-1.2170519057261222,-1.3062508732502511,-2.260203596237216,0.0,-0.6734280017363794,0.2300318961091623,-2.0264448783557842,-0.53477264353523,-1.6338590678999703,-0.9729134168252676,-2.340055724593188,-3.3331628549906145,-2.4447233719840913,-2.1842924707474216,0,0
2019-03-29,0.0,0.1598077920068175,0.32318702730945037,0.780326453640182,-0.331160537426409,0.3686843481122146,-1.2236485247540103,-1.0175018066569443,-1.1055014940171102,-2.063179061212578,-1.7940566990881224,0.0,0.9112505171101195,-1.3452143662020346,0.1479214085019558,-0.949741847893219,-0.28562433332099135,-1.6520467332971736,-2.6493283543922046,-1.7585105828215828,-1.4980535210487698,0.02095165097709062,0,0
2019-04-01,0.0,0.1617223807801515,0.6158929530223087,-0.48785586797604397,0.20568804494020654,-1.3731840618151943,-1.1682533508050879,-1.2568081301615281,-2.2074862592649396,-1.9406903592255687,-2.612438646855626,0.0,-2.2107598329464198,-0.7497961458065148,-1.8270836451296637,-1.1805794802791958,-2.520258834599624,-3.4918624976218813,-2.6222114529137355,-2.36706607393803,-0.8847832839086534,-1.1713647327185253,0,0
2019-04-02,0.0,0.45178674897892723,-0.6456441542744519,0.04248702590202513,-1.5249489848358542,-1.3209699443698755,-1.4101971804648037,-2.3550981879697614,-2.0902867744390656,-2.759554790339481,-1.9049053017454813,0.0,1.4988224337837737,0.4019227935345023,1.0735569259411708,-0.2939955812295222,-1.3014002005415533,-0.4042120119992321,-0.14321630324737533,1.3876015247685185,1.0931036998230252,1.415373469193888,0,0
2019-04-03,0.0,-1.0913127603614545,-0.41105465156737403,-1.963041674267448,-1.759580485430245,-1.8516098292514167,-2.7903047028763197,-2.528249115273904,-3.1976045232579198,-2.3518953361724506,-4.537721529788637,0.0,-1.0814910571048202,-0.4280188925628592,-1.7740849263331202,-2.7555064204035653,-1.8785674058666237,-1.62202538956143,-0.12678848164996137,-0.41538624409421065,-0.09930501981097617,-1.0792478077937573,0,0
2019-04-04,0.0,0.7018271159155856,-0.893194730954739,-0.687795231012586,-0.7732418507486777,-1.7302565942389119,-1.4605727801521382,-2.1319048270682726,-1.261463087091294,-3.477985357006008,-2.0159383045825687,0.0,0.6642858233628122,-0.6924871413587137,-1.689209566955225,-0.8007543611109748,-0.541911216796968,0.9737277303576808,0.6818949062654523,1.0013206822337817,0.010242772594065142,-1.1067866578148988,0,0
2019-04-05,0.0,-1.5539350393521645,-1.3515742053686777,-1.4403751174451913,-2.377426123318213,-2.1149091914657303,-2.7790338382379614,-1.9317938276172972,-4.109412713726171,-2.6745225450285544,-3.7396800727253767,0.0,-1.3423282663802336,-2.3239439902241203,-1.4476712083879204,-1.1917400708062744,0.3026593385341142,0.01449698269582983,0.3300239766931581,-0.6484989498633807,-1.7541096399713583,-1.8099067064691425,0,0
2019-04-08,0.0,0.20824436551845496,0.12781981718854807,-0.8502508941806252,-0.5725627735653586,-1.2495325848611132,-0.35316228474690803,-2.608597146132083,-1.1188731217680958,-2.2186652488439162,-1.5607427128538323,0.0,-1.002162883244306,-0.1102113477981787,0.14897851767686032,1.6710640456639725,1.3784319106042606,1.6986073813815001,0.7047201812749513,-0.41259511905925567,-0.46771149219710806,0.5782302539287001,0,0
2019-04-09,0.0,-0.08181857542155868,-1.0577017499137742,-0.7811069154721959,-1.4586451953817026,-0.5658251705106059,-2.818462774957365,-1.3310466375653138,-2.4299181570609996,-1.7738049158626292,-3.1394533965569265,0.0,0.9100793073620819,1.1735464668285092,2.7272770667925625,2.4292121978797927,2.755146989335727,1.7426683161806835,0.6087032535075088,0.5537260053421595,1.6258695745843406,0.3712794238545096,0,1
2019-04-10,0.0,-0.9700889962137471,-0.6949529538581174,-1.3676593680089635,-0.47953993537849127,-2.7179297650824683,-1.2397427886197518,-2.3314919402350056,-1.6791430526008337,-3.036067373695518,-4.016871816720406,0.0,0.26015999907157045,1.7886490098581878,1.4948562450504768,1.816281590802122,0.8184373208802032,-0.3028664274984745,-0.35807559798699884,0.6927487567025792,-0.5442554517920282,-1.4074832834152693,0,0
2019-04-11,0.0,0.2826731661915518,-0.393172092918435,0.5193767510571536,-1.7515730344983877,-0.24971145087676838,-1.3552484466620731,-0.688721663370901,-2.064331629482477,-3.065574800510959,-2.170429884741186,0.0,1.5227498910082022,1.2298950008619711,1.5503411510643437,0.5557178043212072,-0.5630452613218692,-0.6183731910924573,0.42737490185616944,-0.8057949158346569,-1.6666530344266497,-1.1191698833636794,0,0
2019-04-12,0.0,-0.6734280017363794,0.2300318961091623,-2.0264448783557842,-0.53477264353523,-1.6338590678999703,-0.9729134168252676,-2.340055724593188,-3.3331628549906145,-2.4447233719840913,-2.1842924707474216,0.0,-0.2856586411850064,0.02718094952002133,-0.94279908477921,-2.0400015408502834,-2.0956539862088195,-1.0854314819339161,-2.288952559420282,-3.1308603968145863,-2.6021041655564336,-1.9526477025568711,0,0
2019-04-15,0.0,0.9112505171101195,-1.3452143662020346,0.1479214085019558,-0.949741847893219,-0.28562433332099135,-1.6520467332971736,-2.6493283543922046,-1.7585105828215828,-1.4980535210487698,0.02095165097709062,0.0,0.31407996199764826,-0.6599453460312896,-1.7605341206967902,-1.8160911987239767,-0.7997982984463665,-2.0081638355103615,-2.853123350784522,-2.32116485741604,-1.6691257120624294,-1.4004779296599434,0,0
2019-04-16,0.0,-2.2107598329464198,-0.7497961458065148,-1.8270836451296637,-1.1805794802791958,-2.520258834599624,-3.4918624976218813,-2.6222114529137355,-2.36706607393803,-0.8847832839086534,-1.1713647327185253,0.0,-0.9697713310922156,-2.0668504276500452,-2.12252192840063,-1.1126927784265153,-2.3159714661610735,-3.157741695331712,-2.6291937152096985,-1.9798650648986387,-1.7124957410965505,-0.800738365338025,0,0
2019-04-17,0.0,1.4988224337837737,0.4019227935345023,1.0735569259411708,-0.2939955812295222,-1.3014002005415533,-0.4042120119992321,-0.14321630324737533,1.3876015247685185,1.0931036998230252,1.415373469193888,0.0,-1.1088220288820443,-1.1641731920928207,-0.13340803350590447,-1.353442252209196,-2.2057773588133567,-1.666185690208769,-1.0079233782359887,-0.7363669073155105,0.17895910423166006,-1.6468060339800992,0,0
2019-04-18,0.0,-1.0814910571048202,-0.4280188925628592,-1.7740849263331202,-2.7555064204035653,-1.8785674058666237,-1.62202538956143,-0.12678848164996137,-0.41538624409421065,-0.09930501981097617,-1.0792478077937573,0.0,-0.054749637153154194,0.9958187556392131,-0.23840610836845466,-1.0993402029201143,-0.5492850289926786,0.1165108013820697,0.391753340554992,1.3073504878083335,-0.5383357999568119,-3.829014021960803,0,0
2019-04-22,0.0,0.6642858233628122,-0.6924871413587137,-1.689209566955225,-0.8007543611109748,-0.541911216796968,0.9737277303576808,0.6818949062654523,1.0013206822337817,0.010242772594065142,-1.1067866578148988,0.0,1.050564436159286,-0.18320837340243246,-1.0437630571770735,-0.49370527324597246,0.17184070611999913,0.4470081419462546,1.3617642772752319,-0.4831819115728132,-3.7718030740707755,-4.139217057676856,0,0
2019-04-23,0.0,-1.3423282663802336,-2.3239439902241203,-1.4476712083879204,-1.1917400708062744,0.3026593385341142,0.01449698269582983,0.3300239766931581,-0.6484989498633807,-1.7541096399713583,-1.8099067064691425,0.0,-1.208097342858952,-2.051939556767866,-1.5171380973467576,-0.8653306216557087,-0.5963694478709386,0.30878887288360013,-1.4989592676688535,-4.735042274560704,-5.090856169742338,-5.884952348622962,0,0
2019-04-24,0.0,-1.002162883244306,-0.1102113477981787,0.14897851767686032,1.6710640456639725,1.3784319106042606,1.6986073813815001,0.7047201812749513,-0.41259511905925567,-0.46771149219710806,0.5782302539287001,0.0,-0.8565127508892103,-0.30822756087931585,0.3543366070041427,0.6283645093561941,1.5373760414066517,-0.2991472077440249,-3.5703134326388324,-3.9367933211836204,-4.762660133091531,-5.48249011780868,0,0
2019-04-25,0.0,0.9100793073620819,1.1735464668285092,2.7272770667925625,2.4292121978797927,2.755146989335727,1.7426683161806835,0.6087032535075088,0.5537260053421595,1.6258695745843406,0.3712794238545096,0.0,0.5572769713068058,1.226744300470457,1.5040694498854563,2.4147482071854,0.5598352742617345,-2.7325142280604915,-3.1061874901461883,-3.953799845233475,-4.681486328868724,-5.720821095579267,1,1
2019-04-26,0.0,0.26015999907157045,1.7886490098581878,1.4948562450504768,1.816281590802122,0.8184373208802032,-0.3028664274984745,-0.35807559798699884,0.6927487567025792,-0.5442554517920282,-1.4074832834152693,0.0,0.6620785517952275,0.9360623871667169,1.8416409084336092,0.006727774067477488,-3.257467748124045,-3.624875656600275,-4.454796264050497,-5.174225125547787,-6.201374190578724,-7.195421009717363,0,0
2019-04-29,0.0,1.5227498910082022,1.2298950008619711,1.5503411510643437,0.5557178043212072,-0.5630452613218692,-0.6183731910924573,0.42737490185616944,-0.8057949158346569,-1.6666530344266497,-1.1191698833636794,0.0,0.27126725141125824,1.1748667542485083,-0.6446530504844297,-3.8902087449823815,-4.251871858920013,-5.064647561129242,-5.7775509343276745,-6.794916923208586,-7.783759868254869,-10.0777234438052,0,0
2019-04-30,0.0,-0.2856586411850064,0.02718094952002133,-0.94279908477921,-2.0400015408502834,-2.0956539862088195,-1.0854314819339161,-2.288952559420282,-3.1308603968145863,-2.6021041655564336,-1.9526477025568711,0.0,0.9023283820249235,-0.9099791204921616,-4.146266192609274,-4.505400651298857,-5.3107666638013695,-6.020642621930303,-7.033496287858506,-8.019709124060778,-10.298918809481567,-9.512493683237935,0,0
2019-05-01,0.0,0.31407996199764826,-0.6599453460312896,-1.7605341206967902,-1.8160911987239767,-0.7997982984463665,-2.0081638355103615,-2.853123350784522,-2.32116485741604,-1.6691257120624294,-1.4004779296599434,0.0,-1.807641329140032,-5.04767833473516,-5.402208977432275,-6.191431018429622,-6.898802019254011,-7.907436431189849,-8.89544245640885,-11.14976460081365,-10.371479624193741,-10.34519485444389,0,0
2019-05-02,0.0,-0.9697713310922156,-2.0668504276500452,-2.12252192840063,-1.1126927784265153,-2.3159714661610735,-3.157741695331712,-2.6291937152096985,-1.9798650648986387,-1.7124957410965505,-0.800738365338025,0.0,-3.2890546703931927,-3.6592226943980246,-4.495334616042397,-5.220217276744209,-6.255148031444739,-7.256770135193336,-9.601536869568017,-8.79295293562183,-8.755660745237561,-9.206355366371065,0,0
2019-05-03,0.0,-1.1088220288820443,-1.1641731920928207,-0.13340803350590447,-1.353442252209196,-2.2057773588133567,-1.666185690208769,-1.0079233782359887,-0.7363669073155105,0.17895910423166006,-1.6468060339800992,0.0,-0.394035569781141,-1.3054037836871863,-2.0528358609965993,-3.1223494589375864,-4.135607057365872,-6.615676891124974,-5.762077253577022,-5.704977851238549,-6.137410826779842,-7.678187479634261,0,0
2019-05-06,0.0,-0.054749637153154194,0.9958187556392131,-0.23840610836845466,-1.0993402029201143,-0.5492850289926786,0.1165108013820697,0.391753340554992,1.3073504878083335,-0.5383357999568119,-3.829014021960803,0.0,-0.9256604403788633,-1.6800601830279513,-2.759825066169204,-3.7802305856865357,-6.290760054012408,-5.426865230803269,-5.36703877990881,-5.799703412566252,-7.355825216559968,-9.37053380257582,0,0
2019-05-07,0.0,1.050564436159286,-0.18320837340243246,-1.0437630571770735,-0.49370527324597246,0.17184070611999913,0.4470081419462546,1.3617642772752319,-0.4831819115728132,-3.7718030740707755,-4.139217057676856,0.0,-0.7758788664490995,-1.8870695180056052,-2.9309461012681552,-5.5307850620264505,-4.6366146886517035,-4.569753461342006,-5.005507164291165,-6.608319554055608,-8.682675181637233,-8.56649686184803,0,0
2019-05-08,0.0,-1.208097342858952,-2.051939556767866,-1.5171380973467576,-0.8653306216557087,-0.5963694478709386,0.30878887288360013,-1.4989592676688535,-4.735042274560704,-5.090856169742338,-5.884952348622962,0.0,-1.1240608577115871,-2.17489994436009,-4.818226847325924,-3.909473212672525,-3.837478288657466,-4.270453009773282,-5.892983308235783,-7.9921969481652555,-7.868356940703711,-9.146270894468039,0,0
2019-05-09,0.0,-0.8565127508892103,-0.30822756087931585,0.3543366070041427,0.6283645093561941,1.5373760414066517,-0.2991472077440249,-3.5703134326388324,-3.9367933211836204,-4.762660133091531,-5.48249011780868,0.0,-1.0618006830525668,-3.7709912780594768,-2.840136059265327,-2.760525377858582,-3.189690852269684,-4.8423659766603535,-6.9796183200080275,-6.844401437652104,-8.144018330844673,-10.86169553461417,0,0
2019-05-10,0.0,0.5572769713068058,1.226744300470457,1.5040694498854563,2.4147482071854,0.5598352742617345,-2.7325142280604915,-3.1061874901461883,-3.953799845233475,-4.681486328868724,-5.720821095579267,0.0,-2.753807400787463,-1.808123174730628,-1.7218184678486914,-2.1445546114042537,-3.8149387177070526,-5.974197098525603,-5.829087298776133,-7.1407327522848645,-9.889913126543483,-8.159026772530773,1,0
2019-05-13,0.0,0.6620785517952275,0.9360623871667169,1.8416409084336092,0.006727774067477488,-3.257467748124045,-3.624875656600275,-4.454796264050497,-5.174225125547787,-6.201374190578724,-7.195421009717363,0.0,1.0204856923539944,1.128583995025373,0.7090052340706636,-1.0697268641250042,-3.3665610423442747,-3.188625706930423,-4.5800892094748775,-7.514198323734186,-5.685061802150695,-7.826479229048924,0,0
2019-05-14,0.0,0.27126725141125824,1.1748667542485083,-0.6446530504844297,-3.8902087449823815,-4.251871858920013,-5.064647561129242,-5.7775509343276745,-6.794916923208586,-7.783759868254869,-10.0777234438052,0.0,0.1003119480593696,-0.3207256863580983,-2.06169100579372,-4.310599581612783,-4.144380570854176,-5.508083599543266,-8.377654837356742,-6.5826009923606446,-8.677328721971483,-10.993944201966722,0,0
2019-05-15,0.0,0.9023283820249235,-0.9099791204921616,-4.146266192609274,-4.505400651298857,-5.3107666638013695,-6.020642621930303,-7.033496287858506,-8.019709124060778,-10.298918809481567,-9.512493683237935,0.0,-0.4190626715736068,-2.1476103414553336,-4.380561773977306,-4.216315577544152,-5.570468710099735,-8.419350273297015,-6.636628390330274,-8.7162940086922,-11.016489796366377,-11.77892406708837,0,0
2019-05-16,0.0,-1.807641329140032,-5.04767833473516,-5.402208977432275,-6.191431018429622,-6.898802019254011,-7.907436431189849,-8.89544245640885,-11.14976460081365,-10.371479624193741,-10.34519485444389,0.0,-1.7228882741451863,-3.948182355667637,-3.7812061102471004,-5.130191402644637,-7.970667462809345,-6.19573945220913,-8.26909921892521,-10.561332900486093,-11.319350091782876,-13.231056475668996,0,0
2019-05-17,0.0,-3.2890546703931927,-3.6592226943980246,-4.495334616042397,-5.220217276744209,-6.255148031444739,-7.256770135193336,-9.601536869568017,-8.79295293562183,-8.755660745237561,-9.206355366371065,0.0,-2.2897380993856515,-2.103937556145906,-3.4897629347804777,-6.418292436973493,-4.599100942429999,-6.736012628288719,-9.094313890047175,-9.86662671922848,-11.846165886537253,-13.177764815368104,0,0
2019-05-20,0.0,-0.394035569781141,-1.3054037836871863,-2.0528358609965993,-3.1223494589375864,-4.135607057365872,-6.615676891124974,-5.762077253577022,-5.704977851238549,-6.137410826779842,-7.678187479634261,0.0,0.21152480662257633,-1.2233623983501785,-4.269638459412099,-2.391692282601144,-4.6135574977080465,-7.06000357082045,-7.851060509210614,-9.92165353136446,-11.300258757365242,-10.206200924715105,0,0
2019-05-21,0.0,-0.9256604403788633,-1.6800601830279513,-2.759825066169204,-3.7802305856865357,-6.290760054012408,-5.426865230803269,-5.36703877990881,-5.799703412566252,-7.355825216559968,-9.37053380257582,0.0,-1.419230204676342,-4.431034735509804,-2.5730855144427363,-4.769892255341508,-7.189236059198072,-7.972413905738321,-10.018577338117,-11.38215157909385,-10.303879080056372,-12.062104670021686,0,0
2019-05-22,0.0,-0.7758788664490995,-1.8870695180056052,-2.9309461012681552,-5.5307850620264505,-4.6366146886517035,-4.569753461342006,-5.005507164291165,-6.608319554055608,-8.682675181637233,-8.56649686184803,0.0,-3.081144356156705,-1.1891006740190808,-3.4359018405467827,-5.90691874179511,-6.700702327421942,-8.80088930321726,-10.191915546247515,-9.065244165543714,-10.842341473914004,-10.510206570049633,0,0
2019-05-23,0.0,-1.1240608577115871,-2.17489994436009,-4.818226847325924,-3.909473212672525,-3.837478288657466,-4.270453009773282,-5.892983308235783,-7.9921969481652555,-7.868356940703711,-9.146270894468039,0.0,1.9808470590789276,-0.393229539692289,-2.996624861987481,-3.8191766184571003,-6.0550694232506235,-7.516859763439594,-6.2728199888814,-8.103139986490033,-7.7364053069567635,-7.197307749355112,0,0
2019-05-24,0.0,-1.0618006830525668,-3.7709912780594768,-2.840136059265327,-2.760525377858582,-3.189690852269684,-4.8423659766603535,-6.9796183200080275,-6.844401437652104,-8.144018330844673,-10.86169553461417,0.0,-2.308630359766318,-4.8447788663212625,-5.654293103371719,-7.818591015793167,-9.244864425791292,-8.06697935719063,-9.875073422951317,-9.527840932993803,-9.02040434715441,-7.440700694262047,0,0
2019-05-28,0.0,-2.753807400787463,-1.808123174730628,-1.7218184678486914,-2.1445546114042537,-3.8149387177070526,-5.974197098525603,-5.829087298776133,-7.1407327522848645,-9.889913126543483,-8.159026772530773,0.0,-2.6350081315412606,-3.465851228578721,-5.731755128795921,-7.21083250753129,-5.944654547646989,-7.792021823105662,-7.418760907649102,-6.869451210657537,-5.227043460575167,-4.29623666865851,0,0
2019-05-29,0.0,1.0204856923539944,1.128583995025373,0.7090052340706636,-1.0697268641250042,-3.3665610423442747,-3.188625706930423,-4.5800892094748775,-7.514198323734186,-5.685061802150695,-7.826479229048924,0.0,-0.8537096942209843,-3.2336169320040185,-4.771037350982136,-3.4036867987166897,-5.29220697910665,-4.889120737465575,-4.291676294522774,-2.579645211844971,-1.6178018869341622,-2.513163116189873,0,0
2019-05-30,0.0,0.1003119480593696,-0.3207256863580983,-2.06169100579372,-4.310599581612783,-4.144380570854176,-5.508083599543266,-8.377654837356742,-6.5826009923606446,-8.677328721971483,-10.993944201966722,0.0,-2.406667888831614,-3.956395988733984,-2.5620621847558116,-4.455771392503774,-4.044730565675687,-3.4342177202178386,-1.7069666785295061,-0.7392014540527763,-1.6421765172747185,0.4863554357212738,0,0
2019-05-31,0.0,-0.4190626715736068,-2.1476103414553336,-4.380561773977306,-4.216315577544152,-5.570468710099735,-8.419350273297015,-6.636628390330274,-8.7162940086922,-11.016489796366377,-11.77892406708837,0.0,-1.6166217585119507,-0.11489247506031486,-2.061113484939771,-1.6184128725365545,-0.9571564388941303,0.8491091849057648,1.8534136021242773,0.910148610961806,3.1317820772153446,3.890089731680705,0,1
2019-06-03,0.0,-1.7228882741451863,-3.948182355667637,-3.7812061102471004,-5.130191402644637,-7.970667462809345,-6.19573945220913,-8.26909921892521,-10.561332900486093,-11.319350091782876,-13.231056475668996,0.0,1.5660244459162649,-0.40401485579140095,0.05763975236951957,0.7495788399709182,2.598739096691898,3.621816921125739,2.6568195707504456,4.928408211790014,5.698550862222819,5.986472478820153,0,1
2019-06-04,0.0,-2.2897380993856515,-2.103937556145906,-3.4897629347804777,-6.418292436973493,-4.599100942429999,-6.736012628288719,-9.094313890047175,-9.86662671922848,-11.846165886537253,-13.177764815368104,0.0,-1.911903466564628,-1.476100820046347,-0.8249887026169909,0.9508219369577158,1.9378524523660148,1.0105364279460756,3.194523413689959,3.939631287357353,4.215806142068958,6.087796882889865,0,1
2019-06-05,0.0,0.21152480662257633,-1.2233623983501785,-4.269638459412099,-2.391692282601144,-4.6135574977080465,-7.06000357082045,-7.851060509210614,-9.92165353136446,-11.300258757365242,-10.206200924715105,0.0,0.4524913249358825,1.1312342799995565,2.935877039106858,3.9331515949444564,2.991540399384342,5.207793895746531,5.957969122243211,6.239043517453624,8.150979992751234,7.466533422048757,0,1
2019-06-06,0.0,-1.419230204676342,-4.431034735509804,-2.5730855144427363,-4.769892255341508,-7.189236059198072,-7.972413905738321,-10.018577338117,-11.38215157909385,-10.303879080056372,-12.062104670021686,0.0,0.6668835262001589,2.4503825287426464,3.437296810141473,2.506543589029527,4.697562002614092,5.440558062512505,5.71824412864191,7.605592081475977,6.926993672313802,8.64086287032458,0,1
2019-06-07,0.0,-3.081144356156705,-1.1891006740190808,-3.4359018405467827,-5.90691874179511,-6.700702327421942,-8.80088930321726,-10.191915546247515,-9.065244165543714,-10.842341473914004,-10.510206570049633,0.0,1.7503439588074523,2.7208327296528863,1.8071293107003445,3.9584778709822452,4.689997805250222,4.962383633262958,6.811471947730908,6.142338710951824,7.820958207722041,8.011421165252724,0,1
2019-06-10,0.0,1.9808470590789276,-0.393229539692289,-2.996624861987481,-3.8191766184571003,-6.0550694232506235,-7.516859763439594,-6.2728199888814,-8.103139986490033,-7.7364053069567635,-7.197307749355112,0.0,0.9500448771165959,0.059641124048353256,2.1573426007557295,2.8757652830898457,3.140649334752094,4.9329870855823135,4.273195909911892,5.898974717571496,6.087514547901663,5.269897720140068,0,1
2019-06-11,0.0,-2.308630359766318,-4.8447788663212625,-5.654293103371719,-7.818591015793167,-9.244864425791292,-8.06697935719063,-9.875073422951317,-9.527840932993803,-9.02040434715441,-7.440700694262047,0.0,-0.8804116939012062,1.1944191360785557,1.9078476909488558,2.1694523214055725,3.9363771033121484,3.2797271302897375,4.881720738615464,5.069764560326277,4.261228580083474,5.368476354061317,0,1
2019-06-12,0.0,-2.6350081315412606,-3.465851228578721,-5.731755128795921,-7.21083250753129,-5.944654547646989,-7.792021823105662,-7.418760907649102,-6.869451210657537,-5.227043460575167,-4.29623666865851,0.0,2.101218990619111,2.821026876557277,3.0863302017616223,4.881300015410213,4.220144768021507,5.848264378482563,6.037219542020836,5.2182422950678085,6.328981437602657,5.676782440584507,0,1
2019-06-13,0.0,-0.8537096942209843,-3.2336169320040185,-4.771037350982136,-3.4036867987166897,-5.29220697910665,-4.889120737465575,-4.291676294522774,-2.579645211844971,-1.6178018869341622,-2.513163116189873,0.0,0.7054797313730908,0.9623778018591046,2.6934760059924727,2.0423413511720625,3.6109315321580646,3.797895245033258,3.0026006038059796,4.105959518766639,3.4722875969688953,3.436965630182536,0,1
2019-06-14,0.0,-2.406667888831614,-3.956395988733984,-2.5620621847558116,-4.455771392503774,-4.044730565675687,-3.4342177202178386,-1.7069666785295061,-0.7392014540527763,-1.6421765172747185,0.4863554357212738,0.0,0.25485349994377604,1.9697551885458708,1.3200287618456077,2.873389737514046,3.0602453761546853,2.2704982308584443,3.3746817292338283,2.7453153102628445,2.7074770967537747,4.7343787196916,0,1
2019-06-17,0.0,-1.6166217585119507,-0.11489247506031486,-2.061113484939771,-1.6184128725365545,-0.9571564388941303,0.8491091849057648,1.8534136021242773,0.910148610961806,3.1317820772153446,3.890089731680705,0.0,1.7064861184896114,1.058247574004783,2.6037848867101414,2.7903194137834593,2.0037603802280186,3.106572602616395,2.4797053477846585,2.4410192935338104,4.459411133080577,5.200503066952599,1,1
2019-06-18,0.0,1.5660244459162649,-0.40401485579140095,0.05763975236951957,0.7495788399709182,2.598739096691898,3.621816921125739,2.6568195707504456,4.928408211790014,5.698550862222819,5.986472478820153,0.0,-0.636291363240491,0.853143121101525,1.0369310673233039,0.2737990094091799,1.3637778965935046,0.7553121538453326,0.7112897987883207,2.6674422950695407,3.3763477245289604,3.135161170525973,1,1
2019-06-19,0.0,-1.911903466564628,-1.476100820046347,-0.8249887026169909,0.9508219369577158,1.9378524523660148,1.0105364279460756,3.194523413689959,3.939631287357353,4.215806142068958,6.087796882889865,0.0,1.5005299692023941,1.684129245886059,0.9172959947297541,2.004866945329388,1.3935536336973602,1.3518124004319634,3.3182685837767485,4.034500607910398,3.794390272559882,2.506568561484939,1,1
2019-06-20,0.0,0.4524913249358825,1.1312342799995565,2.935877039106858,3.9331515949444564,2.991540399384342,5.207793895746531,5.957969122243211,6.239043517453624,8.150979992751234,7.466533422048757,0.0,0.18105695923905935,-0.5649211481124102,0.510532441198153,-0.08439017130792181,-0.13065723912350813,1.7804657970150197,2.4683949293454495,2.229717968767158,0.9613565392187726,2.5412911542073324,1,1
2019-06-21,0.0,0.6668835262001589,2.4503825287426464,3.437296810141473,2.506543589029527,4.697562002614092,5.440558062512505,5.71824412864191,7.605592081475977,6.926993672313802,8.64086287032458,0.0,-0.7452536439439279,0.3313227894348827,-0.26305120943764604,-0.30997601241122097,1.5990610789203568,2.285226868518695,2.0461490728768883,0.777087581738577,2.356483399772923,0.12798665223537842,1,1
2019-06-24,0.0,1.7503439588074523,2.7208327296528863,1.8071293107003445,3.9584778709822452,4.689997805250222,4.962383633262958,6.811471947730908,6.142338710951824,7.820958207722041,8.011421165252724,0.0,1.0794129946744746,0.4786101068690728,0.434095155391119,2.3651286763082773,3.063418698018266,2.8243413736610004,1.5493413069259803,3.1419958218284414,0.8891492138649681,1.8209379934343313,1,1
2019-06-25,0.0,0.9500448771165959,0.059641124048353256,2.1573426007557295,2.8757652830898457,3.140649334752094,4.9329870855823135,4.273195909911892,5.898974717571496,6.087514547901663,5.269897720140068,0.0,-0.5986940189273341,-0.647267628043368,1.2750405197713217,1.9640855558467833,1.7221107276573586,0.4403344793811912,2.0329239642305357,-0.211659675861821,0.7175616703165169,-0.29858333590049657,1,1
2019-06-26,0.0,-0.8804116939012062,1.1944191360785557,1.9078476909488558,2.1694523214055725,3.9363771033121484,3.2797271302897375,4.881720738615464,5.069764560326277,4.261228580083474,5.368476354061317,0.0,-0.046621343623920175,1.8931538067904585,2.591881738309909,2.3499433681176582,1.0635651245915736,2.666618431165371,0.4027163531751019,1.3394579071284398,0.31870371682114484,0.5129060423850191,1,1
2019-06-27,0.0,2.101218990619111,2.821026876557277,3.0863302017616223,4.881300015410213,4.220144768021507,5.848264378482563,6.037219542020836,5.2182422950678085,6.328981437602657,5.676782440584507,0.0,1.9335527074000525,2.6303014322277773,2.3893104122917137,1.1075984050931416,2.705202381226305,0.4486449984035139,1.3823109269491098,0.36518541636919455,0.5588466512171895,2.557106249434078,1,1
2019-06-28,0.0,0.7054797313730908,0.9623778018591046,2.6934760059924727,2.0423413511720625,3.6109315321580646,3.797895245033258,3.0026006038059796,4.105959518766639,3.4722875969688953,3.436965630182536,0.0,0.6652215358974022,0.42456420166966957,-0.8403986568148056,0.7215669227872408,-1.4704812329730441,-0.5620297942613982,-1.5628750469804116,-1.3783400212858576,0.5621177719561907,0.8342179262545799,1,0
2019-07-01,0.0,0.25485349994377604,1.9697551885458708,1.3200287618456077,2.873389737514046,3.0602453761546853,2.2704982308584443,3.3746817292338283,2.7453153102628445,2.7074770967537747,4.7343787196916,0.0,-0.2391790622305213,-1.4913243216090124,0.049779773394502125,-2.1081126752053,-1.21330473625289,-2.2029893306908597,-2.022573593797759,-0.11258578132933228,0.15555445062215,0.34078314098299,1,0
2019-07-02,0.0,1.7064861184896114,1.058247574004783,2.6037848867101414,2.7903194137834593,2.0037603802280186,3.106572602616395,2.4797053477846585,2.4410192935338104,4.459411133080577,5.200503066952599,0.0,-1.24963996106257,0.2902030140397994,-1.8676953833876184,-0.9730712119231955,-1.961144602990076,-1.7802756061524219,0.12980281144076633,0.3978419254924357,0.5821463477020958,-0.29445096517855657,1,0
2019-07-03,0.0,-0.636291363240491,0.853143121101525,1.0369310673233039,0.2737990094091799,1.3637778965935046,0.7553121538453326,0.7112897987883207,2.6674422950695407,3.3763477245289604,3.135161170525973,0.0,1.5450395514447701,-0.6293799434588324,0.2711232763373243,-0.7161062550617897,-0.5314935936148053,1.393653209165931,1.6632137790275188,1.8441111180525729,0.9550408142631984,1.6933577957075425,1,0
2019-07-05,0.0,1.5005299692023941,1.684129245886059,0.9172959947297541,2.004866945329388,1.3935536336973602,1.3518124004319634,3.3182685837767485,4.034500607910398,3.794390272559882,2.506568561484939,0.0,-2.137779620986037,-1.2512736181128505,-2.2320648207474743,-2.0534235357579114,-0.16125543875095538,0.1044064614468192,0.2880984028309427,-0.5790037074863545,0.14392602105373986,-0.4772468647847702,1,0
2019-07-08,0.0,0.18105695923905935,-0.5649211481124102,0.510532441198153,-0.08439017130792181,-0.13065723912350813,1.7804657970150197,2.4683949293454495,2.229717968767158,0.9613565392187726,2.5412911542073324,0.0,0.9130843899884352,-0.08419392482640087,0.10430186104409989,2.057629439901655,2.3308336555561215,2.5119016779732775,1.6069846081865211,2.3572608239589337,1.7057194142290402,2.0775718469050135,1,1
2019-07-09,0.0,-0.7452536439439279,0.3313227894348827,-0.26305120943764604,-0.30997601241122097,1.5990610789203568,2.285226868518695,2.0461490728768883,0.777087581738577,2.356483399772923,0.12798665223537842,0.0,-0.9911216001486878,-0.8066344830647147,1.122446220775241,1.3926863255800186,1.5750082437340225,0.6853272853129442,1.4246625914237065,0.7854176710664716,1.1509007743666424,1.2389894679337314,1,0
2019-07-10,0.0,1.0794129946744746,0.4786101068690728,0.434095155391119,2.3651286763082773,3.063418698018266,2.8243413736610004,1.5493413069259803,3.1419958218284414,0.8891492138649681,1.8209379934343313,0.0,0.1877660903926427,2.131935954093562,2.4038198885222095,2.5837158523602057,1.6826717998909912,2.429580742564964,1.7807054866509806,2.150976410588456,2.2463486217595587,1.377399332716565,1,1
2019-07-11,0.0,-0.5986940189273341,-0.647267628043368,1.2750405197713217,1.9640855558467833,1.7221107276573586,0.4403344793811912,2.0329239642305357,-0.211659675861821,0.7175616703165169,-0.29858333590049657,0.0,1.9352461393508449,2.205969906316346,2.3857596057608856,1.4896738918792107,2.2328200955309367,1.5877879615787096,1.9559990563370966,2.0497018456115335,1.1834766480171666,1.6951422899754625,1,1
2019-07-12,0.0,-0.046621343623920175,1.8931538067904585,2.591881738309909,2.3499433681176582,1.0635651245915736,2.666618431165371,0.4027163531751019,1.3394579071284398,0.31870371682114484,0.5129060423850191,0.0,0.264053361682786,0.4460679982302465,-0.4167352895734834,0.30230898887218666,-0.3160206625363815,0.03828994937465202,0.11698110960952612,-0.7378004543185135,-0.22814889632787133,-0.7004081708381535,1,0
2019-07-15,0.0,1.9335527074000525,2.6303014322277773,2.3893104122917137,1.1075984050931416,2.705202381226305,0.4486449984035139,1.3823109269491098,0.36518541636919455,0.5588466512171895,2.557106249434078,0.0,0.18239970466819122,-0.6762665065319834,0.039824508511540624,-0.5751525157213697,-0.22257249821029879,-0.1458878562769933,-0.9994996005568648,-0.48989132519656153,-0.9627626687675257,-1.1515947105284163,1,0
2019-07-16,0.0,0.6652215358974022,0.42456420166966957,-0.8403986568148056,0.7215669227872408,-1.4704812329730441,-0.5620297942613982,-1.5628750469804116,-1.3783400212858576,0.5621177719561907,0.8342179262545799,0.0,-0.8588316806817077,-0.14225772348986954,-0.7570827514395532,-0.40445690408902546,-0.32889396431792606,-1.1847132398757918,-0.6733322748946229,-1.1483013124048753,-1.3371347497570545,-0.6031316601210853,0,0
2019-07-17,0.0,-0.2391790622305213,-1.4913243216090124,0.049779773394502125,-2.1081126752053,-1.21330473625289,-2.2029893306908597,-2.022573593797759,-0.11258578132933228,0.15555445062215,0.34078314098299,0.0,0.7306981247834131,0.10102899949216557,0.46152845561025474,0.5442237491418304,-0.32061680645965906,0.19397177960138579,-0.281805086908254,-0.474966279674933,0.26802881616260843,-0.3108981869317502,0,0
2019-07-18,0.0,-1.24963996106257,0.2902030140397994,-1.8676953833876184,-0.9730712119231955,-1.961144602990076,-1.7802756061524219,0.12980281144076633,0.3978419254924357,0.5821463477020958,-0.29445096517855657,0.0,-0.6184218147841237,-0.26383757426718313,-0.18696593797539776,-1.0458911448948371,-0.5330106869393622,-1.0090179202954044,-1.1989182762514243,-0.46204647530004506,-1.0268216324851012,-1.2615098690193791,0,0
2019-07-19,0.0,1.5450395514447701,-0.6293799434588324,0.2711232763373243,-0.7161062550617897,-0.5314935936148053,1.393653209165931,1.6632137790275188,1.8441111180525729,0.9550408142631984,1.6933577957075425,0.0,0.36079331626602273,0.4429268119563925,-0.423784408530093,0.09217242569484518,-0.38512440860776986,-0.5784301850559562,0.16602533340968262,-0.41271819762802997,-0.6559855487586567,-3.223177933061092,0,0
2019-07-22,0.0,-2.137779620986037,-1.2512736181128505,-2.2320648207474743,-2.0534235357579114,-0.16125543875095538,0.1044064614468192,0.2880984028309427,-0.5790037074863545,0.14392602105373986,-0.4772468647847702,0.0,0.07915348814419265,-0.7837068558632911,-0.2691414853895206,-0.7460507061437069,-0.937532923846853,-0.19690300166728036,-0.7680060924251654,-1.0064967211849152,-3.554687486717745,-4.946687479737891,0,0
2019-07-23,0.0,0.9130843899884352,-0.08419392482640087,0.10430186104409989,2.057629439901655,2.3308336555561215,2.5119016779732775,1.6069846081865211,2.3572608239589337,1.7057194142290402,2.0775718469050135,0.0,-0.8566871788721742,-0.34560746509762963,-0.8194811676113526,-1.0093839258416293,-0.2741651903118538,-0.840081399509865,-1.0760630208610498,-3.604373480548579,-4.983538567980218,-8.348911041855093,1,0
2019-07-24,0.0,-0.9911216001486878,-0.8066344830647147,1.122446220775241,1.3926863255800186,1.5750082437340225,0.6853272853129442,1.4246625914237065,0.7854176710664716,1.1509007743666424,1.2389894679337314,0.0,0.508543983738796,0.03914524798311522,-0.15288975429963397,0.5829730577676933,0.005511247157989896,-0.2390279959456234,-2.7833096820503496,-4.1927124155633,-7.56064227405713,-7.209055470178816,0,0
2019-07-25,0.0,0.1877660903926427,2.131935954093562,2.4038198885222095,2.5837158523602057,1.6826717998909912,2.429580742564964,1.7807054866509806,2.150976410588456,2.2463486217595587,1.377399332716565,0.0,-0.47323944675333024,-0.664480354255145,0.07283184604075821,-0.4991778924589757,-0.7392188149255658,-3.280308368934926,-4.675175688412084,-8.049972219161962,-7.698697416250896,-6.384564546854277,1,0
2019-07-26,0.0,1.9352461393508449,2.205969906316346,2.3857596057608856,1.4896738918792107,2.2328200955309367,1.5877879615787096,1.9559990563370966,2.0497018456115335,1.1834766480171666,1.6951422899754625,0.0,-0.1914972347220475,0.5426472451629317,-0.032963947510232794,-0.2765526452619653,-2.8142679418494105,-4.2190602677496924,-7.5791433467311276,-7.228454093627845,-5.909361077410237,-33.05644427588253,1,0
2019-07-29,0.0,0.264053361682786,0.4460679982302465,-0.4167352895734834,0.30230898887218666,-0.3160206625363815,0.03828994937465202,0.11698110960952612,-0.7378004543185135,-0.22814889632787133,-0.7004081708381535,0.0,0.736250438919494,0.15651297001418119,-0.0896450234593007,-2.637721303869517,-4.053045788911901,-7.4226800309986904,-7.070607491220297,-5.743397979851326,-32.987916241493814,-35.3237739569516,0,0
2019-07-30,0.0,0.18239970466819122,-0.6762665065319834,0.039824508511540624,-0.5751525157213697,-0.22257249821029879,-0.1458878562769933,-0.9994996005568648,-0.48989132519656153,-0.9627626687675257,-1.1515947105284163,0.0,-0.5690009804855605,-0.8074649528677191,-3.338178851363796,-4.725532812832583,-8.088128942114531,-7.738270063777074,-6.430537990004683,-33.540615641121,-35.85660985783487,-37.00447954837717,0,0
2019-07-31,0.0,-0.8588316806817077,-0.14225772348986954,-0.7570827514395532,-0.40445690408902546,-0.32889396431792606,-1.1847132398757918,-0.6733322748946229,-1.1483013124048753,-1.3371347497570545,-0.6031316601210853,0.0,-0.24768988754460008,-2.8252345666296854,-4.252922064756401,-7.665005699021446,-7.308820951616253,-5.968542582574166,-33.539332283119215,-35.90134147411508,-37.06009028686155,-38.37975228114621,0,0
2019-08-01,0.0,0.7306981247834131,0.10102899949216557,0.46152845561025474,0.5442237491418304,-0.32061680645965906,0.19397177960138579,-0.281805086908254,-0.474966279674933,0.26802881616260843,-0.3108981869317502,0.0,-2.609291973084048,-4.060960320977701,-7.50951309460606,-7.149005947374482,-5.788577971744816,-33.681083781385155,-36.073563146213985,-37.24206326010153,-38.58431715034773,-40.88915777644932,0,0
2019-08-02,0.0,-0.6184218147841237,-0.26383757426718313,-0.18696593797539776,-1.0458911448948371,-0.5330106869393622,-1.0090179202954044,-1.1989182762514243,-0.46204647530004506,-1.0268216324851012,-1.2615098690193791,0.0,-1.5821734574385866,-5.115706436309391,-4.74071708207542,-3.2834998153140043,-32.156977202508926,-34.6651614770344,-35.83384885887807,-37.30136607901869,-39.67934383667419,-38.86610601107107,0,0
2019-08-05,0.0,0.36079331626602273,0.4429268119563925,-0.423784408530093,0.09217242569484518,-0.38512440860776986,-0.5784301850559562,0.16602533340968262,-0.41271819762802997,-0.6559855487586567,-3.223177933061092,0.0,-3.6807797153257966,-3.2865861865895356,-1.7282131089488646,-31.992542586417137,-34.641513207907835,-35.84061885134146,-37.428204584290555,-39.91571864986538,-39.03968657226977,-36.72984640580863,0,0
2019-08-06,0.0,0.07915348814419265,-0.7837068558632911,-0.2691414853895206,-0.7460507061437069,-0.937532923846853,-0.19690300166728036,-0.7680060924251654,-1.0064967211849152,-3.554687486717745,-4.946687479737891,0.0,0.4066917450470021,2.073840457100304,-28.953483497847927,-31.71404765496245,-32.885304016429366,-34.623735378843726,-37.16271285428835,-36.21158287942128,-33.799696179302636,-32.89601779268764,0,1
2019-08-07,0.0,-0.8566871788721742,-0.34560746509762963,-0.8194811676113526,-1.0093839258416293,-0.2741651903118538,-0.840081399509865,-1.0760630208610498,-3.604373480548579,-4.983538567980218,-8.348911041855093,0.0,1.651535058404733,-29.22380247795239,-31.966041643247756,-33.13778523928131,-34.8558239381986,-37.38356993375424,-36.44278051771107,-34.04740395273596,-33.14482531445253,-32.25043838140245,0,0
2019-08-08,0.0,0.508543983738796,0.03914524798311522,-0.15288975429963397,0.5829730577676933,0.005511247157989896,-0.2390279959456234,-2.7833096820503496,-4.1927124155633,-7.56064227405713,-7.209055470178816,0.0,-29.812688277315257,-32.44196484253041,-33.597464503198836,-35.210417788619694,-37.65583015531257,-36.76940325932998,-34.47463767328591,-33.59025091865009,-32.73932821234696,-32.688956017333275,0,0
2019-08-09,0.0,-0.47323944675333024,-0.664480354255145,0.07283184604075821,-0.4991778924589757,-0.7392188149255658,-3.280308368934926,-4.675175688412084,-8.049972219161962,-7.698697416250896,-6.384564546854277,0.0,-4.309904337264521,-5.331023718963201,-8.910341517842118,-12.324779925189944,-10.446280703540651,-6.63190719684396,-5.699843690897522,-4.124520239598199,-4.073812531641806,-4.009468826952059,0,0
2019-08-12,0.0,-0.1914972347220475,0.5426472451629317,-0.032963947510232794,-0.2765526452619653,-2.8142679418494105,-4.2190602677496924,-7.5791433467311276,-7.228454093627845,-5.909361077410237,-33.05644427588253,0.0,-1.011983711877447,-4.936969267890476,-8.540644615040849,-6.4869171095517695,-2.393413133945188,-1.4432937551494098,0.2623105966492647,0.31365067691493254,0.26172948298794274,-1.7074414431629537,0,0
2019-08-13,0.0,0.736250438919494,0.15651297001418119,-0.0896450234593007,-2.637721303869517,-4.053045788911901,-7.4226800309986904,-7.070607491220297,-5.743397979851326,-32.987916241493814,-35.3237739569516,0.0,-3.934908170585718,-7.518203824237503,-5.460582530295408,-1.3754592252872202,-0.4380403175276908,1.267289194180084,1.317863992362695,1.2401054817130843,-0.7084856423427162,-4.8815368390642515,0,0
2019-08-14,0.0,-0.5690009804855605,-0.8074649528677191,-3.338178851363796,-4.725532812832583,-8.088128942114531,-7.738270063777074,-6.430537990004683,-33.540615641121,-35.85660985783487,-37.00447954837717,0.0,-3.8369760615004673,-1.5666071168025324,2.8716049512263098,3.843695683850623,5.710286184961978,5.7623871642575555,5.566098800783916,3.520403489307864,-0.9739180394418334,-1.4460722829126178,0,1
2019-08-15,0.0,-0.24768988754460008,-2.8252345666296854,-4.252922064756401,-7.665005699021446,-7.308820951616253,-5.968542582574166,-33.539332283119215,-35.90134147411508,-37.06009028686155,-38.37975228114621,0.0,2.412337817286952,7.064715817493968,8.040668964739917,10.01020742247923,10.062180326608855,9.752586034413541,7.674406886639949,2.9998185862643147,2.536327466668691,4.973896184859308,0,1
2019-08-16,0.0,-2.609291973084048,-4.060960320977701,-7.50951309460606,-7.149005947374482,-5.788577971744816,-33.681083781385155,-36.073563146213985,-37.24206326010153,-38.58431715034773,-40.88915777644932,0.0,4.451568799048751,5.409902781674437,7.287100657826025,7.338334456785173,7.101214891144674,5.075030732829883,0.5813704053530537,0.11998235538688252,2.437609505710135,3.1904058820928016,0,1
2019-08-19,0.0,-1.5821734574385866,-5.115706436309391,-4.74071708207542,-3.2834998153140043,-32.156977202508926,-34.6651614770344,-35.83384885887807,-37.30136607901869,-39.67934383667419,-38.86610601107107,0.0,0.940324313651164,2.6824591753175455,2.7330801634038266,2.6179534991695386,0.6552869989470161,-3.5842838520890883,-4.048009625943529,-1.9073769397666553,-1.1976298672891001,-5.508546135176767,0,1
2019-08-20,0.0,-3.6807797153257966,-3.2865861865895356,-1.7282131089488646,-31.992542586417137,-34.641513207907835,-35.84061885134146,-37.428204584290555,-39.91571864986538,-39.03968657226977,-36.72984640580863,0.0,1.7318023816878227,1.7828272174500546,1.6924218504402613,-0.2774498995251271,-4.507734858033196,-4.976850695001012,-2.8512604495739473,-2.1431768149636943,-6.441150050312675,-5.030483210553049,0,0
2019-08-21,0.0,0.4066917450470021,2.073840457100304,-28.953483497847927,-31.71404765496245,-32.885304016429366,-34.623735378843726,-37.16271285428835,-36.21158287942128,-33.799696179302636,-32.89601779268764,0.0,0.050607486017615784,0.006247365468359689,-1.9325761843218328,-6.052086664281565,-6.520352609728947,-4.468904983418944,-3.779557629160147,-7.9587347705968625,-6.601427005474214,-3.0967536223869088,1,0
2019-08-22,0.0,1.651535058404733,-29.22380247795239,-31.966041643247756,-33.13778523928131,-34.8558239381986,-37.38356993375424,-36.44278051771107,-34.04740395273596,-33.14482531445253,-32.25043838140245,0.0,-0.04304704167473883,-1.9824119913339984,-6.101762838201738,-6.570353938060223,-4.5195406931928215,-3.830225886923124,-8.009053462956913,-6.6522912570827195,-3.148279608429893,-2.9801228181500656,0,0
2019-08-23,0.0,-29.812688277315257,-32.44196484253041,-33.597464503198836,-35.210417788619694,-37.65583015531257,-36.76940325932998,-34.47463767328591,-33.59025091865009,-32.73932821234696,-32.688956017333275,0.0,-1.9914194513952679,-6.222512423580968,-6.703506670222637,-4.596565049903333,-3.8885465532803556,-8.18089791648986,-6.786889810233706,-3.1873560856195557,-3.0146016104532016,-0.5337984605157384,0,0
2019-08-26,0.0,-4.309904337264521,-5.331023718963201,-8.910341517842118,-12.324779925189944,-10.446280703540651,-6.63190719684396,-5.699843690897522,-4.124520239598199,-4.073812531641806,-4.009468826952059,0.0,-4.275658639837863,-4.747877325493054,-2.5963705174492335,-1.8806592505312785,-6.225786339699075,-4.797219068517946,-1.1385665109351826,-0.9623634315491199,1.540600467057974,4.721427155761756,0,1
2019-08-27,0.0,-1.011983711877447,-4.936969267890476,-8.540644615040849,-6.4869171095517695,-2.393413133945188,-1.4432937551494098,0.2623105966492647,0.31365067691493254,0.26172948298794274,-1.7074414431629537,0.0,-0.4656328228967194,1.846752263355796,2.5998784601324854,-1.9861067486564012,-0.43950123032562405,3.455102284566021,3.6440267045836343,6.267130541203894,9.60268927841283,10.300317354728136,0,1
2019-08-28,0.0,-3.934908170585718,-7.518203824237503,-5.460582530295408,-1.3754592252872202,-0.4380403175276908,1.267289194180084,1.317863992362695,1.2401054817130843,-0.7084856423427162,-4.8815368390642515,0.0,2.3139213567327688,3.0659299951223487,-1.514657084738136,0.034103061250673194,3.927513673685491,4.116517972501362,6.734630646374253,10.064054374214056,10.76383343862385,-2.137490347282142,0,1
2019-08-29,0.0,-3.8369760615004673,-1.5666071168025324,2.8716049512263098,3.843695683850623,5.710286184961978,5.7623871642575555,5.566098800783916,3.520403489307864,-0.9739180394418334,-1.4460722829126178,0.0,0.7245627287374866,-3.6821722010853684,-2.2110479468378648,1.5185062162132796,1.6989033992225775,4.226676360127414,7.4402108580572355,8.09933343226745,-4.36236722547968,-3.6203411489091017,1,1
2019-08-30,0.0,2.412337817286952,7.064715817493968,8.040668964739917,10.01020742247923,10.062180326608855,9.752586034413541,7.674406886639949,2.9998185862643147,2.536327466668691,4.973896184859308,0.0,-4.367285143080799,-2.9154154079485086,0.7755599224475855,0.9538794871110508,3.461937181716438,6.650084574481965,7.298757049302596,-5.0675324037837175,-4.330778358442208,-2.3529215867949143,1,1
2019-09-03,0.0,4.451568799048751,5.409902781674437,7.287100657826025,7.338334456785173,7.101214891144674,5.075030732829883,0.5813704053530537,0.11998235538688252,2.437609505710135,3.1904058820928016,0.0,1.5790772030189977,5.527147753955857,5.719254838089423,8.360462770072376,11.719948455737985,12.437265517165113,-0.5740478163975684,0.1984992679230544,2.266782704155125,-0.8847622493638139,1,1
2019-09-04,0.0,0.940324313651164,2.6824591753175455,2.7330801634038266,2.6179534991695386,0.6552869989470161,-3.5842838520890883,-4.048009625943529,-1.9073769397666553,-1.1976298672891001,-5.508546135176767,0.0,3.8256393666377333,4.011343984453564,6.584180462927851,9.856011961322425,10.543442857118155,-2.134855379097981,-1.3812082081224086,0.6383570995528847,-2.4354830257596007,-3.427929819540161,1,1
2019-09-05,0.0,1.7318023816878227,1.7828272174500546,1.6924218504402613,-0.2774498995251271,-4.507734858033196,-4.976850695001012,-2.8512604495739473,-2.1431768149636943,-6.441150050312675,-5.030483210553049,0.0,0.17333475538870713,2.6210463221009284,5.732149341161483,6.3597175379529025,-5.710874114935239,-4.991313479048081,-3.0587036002958,-5.992108896562229,-6.937417407902801,-6.38126148614005,0,1
2019-09-06,0.0,0.050607486017615784,0.006247365468359689,-1.9325761843218328,-6.052086664281565,-6.520352609728947,-4.468904983418944,-3.779557629160147,-7.9587347705968625,-6.601427005474214,-3.0967536223869088,0.0,2.441273250935739,5.544116637528524,6.168779813354432,-5.8704833770875835,-5.152693676143455,-3.2246327600796283,-6.150751935075773,-7.093627466758931,-6.538941603069972,-7.2167628139807105,0,1
2019-09-09,0.0,-0.04304704167473883,-1.9824119913339984,-6.101762838201738,-6.570353938060223,-4.5195406931928215,-3.830225886923124,-8.009053462956913,-6.6522912570827195,-3.148279608429893,-2.9801228181500656,0.0,3.0284095040064183,3.621006170247499,-8.139342270134222,-7.43684931681393,-5.547017443704857,-8.409860036053912,-9.331174638422603,-8.78970583134976,-9.439655848720257,-8.800623737593028,0,1
2019-09-10,0.0,-1.9914194513952679,-6.222512423580968,-6.703506670222637,-4.596565049903333,-3.8885465532803556,-8.18089791648986,-6.786889810233706,-3.1873560856195557,-3.0146016104532016,-0.5337984605157384,0.0,0.5537538204216534,-10.865863542072608,-10.182082614906932,-8.339073532476585,-11.124530647407822,-12.01950042362765,-11.49417110230887,-12.110301431789981,-11.489960899701762,-13.836612689429975,0,0
2019-09-11,0.0,-4.275658639837863,-4.747877325493054,-2.5963705174492335,-1.8806592505312785,-6.225786339699075,-4.797219068517946,-1.1385665109351826,-0.9623634315491199,1.540600467057974,4.721427155761756,0.0,-11.27723279922209,-10.601674569997302,-8.780180817095802,-11.531933936565622,-12.415809152621234,-11.897113218547991,-12.50279444489711,-11.890221249038827,-14.20270269331702,-14.674487654459654,1,0
2019-09-12,0.0,-0.4656328228967194,1.846752263355796,2.5998784601324854,-1.9861067486564012,-0.43950123032562405,3.455102284566021,3.6440267045836343,6.267130541203894,9.60268927841283,10.300317354728136,0.0,0.7497851055559991,2.756464054163618,-0.302438920221796,-1.2911017902712814,-0.7081144830802147,-1.450540859307062,-0.7635599641803525,-3.467543022496545,-3.9206627129212794,-7.774591926011905,1,1
2019-09-13,0.0,2.3139213567327688,3.0659299951223487,-1.514657084738136,0.034103061250673194,3.927513673685491,4.116517972501362,6.734630646374253,10.064054374214056,10.76383343862385,-2.137490347282142,0.0,1.995513480553979,-1.0447263117966792,-2.0269926638588642,-1.4479424898262065,-2.1817287133104566,-1.4992979091667664,-4.178853452291328,-4.633448944839504,-8.459654071536201,-7.413403516143699,1,0
2019-09-16,0.0,0.7245627287374866,-3.6821722010853684,-2.2110479468378648,1.5185062162132796,1.6989033992225775,4.226676360127414,7.4402108580572355,8.09933343226745,-4.36236722547968,-3.6203411489091017,0.0,-2.995016883354193,-3.961709514181626,-3.3922769155834276,-4.104289447280699,-3.4329570930864426,-6.051706099618151,-6.510741779154816,-10.26891043472565,-9.229603672803584,-10.57038180943273,1,0
2019-09-17,0.0,-4.367285143080799,-2.9154154079485086,0.7755599224475855,0.9538794871110508,3.461937181716438,6.650084574481965,7.298757049302596,-5.0675324037837175,-4.330778358442208,-2.3529215867949143,0.0,-0.9928386851485667,-0.4073215650311536,-1.1544494559582872,-0.4645239411309162,-3.1827571207435086,-3.6359920393307563,-7.5073375218881475,-6.4550038680290065,-7.81819353208724,-10.995014617817416,1,0
2019-09-18,0.0,1.5790772030189977,5.527147753955857,5.719254838089423,8.360462770072376,11.719948455737985,12.437265517165113,-0.5740478163975684,0.1984992679230544,2.266782704155125,-0.8847622493638139,0.0,0.5912040534509646,-0.16806255029686024,0.5284436883183335,-2.224492852096163,-2.676023141883298,-6.58725448427708,-5.530013620483265,-6.901412540475102,-10.121146205010447,-11.461262320389968,1,0
2019-09-19,0.0,3.8256393666377333,4.011343984453564,6.584180462927851,9.856011961322425,10.543442857118155,-2.134855379097981,-1.3812082081224086,0.6383570995528847,-2.4354830257596007,-3.427929819540161,0.0,-0.7519119658153803,-0.05945635609288347,-2.7912369786836706,-3.243675700969864,-7.1304252689393,-6.076324787957241,-7.4425586917167585,-10.636173016303347,-11.958097243826794,-12.25814214131605,1,0
2019-09-20,0.0,0.17333475538870713,2.6210463221009284,5.732149341161483,6.3597175379529025,-5.710874114935239,-4.991313479048081,-3.0587036002958,-5.992108896562229,-6.937417407902801,-6.38126148614005,0.0,0.7010864983131114,-2.0714419798268153,-2.5249191990524653,-6.462372996139748,-5.399049804604006,-6.7786541304074825,-10.021699875161346,-11.373636473506298,-11.671595536070564,-12.960306296159317,1,0
2019-09-23,0.0,2.441273250935739,5.544116637528524,6.168779813354432,-5.8704833770875835,-5.152693676143455,-3.2246327600796283,-6.150751935075773,-7.093627466758931,-6.538941603069972,-7.2167628139807105,0.0,-2.7476309483704164,-3.202246341220861,-7.110976507736553,-6.051270466366772,-7.424881081228177,-10.637166337503897,-11.967569120232616,-12.268839618449254,-13.558331839690092,-14.115205992017401,1,0
2019-09-24,0.0,3.0284095040064183,3.621006170247499,-8.139342270134222,-7.43684931681393,-5.547017443704857,-8.409860036053912,-9.331174638422603,-8.78970583134976,-9.439655848720257,-8.800623737593028,0.0,-0.45398878508689866,-4.515201634860507,-3.4312513484519727,-4.841638049878248,-8.208568060295603,-9.639069851303224,-9.929441930205812,-11.227187936141439,-11.817493938463258,-12.283124135550175,1,0
2019-09-25,0.0,0.5537538204216534,-10.865863542072608,-10.182082614906932,-8.339073532476585,-11.124530647407822,-12.01950042362765,-11.49417110230887,-12.110301431789981,-11.489960899701762,-13.836612689429975,0.0,-4.055750572464133,-2.9759558344656765,-4.381793092080361,-7.748822951260708,-9.185006367323503,-9.471413612406273,-10.760778764505588,-11.352138256176701,-11.823960100285289,-12.512483329006582,0,0
2019-09-26,0.0,-11.27723279922209,-10.601674569997302,-8.780180817095802,-11.531933936565622,-12.415809152621234,-11.897113218547991,-12.50279444489711,-11.890221249038827,-14.20270269331702,-14.674487654459654,0.0,1.1057658562166794,-0.3419401026910446,-3.912142394134838,-5.487755411086484,-5.754264187485138,-7.042649455955075,-7.679386630608159,-8.237487009195918,-8.919448398886797,-8.873023537829066,0,0
2019-09-27,0.0,0.7497851055559991,2.756464054163618,-0.302438920221796,-1.2911017902712814,-0.7081144830802147,-1.450540859307062,-0.7635599641803525,-3.467543022496545,-3.9206627129212794,-7.774591926011905,0.0,-1.4449912927419324,-4.9812674300411945,-6.528345422823439,-6.801878054369955,-8.098269356146437,-8.726464277792937,-9.26440318122289,-9.952249252628368,-9.913042212688898,-6.162739677887498,1,0
2019-09-30,0.0,1.995513480553979,-1.0447263117966792,-2.0269926638588642,-1.4479424898262065,-2.1817287133104566,-1.4992979091667664,-4.178853452291328,-4.633448944839504,-8.459654071536201,-7.413403516143699,0.0,-3.587722243366133,-5.175279787011762,-5.440128173407688,-6.7285465297836335,-7.369182241207965,-7.934636304566549,-8.616103657630177,-8.567346137964329,-4.765697635174888,-4.390000152214588,0,0
2019-10-01,0.0,-2.995016883354193,-3.961709514181626,-3.3922769155834276,-4.104289447280699,-3.4329570930864426,-6.051706099618151,-6.510741779154816,-10.26891043472565,-9.229603672803584,-10.57038180943273,0.0,-1.7353199215637045,-1.984052227195516,-3.284579811960834,-3.974559233443878,-4.627230177789262,-5.309393741564036,-5.234160307593914,-1.1990622413062317,-0.8096474534152119,1.3911420395480607,0,0
2019-10-02,0.0,-0.9928386851485667,-0.4073215650311536,-1.1544494559582872,-0.4645239411309162,-3.1827571207435086,-3.6359920393307563,-7.5073375218881475,-6.4550038680290065,-7.81819353208724,-10.995014617817416,0.0,-0.2434828149419036,-1.5657616547172393,-2.289191188869111,-2.9941998004460135,-3.6848854284748684,-3.5952354065792744,0.6073452676923834,1.0084246728176605,3.30803638085365,-0.655803774033699,0,1
2019-10-03,0.0,0.5912040534509646,-0.16806255029686024,0.5284436883183335,-2.224492852096163,-2.676023141883298,-6.58725448427708,-5.530013620483265,-6.901412540475102,-10.121146205010447,-11.461262320389968,0.0,-1.3115550783052372,-2.0321007797845168,-2.7370315783804955,-3.421722608371646,-3.331008062208892,0.8511045192094229,1.2496325807908604,3.5390379325183496,-0.403473285254198,-0.5771333127197504,0,1
2019-10-04,0.0,-0.7519119658153803,-0.05945635609288347,-2.7912369786836706,-3.243675700969864,-7.1304252689393,-6.076324787957241,-7.4425586917167585,-10.636173016303347,-11.958097243826794,-12.25814214131605,0.0,-0.7256200722542371,-1.4500704742224102,-2.122318538324972,-2.0233913607051437,2.168384234732518,2.5646453394048554,4.864637564298905,0.9238052635254894,0.754002106293481,-4.201829286088429,0,1
2019-10-07,0.0,0.7010864983131114,-2.0714419798268153,-2.5249191990524653,-6.462372996139748,-5.399049804604006,-6.7786541304074825,-10.021699875161346,-11.373636473506298,-11.671595536070564,-12.960306296159317,0.0,-0.7444777150411084,-1.4181271134009332,-1.3133457379147746,2.9362322696893255,3.336169128657238,5.670848936949506,1.6817273113588302,1.5119716456836834,-3.5056400947548196,-0.23357315322019856,0,1
2019-10-08,0.0,-2.7476309483704164,-3.202246341220861,-7.110976507736553,-6.051270466366772,-7.424881081228177,-10.637166337503897,-11.967569120232616,-12.268839618449254,-13.558331839690092,-14.115205992017401,0.0,-0.6825743362085603,-0.570392318085569,3.787717294494891,4.195986388325719,6.5934196070298405,2.508787158287528,2.337209820712549,-2.8016480641180768,0.5528720769634234,1.7593051648954612,0,1
2019-10-09,0.0,-0.45398878508689866,-4.515201634860507,-3.4312513484519727,-4.841638049878248,-8.208568060295603,-9.639069851303224,-9.929441930205812,-11.227187936141439,-11.817493938463258,-12.283124135550175,0.0,0.11629619727390339,4.471994834287721,4.878374580897489,7.2772456834104045,3.2005026116717525,3.031242219098497,-2.098673100382498,1.2530071137105816,2.4541942594701185,3.1093384762770317,0,1
2019-10-10,0.0,-4.055750572464133,-2.9759558344656765,-4.381793092080361,-7.748822951260708,-9.185006367323503,-9.471413612406273,-10.760778764505588,-11.352138256176701,-11.823960100285289,-12.512483329006582,0.0,4.321673989168514,4.725158942839917,7.104826511257366,3.058982598282532,2.8906708375827015,-2.200197450448556,1.1254664788421755,2.3180402277369154,2.967921583305796,0.6278756255773943,0,1
2019-10-11,0.0,1.1057658562166794,-0.3419401026910446,-3.912142394134838,-5.487755411086484,-5.754264187485138,-7.042649455955075,-7.679386630608159,-8.237487009195918,-8.919448398886797,-8.873023537829066,0.0,0.3884432080202799,2.6051005975289923,-1.2246264052785731,-1.3956921030285934,-6.208806737590395,-3.082316293744162,-1.936199451925458,-1.3314782041503974,-3.5592716539684846,-0.7611849863911002,0,1
2019-10-14,0.0,-1.4449912927419324,-4.9812674300411945,-6.528345422823439,-6.801878054369955,-8.098269356146437,-8.726464277792937,-9.26440318122289,-9.952249252628368,-9.913042212688898,-6.162739677887498,0.0,2.2072779099517037,-1.6121264020098283,-1.7838449849943117,-6.583434774901441,-3.4674132886869478,-2.322749845605609,-1.720649313283054,-3.9436468760163437,-1.1541320562710864,-2.5057942276794805,0,1
2019-10-15,0.0,-3.587722243366133,-5.175279787011762,-5.440128173407688,-6.7285465297836335,-7.369182241207965,-7.934636304566549,-8.616103657630177,-8.567346137964329,-4.765697635174888,-4.390000152214588,0.0,-3.6965945503645714,-3.8688812011937297,-8.511129313875273,-5.506462241790948,-4.38966211429218,-3.81233749702056,-5.970465035176235,-3.276274405356112,-4.59803276331454,-5.306678704737875,0,0
2019-10-16,0.0,-1.7353199215637045,-1.984052227195516,-3.284579811960834,-3.974559233443878,-4.627230177789262,-5.309393741564036,-5.234160307593914,-1.1990622413062317,-0.8096474534152119,1.3911420395480607,0.0,-0.16864491411865656,-5.014231949462006,-1.861338935379829,-0.7130627216619387,-0.10135570883367268,-2.3395617107504805,0.47963932193081615,-0.8740057661004342,-1.6146390951548217,-2.555087532050117,0,0
2019-10-17,0.0,-0.2434828149419036,-1.5657616547172393,-2.289191188869111,-2.9941998004460135,-3.6848854284748684,-3.5952354065792744,0.6073452676923834,1.0084246728176605,3.30803638085365,-0.655803774033699,0.0,-4.841037205532686,-1.6903811811305967,-0.5439425718050634,0.06758604561587847,-2.167889146788922,0.6489695360732723,-0.7022721112658118,-1.4422512625420685,-2.3811333124393794,-2.1456109131499788,1,0
2019-10-18,0.0,-1.3115550783052372,-2.0321007797845168,-2.7370315783804955,-3.421722608371646,-3.331008062208892,0.8511045192094229,1.2496325807908604,3.5390379325183496,-0.403473285254198,-0.5771333127197504,0.0,3.359735796852175,4.5511246886565315,5.211013437900797,2.861967314888068,5.8553436831280745,4.45834590114487,3.673177592064439,2.6993525879595497,2.93212531603585,4.596782355696932,1,1
2019-10-21,0.0,-0.7256200722542371,-1.4500704742224102,-2.122318538324972,-2.0233913607051437,2.168384234732518,2.5646453394048554,4.864637564298905,0.9238052635254894,0.754002106293481,-4.201829286088429,0.0,1.156573331858365,1.7816349477495137,-0.4822418744020556,2.3815407063605427,1.0207617072650668,0.26884958759717814,-0.6777092920508878,-0.44409923072382007,1.1242908813165609,5.072161673411415,1,1
2019-10-22,0.0,-0.7444777150411084,-1.4181271134009332,-1.3133457379147746,2.9362322696893255,3.336169128657238,5.670848936949506,1.6817273113588302,1.5119716456836834,-3.5056400947548196,-0.23357315322019856,0.0,0.6168358023183349,-1.6312900677121087,1.2050770357383183,-0.15136684427467184,-0.8963446330419544,-1.8391777418860569,-1.603893844150253,-0.059187086191541116,3.853012125909963,4.263334321974532,1,1
2019-10-23,0.0,-0.6825743362085603,-0.570392318085569,3.787717294494891,4.195986388325719,6.5934196070298405,2.508787158287528,2.337209820712549,-2.8016480641180768,0.5528720769634234,1.7593051648954612,0.0,-2.2292129852287075,0.5793167869004736,-0.7684398132614134,-1.506246479379786,-2.4426657101148237,-2.207610128557665,-0.6826770170015615,3.192255455262512,3.5996540807187363,1.4548563411563151,1,1
2019-10-24,0.0,0.11629619727390339,4.471994834287721,4.878374580897489,7.2772456834104045,3.2005026116717525,3.031242219098497,-2.098673100382498,1.2530071137105816,2.4541942594701185,3.1093384762770317,0.0,2.8762017609193986,1.5131705843912162,0.7581084667597463,-0.19031521101748283,0.04266633561395439,1.6214973685874292,5.585597750470745,5.9987092877091746,3.810942538164306,5.283093899879445,1,1
2019-10-25,0.0,4.321673989168514,4.725158942839917,7.104826511257366,3.058982598282532,2.8906708375827015,-2.200197450448556,1.1254664788421755,2.3180402277369154,2.967921583305796,0.6278756255773943,0.0,-1.3352419376938576,-2.0639689800277647,-2.9913442937190595,-2.7572840244954833,-1.2556862980177164,2.571925466041624,2.975266589586073,0.8550608656072944,2.272672170686564,3.918748345978514,1,1
2019-10-28,0.0,0.3884432080202799,2.6051005975289923,-1.2246264052785731,-1.3956921030285934,-6.208806737590395,-3.082316293744162,-1.936199451925458,-1.3314782041503974,-3.5592716539684846,-0.7611849863911002,0.0,-0.7355545592532678,-1.6658186104342365,-1.4340028932626687,0.09234987478622547,3.9549689543043143,4.359853033187242,2.223998274779828,3.656431279034863,5.318897211314724,3.0978172304668448,1,1
2019-10-29,0.0,2.2072779099517037,-1.6121264020098283,-1.7838449849943117,-6.583434774901441,-3.4674132886869478,-2.322749845605609,-1.720649313283054,-3.9436468760163437,-1.1541320562710864,-2.5057942276794805,0.0,-0.9355311026684014,-0.7040507483891115,0.8420703091164712,4.739351628938864,5.146686919002489,2.993726975083356,4.440036804406687,6.1181565659678885,3.877258007548409,24.716058427904755,1,1
2019-10-30,0.0,-3.6965945503645714,-3.8688812011937297,-8.511129313875273,-5.506462241790948,-4.38966211429218,-3.81233749702056,-5.970465035176235,-3.276274405356112,-4.59803276331454,-5.306678704737875,0.0,0.23005616330800685,1.794736878746465,5.719454792126189,6.128163270240468,3.962652724475608,5.42043711411153,7.111300215122039,4.854768579024184,25.82299900934142,23.40336969015464,0,1
2019-10-31,0.0,-0.16864491411865656,-5.014231949462006,-1.861338935379829,-0.7130627216619387,-0.10135570883367268,-2.3395617107504805,0.47963932193081615,-0.8740057661004342,-1.6146390951548217,-2.555087532050117,0.0,1.5635872183474957,5.490280996201989,5.899561530435455,3.732322004276595,5.190523466545471,6.882009991828412,4.624307349247897,25.607327976531415,23.185782959922175,27.54578198036033,0,1
2019-11-01,0.0,-4.841037205532686,-1.6903811811305967,-0.5439425718050634,0.06758604561587847,-2.167889146788922,0.6489695360732723,-0.7022721112658118,-1.4422512625420685,-2.3811333124393794,-2.1456109131499788,0.0,3.8241578610033895,4.225154714230062,2.110315600737063,3.5283606188557384,5.174183130964577,2.975205307105947,23.438089620289528,21.07519983505503,25.326332549400373,29.484108473625568,0,1
2019-11-04,0.0,3.359735796852175,4.5511246886565315,5.211013437900797,2.861967314888068,5.8553436831280745,4.45834590114487,3.673177592064439,2.6993525879595497,2.93212531603585,4.596782355696932,0.0,0.3892056628143576,-1.6430715030496328,-0.29212797468519464,1.2780192526051737,-0.8251968752308476,18.808153025788776,16.53776324017039,20.614669996385324,24.576653589319534,23.916716664138665,1,1
2019-11-05,0.0,1.156573331858365,1.7816349477495137,-0.4822418744020556,2.3815407063605427,1.0207617072650668,0.26884958759717814,-0.6777092920508878,-0.44409923072382007,1.1242908813165609,5.072161673411415,0.0,-2.0270646203995923,-0.6808278049787875,0.8840841586472904,-1.2126889624790587,18.367059717442384,16.10252010109605,20.168096116043948,24.116377679671054,23.45802374594675,23.28203064044592,1,1
2019-11-06,0.0,0.6168358023183349,-1.6312900677121087,1.2050770357383183,-0.15136684427467184,-0.8963446330419544,-1.8391777418860569,-1.603893844150253,-0.059187086191541116,3.853012125909963,4.263334321974532,0.0,1.3787504897654497,2.98020477634062,0.8375038414228194,20.811284623398077,18.503026045747557,22.651486001156076,26.694583386833397,26.024144610093867,25.843395689175747,22.473451562961305,1,1
2019-11-07,0.0,-2.2292129852287075,0.5793167869004736,-0.7684398132614134,-1.506246479379786,-2.4426657101148237,-2.207610128557665,-0.6826770170015615,3.192255455262512,3.5996540807187363,1.4548563411563151,0.0,1.5719587669035469,-0.5332563848097296,19.11384293166417,16.84212454338314,20.922036753151012,24.888960543035864,24.22872560772579,24.051727076555725,20.741694339871415,19.953300731045633,1,1
2019-11-08,0.0,2.8762017609193986,1.5131705843912162,0.7581084667597463,-0.19031521101748283,0.04266633561395439,1.6214973685874292,5.585597750470745,5.9987092877091746,3.810942538164306,5.283093899879445,0.0,-2.0643925930101528,17.22758947058066,14.995555202794618,19.000931865670807,22.8847476063534,22.235581658888588,22.062683995418578,18.817922651238003,18.046137864411243,18.592534930510784,1,1
2019-11-11,0.0,-1.3352419376938576,-2.0639689800277647,-2.9913442937190595,-2.7572840244954833,-1.2556862980177164,2.571925466041624,2.975266589586073,0.8550608656072944,2.272672170686564,3.918748345978514,0.0,19.741496130905574,17.459341769348093,21.559131817986152,25.5490819548988,24.885975522859688,24.707813022222084,21.379983906377216,20.586982083063226,21.150635278247407,24.20376490478058,1,1
2019-11-12,0.0,-0.7355545592532678,-1.6658186104342365,-1.4340028932626687,0.09234987478622547,3.9549689543043143,4.359853033187242,2.223998274779828,3.656431279034863,5.318897211314724,3.0978172304668448,0.0,-1.9151294190240193,1.490477973896783,4.691361721619695,4.129941524223057,3.9911989068072655,1.2780612399841995,0.6428644753158432,1.07702885128727,3.4991218210869586,2.2553181769644883,1,1
2019-11-13,0.0,-0.9355311026684014,-0.7040507483891115,0.8420703091164712,4.739351628938864,5.146686919002489,2.993726975083356,4.440036804406687,6.1181565659678885,3.877258007548409,24.716058427904755,0.0,3.4712188797555363,6.74726227175481,6.176285225922,6.033769490815217,3.2622717176642935,2.6120395254277478,3.0586167505659567,5.540936036533987,4.278104703877388,4.837050714324952,1,1
2019-11-14,0.0,0.23005616330800685,1.794736878746465,5.719454792126189,6.128163270240468,3.962652724475608,5.42043711411153,7.111300215122039,4.854768579024184,25.82299900934142,23.40336969015464,0.0,3.1377848293298984,2.5847092027089427,2.4490885745188704,-0.21458012673306937,-0.8371648423354721,-0.4132248820092707,1.9586033263359561,0.7316759268993251,1.2572427219110887,2.7542304221798077,1,1
2019-11-15,0.0,1.5635872183474957,5.490280996201989,5.899561530435455,3.732322004276595,5.190523466545471,6.882009991828412,4.624307349247897,25.607327976531415,23.185782959922175,27.54578198036033,0.0,-0.5337971754836707,-0.6625275105566772,-3.2146896807779197,-3.809101505839851,-3.407635632747601,-1.1475942729666893,-2.3350424365511735,-1.8419259956267837,-0.38898924666868445,-2.3673814378676923,1,0
2019-11-18,0.0,3.8241578610033895,4.225154714230062,2.110315600737063,3.5283606188557384,5.174183130964577,2.975205307105947,23.438089620289528,21.07519983505503,25.326332549400373,29.484108473625568,0.0,-0.12967360872800943,-2.696248556361638,-3.294393500292598,-2.8898174766539064,-0.614784442457305,-1.8068195322785332,-1.3090549971245267,0.14876720833787382,-1.8438943195978141,0.5185879985566726,1,0
2019-11-19,0.0,0.3892056628143576,-1.6430715030496328,-0.29212797468519464,1.2780192526051737,-0.8251968752308476,18.808153025788776,16.53776324017039,20.614669996385324,24.576653589319534,23.916716664138665,0.0,-2.5719212349186753,-3.1714032688277305,-2.765780361758738,-0.4854686531146056,-1.6794736773668164,-1.1802210475499255,0.27983395881005413,-1.71772830112376,0.6483653049093854,-1.4117376684139917,1,0
2019-11-20,0.0,-2.0270646203995923,-0.6808278049787875,0.8840841586472904,-1.2126889624790587,18.367059717442384,16.10252010109605,20.168096116043948,24.116377679671054,23.45802374594675,23.28203064044592,0.0,-0.6218829958681918,-0.19818655852510336,2.1712858176845824,0.9468836293521419,1.472475304954935,2.9660887048732922,0.8847475497282749,3.3050790134473536,1.1990849043697773,0.8538126968704719,1,1
2019-11-21,0.0,1.3787504897654497,2.98020477634062,0.8375038414228194,20.811284623398077,18.503026045747557,22.651486001156076,26.694583386833397,26.024144610093867,25.843395689175747,22.473451562961305,0.0,0.42839112140078284,2.821210082215539,1.588569981028065,2.120941936182602,3.623744806506111,1.5205632714544,3.9557511950102464,1.8371480464650385,1.4901040994860548,3.5491387193939277,1,1
2019-11-22,0.0,1.5719587669035469,-0.5332563848097296,19.11384293166417,16.84212454338314,20.922036753151012,24.888960543035864,24.22872560772579,24.051727076555725,20.741694339871415,19.953300731045633,0.0,2.3742678711615883,1.1485965693289177,1.675758002189329,3.170647922653335,1.0846733144961618,3.5070623722165566,1.3993783567947167,1.0539224519506067,3.0958459532883973,0.6255716806997194,1,1
2019-11-25,0.0,-2.0643925930101528,17.22758947058066,14.995555202794618,19.000931865670807,22.8847476063534,22.235581658888588,22.062683995418578,18.817922651238003,18.046137864411243,18.592534930510784,0.0,-1.193584688284025,-0.6920297932646574,0.7668545000570655,-1.2359908939988842,1.1281791060296391,-0.9300067508833146,-1.2684253487537291,0.690697178780606,-1.6974100263179512,-2.940449288748672,1,0
2019-11-26,0.0,19.741496130905574,17.459341769348093,21.559131817986152,25.5490819548988,24.885975522859688,24.707813022222084,21.379983906377216,20.586982083063226,21.150635278247407,24.20376490478058,0.0,0.5115197679942656,1.9798987622746311,-0.05305149234481521,2.326439513591501,0.2555162792340524,-0.08443872588230983,1.9048844485408924,-0.5105311464684681,-1.767117288009835,-1.4834242684597956,1,1
2019-11-27,0.0,-1.9151294190240193,1.490477973896783,4.691361721619695,4.129941524223057,3.9911989068072655,1.2780612399841995,0.6428644753158432,1.07702885128727,3.4991218210869586,2.2553181769644883,0.0,1.4568967919037568,-0.55298519032116,1.8079265454028193,-0.24707911082518286,-0.5846556205659772,1.3817806423319114,-1.009804148647865,-2.254271697428682,-1.97465384476211,0.7715247958149714,1,0
2019-11-29,0.0,3.4712188797555363,6.74726227175481,6.176285225922,6.033769490815217,3.2622717176642935,2.6120395254277478,3.0586167505659567,5.540936036533987,4.278104703877388,4.837050714324952,0.0,-1.976440712440147,0.3692929070722284,-1.6732210430683159,-2.009414183999877,-0.076594163064282,-2.4386260791251138,-3.6685132235124205,-3.3959979924672634,-0.6908751615162375,-0.37674269919742587,1,0
2019-12-02,0.0,3.1377848293298984,2.5847092027089427,2.4490885745188704,-0.21458012673306937,-0.8371648423354721,-0.4132248820092707,1.9586033263359561,0.7316759268993251,1.2572427219110887,2.7542304221798077,0.0,2.400785139255811,0.3113561513082162,-0.031611605391898084,1.9763008071541877,-0.4612622026732398,-1.729340374497196,-1.4429095915644896,1.3588705023168073,1.6823338174369638,-0.4236034418933392,1,1
2019-12-03,0.0,-0.5337971754836707,-0.6625275105566772,-3.2146896807779197,-3.809101505839851,-3.407635632747601,-1.1475942729666893,-2.3350424365511735,-1.8419259956267837,-0.38898924666868445,-2.3673814378676923,0.0,-2.0686780806831218,-2.4093529546915464,-0.45744935042761226,-2.845804564130837,-4.089608260595762,-3.8150176638908624,-1.0816255327059494,-0.763860222764642,-2.8511219614461956,-3.1567250818375467,0,0
2019-12-04,0.0,-0.12967360872800943,-2.696248556361638,-3.294393500292598,-2.8898174766539064,-0.614784442457305,-1.8068195322785332,-1.3090549971245267,0.14876720833787382,-1.8438943195978141,0.5185879985566726,0.0,-0.34249060287308747,1.6570602019003,-0.7728082696940308,-2.0370567531322497,-1.7523222205547921,1.0390671403224192,1.361618159790295,-0.7407882178687644,-1.0501232370915816,0.9738714623803837,0,0
2019-12-05,0.0,-2.5719212349186753,-3.1714032688277305,-2.765780361758738,-0.4854686531146056,-1.6794736773668164,-1.1802210475499255,0.27983395881005413,-1.71772830112376,0.6483653049093854,-1.4117376684139917,0.0,2.0065416045364204,-0.4291077842227481,-1.6961728533131648,-1.4098864802057571,1.389851142310945,1.7130494733877326,-0.3909179262153568,-0.7007316689036309,1.3270141162637348,1.2011167355643466,0,1
2019-12-06,0.0,-0.6218829958681918,-0.19818655852510336,2.1712858176845824,0.9468836293521419,1.472475304954935,2.9660887048732922,0.8847475497282749,3.3050790134473536,1.1990849043697773,0.8538126968704719,0.0,-2.3603773458345954,-3.5893606194421035,-3.3168425868814952,-0.6132364833838082,-0.29935066360234464,-2.357659775485571,-2.6593464404227065,-0.6882778263587389,-0.8194220465900119,-1.805035498722201,1,0
2019-12-09,0.0,0.42839112140078284,2.821210082215539,1.588569981028065,2.120941936182602,3.623744806506111,1.5205632714544,3.9557511950102464,1.8371480464650385,1.4901040994860548,3.5491387193939277,0.0,-1.2654440810229795,-0.9783856511547859,1.8204121025386615,2.143108508189724,0.04570725695464728,-0.2634490495061603,1.760762006512332,1.6370163556634245,0.6365538108489268,0.38256431677106484,1,1
2019-12-10,0.0,2.3742678711615883,1.1485965693289177,1.675758002189329,3.170647922653335,1.0846733144961618,3.5070623722165566,1.3993783567947167,1.0539224519506067,3.0958459532883973,0.6255716806997194,0.0,0.29479234125115256,3.1436488148549127,3.4709388131838677,1.3535707203119978,1.040542115656514,3.0924116692952124,2.97276935583259,1.9648493908704738,1.7084613000868685,1.4218267930696946,1,1
2019-12-11,0.0,-1.193584688284025,-0.6920297932646574,0.7668545000570655,-1.2359908939988842,1.1281791060296391,-0.9300067508833146,-1.2684253487537291,0.690697178780606,-1.6974100263179512,-2.940449288748672,0.0,2.8297572736346295,3.155120339314858,1.0479665749496894,0.7366605944593227,2.7767129385180973,2.656439673285548,1.6529092060818549,1.3977535266439123,1.1128465853429255,0.004486904138130576,0,1
2019-12-12,0.0,0.5115197679942656,1.9798987622746311,-0.05305149234481521,2.326439513591501,0.2555162792340524,-0.08443872588230983,1.9048844485408924,-0.5105311464684681,-1.767117288009835,-1.4834242684597956,0.0,0.313594567545235,-1.738134181516907,-2.039291302910953,-0.07059765214311842,-0.1988504743851024,-1.1803455134705614,-1.4288305562926187,-1.7030630308578258,-2.7862452385653174,-4.2603063616707875,1,0
2019-12-13,0.0,1.4568967919037568,-0.55298519032116,1.8079265454028193,-0.24707911082518286,-0.5846556205659772,1.3817806423319114,-1.009804148647865,-2.254271697428682,-1.97465384476211,0.7715247958149714,0.0,-2.047401113003994,-2.347700612587991,-0.38516722232458883,-0.5144136223926873,-1.4943331149741594,-1.7422986646922565,-2.0155919109975438,-3.0969404466974155,-4.5662979923516165,-4.161789480366812,0,0
2019-12-16,0.0,-1.976440712440147,0.3692929070722284,-1.6732210430683159,-2.009414183999877,-0.076594163064282,-2.4386260791251138,-3.6685132235124205,-3.3959979924672634,-0.6908751615162375,-0.37674269919742587,0.0,-0.30365965910544673,1.6844827776754312,1.5627431198441493,0.5798940667889372,0.33039350140169566,0.05299939517288288,-1.0322063786937161,-2.5213377889646846,-2.1235439737641664,0.30734975656052566,0,0
2019-12-17,0.0,2.400785139255811,0.3113561513082162,-0.031611605391898084,1.9763008071541877,-0.4612622026732398,-1.729340374497196,-1.4429095915644896,1.3588705023168073,1.6823338174369638,-0.4236034418933392,0.0,1.9933959337946257,1.8726837172351978,0.88868415616507,0.6387738843596739,0.3605683250988856,-0.7260003315445714,-2.2191547333433648,-1.8220697912374013,0.616313403943259,-2.4797173236464314,1,0
2019-12-18,0.0,-2.0686780806831218,-2.4093529546915464,-0.45744935042761226,-2.845804564130837,-4.089608260595762,-3.8150176638908624,-1.0816255327059494,-0.763860222764642,-2.8511219614461956,-3.1567250818375467,0.0,-0.12712225619675355,-1.1020107357402005,-1.3488500728891577,-1.621347854535463,-2.697260179593612,-4.161920063874995,-3.760954634789012,-1.3750290200250328,-4.428423239974714,-7.772499128866597,0,0
2019-12-19,0.0,-0.34249060287308747,1.6570602019003,-0.7728082696940308,-2.0370567531322497,-1.7523222205547921,1.0390671403224192,1.361618159790295,-0.7407882178687644,-1.0501232370915816,0.9738714623803837,0.0,-0.9711637503394244,-1.217108348451145,-1.4887650599363358,-2.560604718809091,-4.020605651962063,-3.6216549206279565,-1.242936460547942,-4.285557018951314,-7.619914903822491,-7.711665275316424,0,0
2019-12-20,0.0,2.0065416045364204,-0.4291077842227481,-1.6961728533131648,-1.4098864802057571,1.389851142310945,1.7130494733877326,-0.3909179262153568,-0.7007316689036309,1.3270141162637348,1.2011167355643466,0.0,-0.24627739984957348,-0.5194261488143357,-1.5913920864054607,-3.0583526135443653,-2.663164970460507,-0.2701783550861131,-3.3191716876458326,-6.676467576714133,-6.765194895100166,-5.098984458317522,1,0
2019-12-23,0.0,-2.3603773458345954,-3.5893606194421035,-3.3168425868814952,-0.6132364833838082,-0.29935066360234464,-2.357659775485571,-2.6593464404227065,-0.6882778263587389,-0.8194220465900119,-1.805035498722201,0.0,-0.27363377544312817,-1.3460492594824798,-2.8153473015949655,-2.4209607246728835,-0.02342119836330267,-3.075219281661534,-6.439643849561105,-6.527638547228895,-4.859459788654282,-3.7259063722946912,0,0
2019-12-24,0.0,-1.2654440810229795,-0.9783856511547859,1.8204121025386615,2.143108508189724,0.04570725695464728,-0.2634490495061603,1.760762006512332,1.6370163556634245,0.6365538108489268,0.38256431677106484,0.0,-1.074161455900065,-2.5477704571294932,-2.1538188927291593,0.2515783518202548,-2.806888514697906,-6.183164077413916,-6.270444371576513,-4.598135270943883,-3.459897565814551,-4.77308376723189,1,0
2019-12-26,0.0,0.29479234125115256,3.1436488148549127,3.4709388131838677,1.3535707203119978,1.040542115656514,3.0924116692952124,2.97276935583259,1.9648493908704738,1.7084613000868685,1.4218267930696946,0.0,-1.4818910141333628,-1.0919603419152781,1.3301797763661276,-1.736527064311558,-5.139530642497811,-5.223492768059572,-3.5447773370616993,-2.3948228351721017,-3.7082038121141037,-4.709941385913915,1,0
2019-12-27,0.0,2.8297572736346295,3.155120339314858,1.0479665749496894,0.7366605944593227,2.7767129385180973,2.656439673285548,1.6529092060818549,1.3977535266439123,1.1128465853429255,0.004486904138130576,0.0,0.3870871784404002,2.849981450653959,-0.25017998290879084,-3.714929150863312,-3.794845109289019,-2.0951621121875514,-0.9205830154725652,-2.243623003706586,-3.264733978444189,-4.486233525314778,1,1
2019-12-30,0.0,0.313594567545235,-1.738134181516907,-2.039291302910953,-0.07059765214311842,-0.1988504743851024,-1.1803455134705614,-1.4288305562926187,-1.7030630308578258,-2.7862452385653174,-4.2603063616707875,0.0,2.4664647309564462,-0.6428882954890104,-4.111498536737193,-4.192943531875877,-2.488912403719374,-1.313996312105843,-2.6421746216879702,-3.6641139224271857,-4.8906935147783654,-6.212316613150069,0,1
2019-12-31,0.0,-2.047401113003994,-2.347700612587991,-0.38516722232458883,-0.5144136223926873,-1.4943331149741594,-1.7422986646922565,-2.0155919109975438,-3.0969404466974155,-4.5662979923516165,-4.161789480366812,0.0,-3.045919181502434,-6.404244979657636,-6.491993108763638,-4.826986662115577,-3.6954293022665845,-5.004005079409591,-5.991539951017299,-7.20208625336228,-8.484499220232337,-9.65885192659968,0,0
2020-01-02,0.0,-0.30365965910544673,1.6844827776754312,1.5627431198441493,0.5798940667889372,0.33039350140169566,0.05299939517288288,-1.0322063786937161,-2.5213377889646846,-2.1235439737641664,0.30734975656052566,0.0,-3.4561425660937184,-3.53494428037948,-1.8410439703325816,-0.6687644952688271,-1.9861879708323706,-3.0049593338300955,-4.221059699662407,-5.537189342058292,-6.732187363573446,-5.672670917772119,0,0
2020-01-03,0.0,1.9933959337946257,1.8726837172351978,0.88868415616507,0.6387738843596739,0.3605683250988856,-0.7260003315445714,-2.2191547333433648,-1.8220697912374013,0.616313403943259,-2.4797173236464314,0.0,-0.06948179626050077,1.6878378084793655,2.9287201908700418,1.5782180119585998,0.5047792706182559,-0.7387398480936073,-2.1175792281187586,-3.3576295759027603,-2.2214199807570925,-1.8794189692984582,0,1
2020-01-06,0.0,-0.12712225619675355,-1.1020107357402005,-1.3488500728891577,-1.621347854535463,-2.697260179593612,-4.161920063874995,-3.760954634789012,-1.3750290200250328,-4.428423239974714,-7.772499128866597,0.0,1.7521512531085892,2.9898600074718416,1.64364252479279,0.5730426203774805,-0.6664705048204974,-2.041513339307299,-3.277922650851795,-2.1443417622327914,-1.8030353874129235,-3.285908757900282,0,1
2020-01-07,0.0,-0.9711637503394244,-1.217108348451145,-1.4887650599363358,-2.560604718809091,-4.020605651962063,-3.6216549206279565,-1.242936460547942,-4.285557018951314,-7.619914903822491,-7.711665275316424,0.0,1.21129080819268,-0.12694829912077998,-1.177032094662997,-2.410717256806294,-3.763159026018562,-4.984909678231051,-3.8824505306198507,-3.552927716321375,-5.009582290725657,-4.062940001901986,0,0
2020-01-08,0.0,-0.24627739984957348,-0.5194261488143357,-1.5913920864054607,-3.0583526135443653,-2.663164970460507,-0.2701783550861131,-3.3191716876458326,-6.676467576714133,-6.765194895100166,-5.098984458317522,0.0,-1.32377604057079,-2.352867997943451,-3.574253031125406,-4.9022442300353575,-6.105802223538129,-5.031863753379495,-4.712544171262829,-6.141595004639212,-5.211142152207197,-4.696822334115616,0,0
2020-01-09,0.0,-0.27363377544312817,-1.3460492594824798,-2.8153473015949655,-2.4209607246728835,-0.02342119836330267,-3.075219281661534,-6.439643849561105,-6.527638547228895,-4.859459788654282,-3.7259063722946912,0.0,-1.0397154995019096,-2.2599239730946277,-3.598741057052859,-4.807775406384974,-3.7155223952531795,-3.3888742701556467,-4.830987310787959,-3.8939785422669884,-3.3747085319686008,-5.438237355220439,0,0
2020-01-10,0.0,-1.074161455900065,-2.5477704571294932,-2.1538188927291593,0.2515783518202548,-2.806888514697906,-6.183164077413916,-6.270444371576513,-4.598135270943883,-3.459897565814551,-4.77308376723189,0.0,-1.2292455668997304,-2.58765035288808,-3.810941086986212,-2.695138476900157,-2.3599697513991464,-3.8243001598982365,-2.874397301933073,-2.346930342511161,-4.447876168780759,-5.490397215215054,0,0
2020-01-13,0.0,-1.4818910141333628,-1.0919603419152781,1.3301797763661276,-1.736527064311558,-5.139530642497811,-5.223492768059572,-3.5447773370616993,-2.3948228351721017,-3.7082038121141037,-4.709941385913915,0.0,-1.3675366724140758,-2.5950577542767963,-1.462948401763089,-1.1211737646071844,-2.596649221555792,-1.6413086684959879,-1.1095981270159472,-3.233074359242356,-4.300650972941882,-4.05471383175367,0,0
2020-01-14,0.0,0.3870871784404002,2.849981450653959,-0.25017998290879084,-3.714929150863312,-3.794845109289019,-2.0951621121875514,-0.9205830154725652,-2.243623003706586,-3.264733978444189,-4.486233525314778,0.0,-1.2438575908317593,-0.08264659390968143,0.2698177391080594,-1.232150473267773,-0.26166854286671537,0.2798462257022474,-1.8891012433514418,-2.9950704688264107,-2.7315472869307693,-5.158613038851218,1,0
2020-01-15,0.0,2.4664647309564462,-0.6428882954890104,-4.111498536737193,-4.192943531875877,-2.488912403719374,-1.313996312105843,-2.6421746216879702,-3.6641139224271857,-4.8906935147783654,-6.212316613150069,0.0,1.1841321548397685,1.5452571664368495,0.02387124321585432,1.00508603634934,1.5538333927152095,-0.6497737429625352,-1.7873690338726775,-1.5085677375379092,-3.9626430778909763,-6.064400074015756,1,0
2020-01-16,0.0,-3.045919181502434,-6.404244979657636,-6.491993108763638,-4.826986662115577,-3.6954293022665845,-5.004005079409591,-5.991539951017299,-7.20208625336228,-8.484499220232337,-9.65885192659968,0.0,0.3494892658420245,-1.1386716675660478,-0.17722831610606093,0.3593233913260491,-1.790112910044944,-2.8870343546562833,-2.6251669546752856,-5.029639085891518,-7.093355675287865,-7.03826381520578,0,0
2020-01-17,0.0,-3.4561425660937184,-3.53494428037948,-1.8410439703325816,-0.6687644952688271,-1.9861879708323706,-3.0049593338300955,-4.221059699662407,-5.537189342058292,-6.732187363573446,-5.672670917772119,0.0,-1.4763723432943876,-0.5220507492578492,0.010187436076709688,-2.1204176211001045,-3.203926305105874,-2.947369286910507,-5.33398485023632,-7.3836985123220416,-7.3229509964795065,-7.211126948467278,0,0
2020-01-21,0.0,-0.06948179626050077,1.6878378084793655,2.9287201908700418,1.5782180119585998,0.5047792706182559,-0.7387398480936073,-2.1175792281187586,-3.3576295759027603,-2.2214199807570925,-1.8794189692984582,0.0,0.9716707044909534,1.5150573423469222,-0.6669170194958008,-1.7930860347999955,-1.517226780447316,-3.9474286730365815,-6.028829954615727,-5.993311973174794,-5.868918283996579,-4.790218147013955,1,0
2020-01-22,0.0,1.7521512531085892,2.9898600074718416,1.64364252479279,0.5730426203774805,-0.6664705048204974,-2.041513339307299,-3.277922650851795,-2.1443417622327914,-1.8030353874129235,-3.285908757900282,0.0,0.5369058211073812,-1.6147435759785862,-2.7147421007992474,-2.451060224075342,-4.856364388856654,-6.920117439570545,-6.868112856450028,-6.751728569066453,-5.697810592308585,-2.738835229920257,1,0
2020-01-23,0.0,1.21129080819268,-0.12694829912077998,-1.177032094662997,-2.410717256806294,-3.763159026018562,-4.984909678231051,-3.8824505306198507,-3.552927716321375,-5.009582290725657,-4.062940001901986,0.0,-2.132909294441235,-3.2174776997982812,-2.9607321218966174,-5.350023387382071,-7.4020739877269754,-7.341079838757113,-7.229201777260515,-6.18990740305582,-3.2560214823211693,-3.2239215046157406,0,0
2020-01-24,0.0,-1.32377604057079,-2.352867997943451,-3.574253031125406,-4.9022442300353575,-6.105802223538129,-5.031863753379495,-4.712544171262829,-6.141595004639212,-5.211142152207197,-4.696822334115616,0.0,-1.1531429848607733,-0.8665883180785743,-3.3326140521033527,-5.442091599778349,-5.417995182182449,-5.286993440663931,-4.1826584999331535,-1.1321117094989497,-1.0916036740597326,-6.140721887047139,0,0
2020-01-27,0.0,-1.0397154995019096,-2.2599239730946277,-3.598741057052859,-4.807775406384974,-3.7155223952531795,-3.3888742701556467,-4.830987310787959,-3.8939785422669884,-3.3747085319686008,-5.438237355220439,0.0,0.3065038383443037,-2.229673192540914,-4.394521607581799,-4.390998456805864,-4.247773187543634,-3.0947002773676875,0.054900752388407525,0.10059720865901323,-5.096632712590052,-9.12793080700694,0,0
2020-01-28,0.0,-1.2292455668997304,-2.58765035288808,-3.810941086986212,-2.695138476900157,-2.3599697513991464,-3.8243001598982365,-2.874397301933073,-2.346930342511161,-4.447876168780759,-5.490397215215054,0.0,-2.5030744407431533,-4.640838199220213,-4.631991907038929,-4.492782023379285,-3.359134276747032,-0.2537425329873093,-0.20966187124384916,-5.337925516393481,-9.319274639817433,-8.638590679556136,0,0
2020-01-29,0.0,-1.3675366724140758,-2.5950577542767963,-1.462948401763089,-1.1211737646071844,-2.596649221555792,-1.6413086684959879,-1.1095981270159472,-3.233074359242356,-4.300650972941882,-4.05471383175367,0.0,-2.1865445211521726,-2.223102902014203,-2.0618230235319146,-0.8598298445767902,2.3572456815060563,2.411204005514365,-2.86758537343602,-6.935644767981791,-6.232421015740788,-7.167242629454742,0,1
2020-01-30,0.0,-1.2438575908317593,-0.08264659390968143,0.2698177391080594,-1.232150473267773,-0.26166854286671537,0.2798462257022474,-1.8891012433514418,-2.9950704688264107,-2.7315472869307693,-5.158613038851218,0.0,-0.07670980335241384,0.10352779826336511,1.361492831242811,4.665153804911238,4.727667823247324,-0.6641487509153499,-4.793317568123555,-4.072829431762849,-5.010769988446681,-8.414397274522837,0,1
2020-01-31,0.0,1.1841321548397685,1.5452571664368495,0.02387124321585432,1.00508603634934,1.5538333927152095,-0.6497737429625352,-1.7873690338726775,-1.5085677375379092,-3.9626430778909763,-6.064400074015756,0.0,0.1841967532141967,1.467016695547084,4.833753436647736,4.897712715668726,-0.5960188587186184,-4.802310343474901,-4.068125057343343,-5.023192424057592,-8.491011488654273,-8.119229416080952,0,1
2020-02-03,0.0,0.3494892658420245,-1.1386716675660478,-0.17722831610606093,0.3593233913260491,-1.790112910044944,-2.8870343546562833,-2.6251669546752856,-5.029639085891518,-7.093355675287865,-7.03826381520578,0.0,1.2685213905640813,4.602824008906611,4.665583639901358,-0.7776090110386606,-4.947352311920566,-4.220103392193175,-5.16778041138207,-8.604028972436561,-8.235947819819495,-11.16498117440261,0,1
2020-02-04,0.0,-1.4763723432943876,-0.5220507492578492,0.010187436076709688,-2.1204176211001045,-3.203926305105874,-2.947369286910507,-5.33398485023632,-7.3836985123220416,-7.3229509964795065,-7.211126948467278,0.0,3.230652953748744,3.287571740823184,-2.002321473712591,-6.068937858228034,-5.363385743494006,-6.293673338487121,-9.635352644757937,-9.279508841158659,-12.125995595841783,-12.546457061652841,0,1
2020-02-05,0.0,0.9716707044909534,1.5150573423469222,-0.6669170194958008,-1.7930860347999955,-1.517226780447316,-3.9474286730365815,-6.028829954615727,-5.993311973174794,-5.868918283996579,-4.790218147013955,0.0,0.04424740251051096,-5.008074866077619,-8.92758803008531,-8.256739481636705,-9.168343187117687,-12.365428539390152,-12.030211733814138,-14.748725878107988,-15.166361401957456,-13.039789886474857,0,0
2020-02-06,0.0,0.5369058211073812,-1.6147435759785862,-2.7147421007992474,-2.451060224075342,-4.856364388856654,-6.920117439570545,-6.868112856450028,-6.751728569066453,-5.697810592308585,-2.738835229920257,0.0,-5.033117767718492,-8.9382382871951,-8.269982675486325,-9.178450120541214,-12.363461014887138,-12.029584562940823,-14.737763364192109,-15.154040040513216,-13.035281454743616,-15.295660626122462,0,0
2020-02-07,0.0,-2.132909294441235,-3.2174776997982812,-2.9607321218966174,-5.350023387382071,-7.4020739877269754,-7.341079838757113,-7.229201777260515,-6.18990740305582,-3.2560214823211693,-3.2239215046157406,0.0,-4.096555241666666,-3.3797924400298323,-4.307120891228339,-7.688941325712265,-7.325396137657572,-10.209224611650129,-10.624666894649218,-8.401550742555534,-10.852170963037949,-10.854612355412995,0,0
2020-02-10,0.0,-1.1531429848607733,-0.8665883180785743,-3.3326140521033527,-5.442091599778349,-5.417995182182449,-5.286993440663931,-4.1826584999331535,-1.1321117094989497,-1.0916036740597326,-6.140721887047139,0.0,0.7488711139103219,-0.18329533884454796,-3.6898055390581956,-3.3057393252500433,-6.302436014062157,-6.712283026280857,-4.428118826788393,-7.008914557560276,-7.1529026898441845,-10.473076866907604,0,0
2020-02-11,0.0,0.3065038383443037,-2.229673192540914,-4.394521607581799,-4.390998456805864,-4.247773187543634,-3.0947002773676875,0.054900752388407525,0.10059720865901323,-5.096632712590052,-9.12793080700694,0.0,-0.928485262205927,-4.401890499949068,-4.0226914905956725,-6.989955795164567,-7.399580791686643,-5.133332865803302,-7.682818481855943,-7.800776196896944,-11.069170393786987,-13.476636049380584,0,0
2020-02-12,0.0,-2.5030744407431533,-4.640838199220213,-4.631991907038929,-4.492782023379285,-3.359134276747032,-0.2537425329873093,-0.20966187124384916,-5.337925516393481,-9.319274639817433,-8.638590679556136,0.0,-3.4847537761392706,-3.1027678209767537,-6.08114942570762,-6.487563997846617,-4.218461875365308,-6.784938546911701,-6.934050033768067,-10.238607396047144,-12.656143335134313,-12.923210665289893,0,0
2020-02-13,0.0,-2.1865445211521726,-2.223102902014203,-2.0618230235319146,-0.8598298445767902,2.3572456815060563,2.411204005514365,-2.86758537343602,-6.935644767981791,-6.232421015740788,-7.167242629454742,0.0,0.40311503858781783,-2.698605101841468,-3.103405199936791,-0.7622465969370291,-3.463920158622382,-3.7385849074605817,-7.272957178826721,-9.794689100556226,-10.219399203701176,-8.871952289689292,1,0
2020-02-14,0.0,-0.07670980335241384,0.10352779826336511,1.361492831242811,4.665153804911238,4.727667823247324,-0.6641487509153499,-4.793317568123555,-4.072829431762849,-5.010769988446681,-8.414397274522837,0.0,-3.0824347385064677,-3.4867510402164994,-1.157733857455937,-3.8394220365512117,-4.099220210615498,-7.601369237364181,-10.106971884600007,-10.512883759375852,-9.170396906510081,-14.427140407191267,1,0
2020-02-18,0.0,0.1841967532141967,1.467016695547084,4.833753436647736,4.897712715668726,-0.5960188587186184,-4.802310343474901,-4.068125057343343,-5.023192424057592,-8.491011488654273,-8.119229416080952,0.0,-0.4034242900844684,1.9946994394756394,-0.8142234975266815,-1.1889735195551348,-4.905884180262004,-7.5101773727162495,-8.060535659505987,-6.694393388493431,-12.005979137034485,-14.499274708643785,1,0
2020-02-19,0.0,1.2685213905640813,4.602824008906611,4.665583639901358,-0.7776090110386606,-4.947352311920566,-4.220103392193175,-5.16778041138207,-8.604028972436561,-8.235947819819495,-11.16498117440261,0.0,2.3949761268021748,-0.4162859948675488,-0.8041025414527869,-4.530148542756032,-7.134101306337613,-7.700476406733605,-6.338172669823784,-11.630000560567554,-14.13196439875515,-17.506024099958562,1,1
2020-02-20,0.0,3.230652953748744,3.287571740823184,-2.002321473712591,-6.068937858228034,-5.363385743494006,-6.293673338487121,-9.635352644757937,-9.279508841158659,-12.125995595841783,-12.546457061652841,0.0,-2.731083226764249,-3.033392890327403,-6.617915003157648,-9.162247375872063,-9.62165611311762,-8.26916054569461,-13.551204894936212,-15.94333494784754,-19.339017021344674,-24.020231617177508,1,0
2020-02-21,0.0,0.04424740251051096,-5.008074866077619,-8.92758803008531,-8.256739481636705,-9.168343187117687,-12.365428539390152,-12.030211733814138,-14.748725878107988,-15.166361401957456,-13.039789886474857,0.0,-0.40932239773145307,-4.217842475459925,-6.87226031089453,-7.466773223934098,-6.081971752418292,-11.456021752318314,-14.01606790959459,-17.43746580128458,-22.39302487243546,-23.99327673999472,0,0
2020-02-24,0.0,-5.033117767718492,-8.9382382871951,-8.269982675486325,-9.178450120541214,-12.363461014887138,-12.029584562940823,-14.737763364192109,-15.154040040513216,-13.035281454743616,-15.295660626122462,0.0,-3.9702219001572248,-6.729923219969352,-7.365813354637872,-5.930134319697139,-11.496250565938785,-14.167786119832986,-17.706168546685294,-22.86937229817233,-24.538955452887897,-29.58165485882025,0,0
2020-02-25,0.0,-4.096555241666666,-3.3797924400298323,-4.307120891228339,-7.688941325712265,-7.325396137657572,-10.209224611650129,-10.624666894649218,-8.401550742555534,-10.852170963037949,-10.854612355412995,0.0,-2.9834945179903736,-3.8550536418922006,-2.34483132038799,-8.14417932110368,-11.135278307255742,-14.766945916212572,-20.463572631548587,-22.329164793626394,-28.05947472934676,-29.37888685128269,0,0
2020-02-26,0.0,0.7488711139103219,-0.18329533884454796,-3.6898055390581956,-3.3057393252500433,-6.302436014062157,-6.712283026280857,-4.428118826788393,-7.008914557560276,-7.1529026898441845,-10.473076866907604,0.0,-1.0382180434950934,0.5002230940264338,-5.366102563812026,-8.547288094629256,-12.179709166439247,-18.179667627069392,-20.16123795510765,-26.314563213188656,-27.545465851654996,-23.025810015532144,0,0
2020-02-27,0.0,-0.928485262205927,-4.401890499949068,-4.0226914905956725,-6.989955795164567,-7.399580791686643,-5.133332865803302,-7.682818481855943,-7.800776196896944,-11.069170393786987,-13.476636049380584,0.0,1.6181506558559149,-4.536476783359731,-7.933212888700357,-11.728470398006959,-18.11372325180174,-20.228626009777663,-26.820195108592486,-28.072096813672243,-23.343615929193994,-27.132115520708613,0,0
2020-02-28,0.0,-3.4847537761392706,-3.1027678209767537,-6.08114942570762,-6.487563997846617,-4.218461875365308,-6.784938546911701,-6.934050033768067,-10.238607396047144,-12.656143335134313,-12.923210665289893,0.0,-6.1800367890199475,-9.502802807840986,-13.33703071932683,-19.614263120770357,-21.68447487895377,-28.101387697216936,-29.41715021024422,-24.64939090142313,-28.266342177854558,-28.97218977203997,0,0
2020-03-02,0.0,0.40311503858781783,-2.698605101841468,-3.103405199936791,-0.7622465969370291,-3.463920158622382,-3.7385849074605817,-7.272957178826721,-9.794689100556226,-10.219399203701176,-8.871952289689292,0.0,-3.552464741076171,-7.190550382604066,-13.784049653175934,-15.992196913541953,-22.970687892387296,-24.031854331750278,-19.47393797774206,-23.678603852066754,-23.92764795904756,-31.492568524401964,0,0
2020-03-03,0.0,-3.0824347385064677,-3.4867510402164994,-1.157733857455937,-3.8394220365512117,-4.099220210615498,-7.601369237364181,-10.106971884600007,-10.512883759375852,-9.170396906510081,-14.427140407191267,0.0,-3.725206810343743,-10.900906813249437,-13.324256089022349,-21.062227943088,-22.024128637627243,-17.334393701190276,-22.154163893340595,-22.129114396338757,-30.618526392769237,-39.2072284062631,0,0
2020-03-04,0.0,-0.4034242900844684,1.9946994394756394,-0.8142234975266815,-1.1889735195551348,-4.905884180262004,-7.5101773727162495,-8.060535659505987,-6.694393388493431,-12.005979137034485,-14.499274708643785,0.0,-7.266095783435821,-9.738579060412814,-17.70584898383997,-18.502343635132497,-14.002513201059324,-19.107322816415945,-18.809568227901167,-27.64191253420002,-36.01888605018451,-34.92088441430267,0,0
2020-03-05,0.0,2.3949761268021748,-0.4162859948675488,-0.8041025414527869,-4.530148542756032,-7.134101306337613,-7.700476406733605,-6.338172669823784,-11.630000560567554,-14.13196439875515,-17.506024099958562,0.0,-2.9061438280871563,-12.431213952158611,-12.9578428662291,-8.300009034028411,-14.715077020571528,-13.762190336456538,-24.52201388755384,-33.513583268309574,-32.637159946506806,-17.170909513690745,1,0
2020-03-06,0.0,-2.731083226764249,-3.033392890327403,-6.617915003157648,-9.162247375872063,-9.62165611311762,-8.26916054569461,-13.551204894936212,-15.94333494784754,-19.339017021344674,-24.020231617177508,0.0,-10.2170093431843,-10.630038087625579,-5.89139208786279,-12.883849831097038,-11.648759485378575,-23.261771851443047,-32.541401455214206,-31.75697306969911,-15.531439180473978,-16.220625997318876,0,0
2020-03-09,0.0,-0.40932239773145307,-4.217842475459925,-6.87226031089453,-7.466773223934098,-6.081971752418292,-11.456021752318314,-14.01606790959459,-17.43746580128458,-22.39302487243546,-23.99327673999472,0.0,0.1115199121972692,5.239756493645477,-4.44849948307014,-1.902947190911052,-17.503630343304522,-28.147114719136148,-27.786002906656655,-7.992452922549207,-9.303877558980297,-12.152433769839046,0,1
2020-03-10,0.0,-3.9702219001572248,-6.729923219969352,-7.365813354637872,-5.930134319697139,-11.496250565938785,-14.167786119832986,-17.706168546685294,-22.86937229817233,-24.538955452887897,-29.58165485882025,0.0,4.886844513127398,-4.325969734635821,-1.9112999688104066,-16.749892737706737,-26.88687803876103,-26.53830120805151,-7.6968958022767495,-8.941415689324504,-11.650518536778854,6.324549301008691,0,1
2020-03-11,0.0,-2.9834945179903736,-3.8550536418922006,-2.34483132038799,-8.14417932110368,-11.135278307255742,-14.766945916212572,-20.463572631548587,-22.329164793626394,-28.05947472934676,-29.37888685128269,0.0,-8.7480133645954,-6.744024317043671,-21.003460730431783,-31.395468061365897,-30.813207570951697,-11.991927603724951,-13.050217006512575,-15.638957171275159,1.9618844842570606,-2.0502360856034194,0,0
2020-03-12,0.0,-1.0382180434950934,0.5002230940264338,-5.366102563812026,-8.547288094629256,-12.179709166439247,-18.179667627069392,-20.16123795510765,-26.314563213188656,-27.545465851654996,-23.025810015532144,0.0,3.445563033654338,-15.400816804542444,-27.4969961505018,-27.350226933457822,-4.275933076159744,-6.021335280959065,-9.479649038673843,12.958572525136717,8.172014252665273,7.974655299565283,0,1
2020-03-13,0.0,1.6181506558559149,-4.536476783359731,-7.933212888700357,-11.728470398006959,-18.11372325180174,-20.228626009777663,-26.820195108592486,-28.072096813672243,-23.343615929193994,-27.132115520708613,0.0,-16.351478871698323,-27.242730849942337,-26.964748057705908,-6.509327777281415,-7.9398147344746715,-10.931404347291146,8.735838408649489,4.45807552587636,4.108813028018232,0.30958389938103803,0,1
2020-03-16,0.0,-6.1800367890199475,-9.502802807840986,-13.33703071932683,-19.614263120770357,-21.68447487895377,-28.101387697216936,-29.41715021024422,-24.64939090142313,-28.266342177854558,-28.97218977203997,0.0,-13.829589597305565,-14.695205678820102,13.95607333970789,10.961018063530712,6.140936971504443,35.59184421255801,29.892630950571252,30.882732887866947,24.734105818018183,23.0076275379948,0,1
2020-03-17,0.0,-3.552464741076171,-7.190550382604066,-13.784049653175934,-15.992196913541953,-22.970687892387296,-24.031854331750278,-19.47393797774206,-23.678603852066754,-23.92764795904756,-31.492568524401964,0.0,-1.716919530917222,29.4366990672979,25.567267545067885,19.936898549131435,53.13660172976853,47.12043713817244,49.111370313769264,41.914465600847244,40.54658964631399,28.309571462509382,0,1
2020-03-18,0.0,-3.725206810343743,-10.900906813249437,-13.324256089022349,-21.062227943088,-22.024128637627243,-17.334393701190276,-22.154163893340595,-22.129114396338757,-30.618526392769237,-39.2072284062631,0.0,33.47121387892566,29.234665425876905,23.135084661770733,58.95678301447213,52.51644674209103,54.773755557656465,46.97532632354416,45.57157623559243,32.395281551426024,25.444959247397797,0,1
2020-03-19,0.0,-7.266095783435821,-9.738579060412814,-17.70584898383997,-18.502343635132497,-14.002513201059324,-19.107322816415945,-18.809568227901167,-27.64191253420002,-36.01888605018451,-34.92088441430267,0.0,-2.079447114012665,-5.9330506981336795,18.633815792736986,13.532721979878925,13.615487446108114,8.712172533626843,6.780688217718218,-2.6203964116145375,-6.626148498859555,-4.716787759096399,0,1
2020-03-20,0.0,-2.9061438280871563,-12.431213952158611,-12.9578428662291,-8.300009034028411,-14.715077020571528,-13.762190336456538,-24.52201388755384,-33.513583268309574,-32.637159946506806,-17.170909513690745,0.0,-4.18286615937771,22.270482312846976,16.846913406021635,17.08430388636046,11.759445044784755,9.777669349686088,-0.308423751832537,-4.69876311941597,-2.604141319030602,-7.97120883571911,0,1
2020-03-23,0.0,-10.2170093431843,-10.630038087625579,-5.89139208786279,-12.883849831097038,-11.648759485378575,-23.261771851443047,-32.541401455214206,-31.75697306969911,-15.531439180473978,-16.220625997318876,0.0,28.901354807105744,23.119330229185035,23.6858744816577,17.774977984694583,15.81290001458467,4.86987993836023,-0.08624541881295222,2.2822721449257877,-3.5727268922275934,5.670775939886827,0,1
2020-03-24,0.0,0.1115199121972692,5.239756493645477,-4.44849948307014,-1.902947190911052,-17.503630343304522,-28.147114719136148,-27.786002906656655,-7.992452922549207,-9.303877558980297,-12.152433769839046,0.0,-4.422345565102091,-5.332151420894494,-8.849972154578893,-10.996275445903654,-18.550520092489265,-21.16021700090663,-19.929076512133502,-23.83646038995952,-18.646773302402813,-15.870566194885413,1,0
2020-03-25,0.0,4.886844513127398,-4.325969734635821,-1.9112999688104066,-16.749892737706737,-26.88687803876103,-26.53830120805151,-7.6968958022767495,-8.941415689324504,-11.650518536778854,6.324549301008691,0.0,-0.6552065399276801,-4.455529308524129,-6.517055064956268,-14.404255770509337,-17.312840557405366,-15.935938377345042,-20.046003777096875,-14.35770091558727,-11.49556294227536,-2.1196466332975863,1,0
2020-03-26,0.0,-8.7480133645954,-6.744024317043671,-21.003460730431783,-31.395468061365897,-30.813207570951697,-11.991927603724951,-13.050217006512575,-15.638957171275159,1.9618844842570606,-2.0502360856034194,0.0,-3.6201649343164997,-5.552524873231487,-13.032364066177825,-15.813984001749294,-14.496622007967082,-18.39826247655059,-12.969611722181172,-10.259907276811852,-1.3586698301295823,-0.9792752073600015,0,0
2020-03-27,0.0,3.445563033654338,-15.400816804542444,-27.4969961505018,-27.350226933457822,-4.275933076159744,-6.021335280959065,-9.479649038673843,12.958572525136717,8.172014252665273,7.974655299565283,0.0,-1.9471078832031137,-10.053399263566078,-13.218757088949761,-11.716033082710931,-15.969423493207008,-9.864807926048663,-6.958034352471951,2.750751867567388,3.219668304173757,0.8176401870034198,1,1
2020-03-30,0.0,-16.351478871698323,-27.242730849942337,-26.964748057705908,-6.509327777281415,-7.9398147344746715,-10.931404347291146,8.735838408649489,4.45807552587636,4.108813028018232,0.30958389938103803,0.0,-8.024762642622596,-11.229681385959587,-9.706541125989286,-13.92898196943762,-7.780966931531634,-4.917574822026627,4.722949538829389,5.2144952866655965,2.8251285719322023,-1.8435326722534846,1,1
2020-03-31,0.0,-13.829589597305565,-14.695205678820102,13.95607333970789,10.961018063530712,6.140936971504443,35.59184421255801,29.892630950571252,30.882732887866947,24.734105818018183,23.0076275379948,0.0,-3.938248435467778,-2.059108295535829,-6.862705570460541,0.5414808940502973,3.6951926264680415,14.673720295464303,15.354495134139702,12.613779943489781,7.737908594236766,2.3477279580974013,1,1
2020-04-01,0.0,-1.716919530917222,29.4366990672979,25.567267545067885,19.936898549131435,53.13660172976853,47.12043713817244,49.111370313769264,41.914465600847244,40.54658964631399,28.309571462509382,0.0,2.148501156786537,-3.1594139796218115,5.2240147518265,8.657719500120951,20.794335636442476,21.606451893563765,18.566921972537507,13.393534884730503,7.403048798233728,0.14236741086740778,1,1
2020-04-02,0.0,33.47121387892566,29.234665425876905,23.135084661770733,58.95678301447213,52.51644674209103,54.773755557656465,46.97532632354416,45.57157623559243,32.395281551426024,25.444959247397797,0.0,-5.051537366215085,2.833644970789903,6.125120675453113,17.672992896326363,18.41821117724909,15.530612112868933,10.508011445355361,4.822773766737743,-2.1429898011532966,8.979825429717593,1,1
2020-04-03,0.0,-2.079447114012665,-5.9330506981336795,18.633815792736986,13.532721979878925,13.615487446108114,8.712172533626843,6.780688217718218,-2.6203964116145375,-6.626148498859555,-4.716787759096399,0.0,8.819484838882094,12.332961660631252,24.889011833405423,25.773144239841287,22.621404273991246,17.4293084862828,11.20838111016891,3.7883358671054292,15.855658590787005,15.69310454618421,1,1
2020-04-06,0.0,-4.18286615937771,22.270482312846976,16.846913406021635,17.08430388636046,11.759445044784755,9.777669349686088,-0.308423751832537,-4.69876311941597,-2.604141319030602,-7.97120883571911,0.0,3.0449160509559694,13.62402219903798,14.273313764308774,11.633406337967326,6.9104699539623535,1.719972705367364,-4.731025639212802,5.470697700914192,5.477285919448748,3.846766270951896,1,1
2020-04-07,0.0,28.901354807105744,23.119330229185035,23.6858744816577,17.774977984694583,15.81290001458467,4.86987993836023,-0.08624541881295222,2.2822721449257877,-3.5727268922275934,5.670775939886827,0.0,10.181704561464752,10.768455371425645,8.233935590195141,3.5494590092373244,-1.4257343840037415,-7.713880997588712,2.1183376963461136,2.181942245767024,0.6935113411789993,0.4906885266345107,1,1
2020-04-08,0.0,-4.422345565102091,-5.332151420894494,-8.849972154578893,-10.996275445903654,-18.550520092489265,-21.16021700090663,-19.929076512133502,-23.83646038995952,-18.646773302402813,-15.870566194885413,0.0,0.3867017590433419,-1.75275004593946,-6.152074756218616,-10.327758955505535,-15.916488081605182,-7.504902836752795,-7.281364043163602,-8.309469709504764,-8.692569141214628,-4.650316847130585,0,0
2020-04-09,0.0,-0.6552065399276801,-4.455529308524129,-6.517055064956268,-14.404255770509337,-17.312840557405366,-15.935938377345042,-20.046003777096875,-14.35770091558727,-11.49556294227536,-2.1196466332975863,0.0,-2.0970540871506946,-6.428579145634901,-10.520468116377067,-16.010671811093356,-7.760903607138071,-7.534397540061945,-8.532185622466194,-8.916921335775397,-4.947319506585609,-2.738383425400042,0,0
2020-04-13,0.0,-3.6201649343164997,-5.552524873231487,-13.032364066177825,-15.813984001749294,-14.496622007967082,-18.39826247655059,-12.969611722181172,-10.259907276811852,-1.3586698301295823,-0.9792752073600015,0.0,-4.404276464924438,-8.676538278052329,-14.33013472961266,-5.7569953561109735,-5.5635075106761995,-6.661165461297457,-7.009062701907984,-2.9133318417763436,-0.603033584623236,3.9791950915694736,0,1
2020-04-14,0.0,-1.9471078832031137,-10.053399263566078,-13.218757088949761,-11.716033082710931,-15.969423493207008,-9.864807926048663,-6.958034352471951,2.750751867567388,3.219668304173757,0.8176401870034198,0.0,-4.428948670946335,-10.134343871237187,-1.3264831163433541,-1.2109811390356833,-2.4594696777989093,-2.7136856598405616,1.4356000679268213,3.838525694120275,8.548795139655228,16.296161551401596,1,1
2020-04-15,0.0,-8.024762642622596,-11.229681385959587,-9.706541125989286,-13.92898196943762,-7.780966931531634,-4.917574822026627,4.722949538829389,5.2144952866655965,2.8251285719322023,-1.8435326722534846,0.0,-6.083061569757936,3.4782632397205875,3.5143707299186646,2.0296134573229607,1.86428199451117,6.305720851869792,8.9456912784623,14.061669693221884,22.333619491101693,25.448374664012967,1,1
2020-04-16,0.0,-3.938248435467778,-2.059108295535829,-6.862705570460541,0.5414808940502973,3.6951926264680415,14.673720295464303,15.354495134139702,12.613779943489781,7.737908594236766,2.3477279580974013,0.0,10.29042878682457,10.21045045914661,8.44013061693649,8.409459479917373,13.105991972722203,15.989189913935302,21.498979084828594,30.217796440767252,33.688910430188706,29.57146170710694,1,1
2020-04-17,0.0,2.148501156786537,-3.1594139796218115,5.2240147518265,8.657719500120951,20.794335636442476,21.606451893563765,18.566921972537507,13.393534884730503,7.403048798233728,0.14236741086740778,0.0,0.09208242782549947,-1.2005705357022602,-1.4265648556549193,2.7355550695351694,5.164345735598572,9.909302146740744,17.67495117544828,20.506342788299055,16.9474207263722,11.049270258787091,1,1
2020-04-20,0.0,-5.051537366215085,2.833644970789903,6.125120675453113,17.672992896326363,18.41821117724909,15.530612112868933,10.508011445355361,4.822773766737743,-2.1429898011532966,8.979825429717593,0.0,-1.312081550550337,-1.544056928702307,2.6899214691715994,5.159323652728798,9.98475910414533,17.88488828170546,20.762603799391478,17.143178744012296,11.145979885401072,9.392715481146375,1,1
2020-04-21,0.0,8.819484838882094,12.332961660631252,24.889011833405423,25.773144239841287,22.621404273991246,17.4293084862828,11.20838111016891,3.7883358671054292,15.855658590787005,15.69310454618421,0.0,-0.2111358466399409,4.216008028037228,6.818037997691581,11.885415143733042,20.13981568692226,23.187503392914664,19.38872457978811,13.075868563887681,11.248334136236359,9.892826862057746,1,1
2020-04-22,0.0,3.0449160509559694,13.62402219903798,14.273313764308774,11.633406337967326,6.9104699539623535,1.719972705367364,-4.731025639212802,5.470697700914192,5.477285919448748,3.846766270951896,0.0,4.3367437946198555,6.888584295207156,11.855699820531377,19.94064267545245,22.931799128888514,19.208492920866902,13.018345236901329,11.22897095020167,9.90300716853056,8.442782314501548,1,1
2020-04-23,0.0,10.181704561464752,10.768455371425645,8.233935590195141,3.5494590092373244,-1.4257343840037415,-7.713880997588712,2.1183376963461136,2.181942245767024,0.6935113411789993,0.4906885266345107,0.0,2.3891585324969578,7.0902369200623845,14.865568227993428,17.620735950704564,14.090594313537903,8.276138672309973,6.542371008194918,5.2326630819727,3.8621660277031884,9.992066718909097,1,1
2020-04-24,0.0,0.3867017590433419,-1.75275004593946,-6.152074756218616,-10.327758955505535,-15.916488081605182,-7.504902836752795,-7.281364043163602,-8.309469709504764,-8.692569141214628,-4.650316847130585,0.0,4.495934466672912,12.00023984074175,14.593256655933153,11.213702144548858,5.677398347192341,3.9970327761683366,2.714183900252042,1.409863972774368,7.289845119491261,7.586302928687656,0,1
2020-04-27,0.0,-2.0970540871506946,-6.428579145634901,-10.520468116377067,-16.010671811093356,-7.760903607138071,-7.534397540061945,-8.532185622466194,-8.916921335775397,-4.947319506585609,-2.738383425400042,0.0,7.103957380956734,9.438755822523197,6.28942910770679,1.1853430160873182,-0.4181278301928002,-1.6666162212648,-2.8679773077410045,2.632582730008371,2.8406969108239593,-2.8041392733876824,0,1
2020-04-28,0.0,-4.404276464924438,-8.676538278052329,-14.33013472961266,-5.7569953561109735,-5.5635075106761995,-6.661165461297457,-7.009062701907984,-2.9133318417763436,-0.603033584623236,3.9791950915694736,0.0,2.013466958957729,-0.878398518871531,-5.477155298603094,-7.009639044117396,-8.24087606060761,-9.321468330061693,-4.236768401323416,-4.154656699184099,-9.451915435472428,-12.248391568405008,1,1
2020-04-29,0.0,-4.428948670946335,-10.134343871237187,-1.3264831163433541,-1.2109811390356833,-2.4594696777989093,-2.7136856598405616,1.4356000679268213,3.838525694120275,8.548795139655228,16.296161551401596,0.0,-2.7450707003468455,-7.085092334458021,-8.557048539092023,-9.750149195139537,-10.769409991516834,-5.933101914551473,-5.886465321047124,-10.947544651527988,-13.579895247845812,-18.038500162380682,1,0
2020-04-30,0.0,-6.083061569757936,3.4782632397205875,3.5143707299186646,2.0296134573229607,1.86428199451117,6.305720851869792,8.9456912784623,14.061669693221884,22.333619491101693,25.448374664012967,0.0,-4.5851517894340565,-6.101358162420166,-7.31472140624826,-8.392361479381146,-3.3399283413443692,-3.243956324130375,-8.497271257509047,-11.288577943885056,-15.965908574216185,-14.379113683446384,1,0
2020-05-01,0.0,10.29042878682457,10.21045045914661,8.44013061693649,8.409459479917373,13.105991972722203,15.989189913935302,21.498979084828594,30.217796440767252,33.688910430188706,29.57146170710694,0.0,-1.6161724675585176,-2.8814225552332386,-4.080084601717456,1.4328965187581517,1.6215501272683168,-4.050346254885888,-7.16949107440437,-12.307779428803013,-10.53749900448087,-10.158886699246882,1,0
2020-05-04,0.0,0.09208242782549947,-1.2005705357022602,-1.4265648556549193,2.7355550695351694,5.164345735598572,9.909302146740744,17.67495117544828,20.506342788299055,16.9474207263722,11.049270258787091,0.0,-1.2657160689024205,-2.490347709215557,3.10795038011817,3.326847594559536,-2.4132020034738004,-5.604512662430851,-10.833583778928102,-9.023261881507908,-8.63364098538268,-3.0667827509472096,1,1
2020-05-05,0.0,-1.312081550550337,-1.544056928702307,2.6899214691715994,5.159323652728798,9.98475910414533,17.88488828170546,20.762603799391478,17.143178744012296,11.145979885401072,9.392715481146375,0.0,-1.237942741240833,4.395188118100173,4.636407223651455,-1.1243045469578041,-4.353801182130327,-9.624048495524196,-7.792762745191418,-7.396767646873409,-1.7697530490675388,-4.138346979444409,1,1
2020-05-06,0.0,-0.2111358466399409,4.216008028037228,6.818037997691581,11.885415143733042,20.13981568692226,23.187503392914664,19.38872457978811,13.075868563887681,11.248334136236359,9.892826862057746,0.0,5.75885772616628,6.026382076724399,0.1521208864981407,-3.167751372909806,-8.564251196131728,-6.682410474657612,-6.273634370818024,-0.4955570464855792,-2.924634860950329,0.4252969067959862,1,1
2020-05-07,0.0,4.3367437946198555,6.888584295207156,11.855699820531377,19.94064267545245,22.931799128888514,19.208492920866902,13.018345236901329,11.22897095020167,9.90300716853056,8.442782314501548,0.0,0.1593533273184473,-5.3359958662922375,-8.3290052879147,-13.283036254629842,-11.583576901659102,-11.222158561194902,-5.9861626359426605,-8.20035286273438,-5.157913804245339,-10.876638239301215,1,0
2020-05-08,0.0,2.3891585324969578,7.0902369200623845,14.865568227993428,17.620735950704564,14.090594313537903,8.276138672309973,6.542371008194918,5.2326630819727,3.8621660277031884,9.992066718909097,0.0,-5.395737715140238,-8.331275001128486,-13.192811291755067,-11.52589928060981,-11.171631687811255,-6.0353835203711945,-8.207775893187327,-5.2230963523458485,-10.836904981210848,-13.170101295250262,1,0
2020-05-11,0.0,4.495934466672912,12.00023984074175,14.593256655933153,11.213702144548858,5.677398347192341,3.9970327761683366,2.714183900252042,1.409863972774368,7.289845119491261,7.586302928687656,0.0,-3.2194354801205987,-8.455068713026742,-6.630081596384505,-6.233863947788246,-0.6298694361733612,-2.9861140351965765,0.26307341360969216,-5.715040186154336,-8.167456687368738,-4.137501877979764,1,0
2020-05-12,0.0,7.103957380956734,9.438755822523197,6.28942910770679,1.1853430160873182,-0.4181278301928002,-1.6666162212648,-2.8679773077410045,2.632582730008371,2.8406969108239593,-2.8041392733876824,0.0,-5.586217234830634,-3.621230278145736,-3.1897107809583183,2.832828670268373,0.3088442906202362,3.7964010965007087,-2.5416031128544967,-5.122219778838543,-0.8250885516244919,5.973203052018429,1,1
2020-05-13,0.0,2.013466958957729,-0.878398518871531,-5.477155298603094,-7.009639044117396,-8.24087606060761,-9.321468330061693,-4.236768401323416,-4.154656699184099,-9.451915435472428,-12.248391568405008,0.0,2.1899445805530897,2.6795506934850977,9.371474191942038,6.581571175999059,10.449128309521374,3.5602372398651054,0.7902597875560025,5.505049962408614,12.936095946670273,5.591415130891889,1,1
2020-05-14,0.0,-2.7450707003468455,-7.085092334458021,-8.557048539092023,-9.750149195139537,-10.769409991516834,-5.933101914551473,-5.886465321047124,-10.947544651527988,-13.579895247845812,-18.038500162380682,0.0,0.46545026052885397,6.873918662969659,4.197257603627398,7.903568547927896,1.2546473994795453,-1.4308957267645575,3.1044208691457724,10.262168072736102,3.159792355192657,-12.928896852691329,0,1
2020-05-15,0.0,-4.5851517894340565,-6.101358162420166,-7.31472140624826,-8.392361479381146,-3.3399283413443692,-3.243956324130375,-8.497271257509047,-11.288577943885056,-15.965908574216185,-14.379113683446384,0.0,6.339408550214831,3.690511016367369,7.357445899483023,0.768815469530773,-1.8949978127152942,2.595879897041801,9.685581312212392,2.6446629758355016,-13.309495505114699,-10.108799821750884,0,1
2020-05-18,0.0,-1.6161724675585176,-2.8814225552332386,-4.080084601717456,1.4328965187581517,1.6215501272683168,-4.050346254885888,-7.16949107440437,-12.307779428803013,-10.53749900448087,-10.158886699246882,0.0,-2.358611547499052,0.8951091906466716,-5.077201834048748,-7.5237437082116765,-3.4932843330449677,2.8949982004089754,-3.5231347516579863,-18.123114522743542,-15.222209414810681,-7.703396312461077,0,1
2020-05-19,0.0,-1.2657160689024205,-2.490347709215557,3.10795038011817,3.326847594559536,-2.4132020034738004,-5.604512662430851,-10.833583778928102,-9.023261881507908,-8.63364098538268,-3.0667827509472096,0.0,3.409145559283323,-2.7931200368029176,-5.320159386691286,-1.1171950558864918,5.533474574185826,-1.1163868605696639,-16.219160791932183,-13.206394079834883,-5.401415359809534,3.617887116906429,1,1
2020-05-20,0.0,-1.237942741240833,4.395188118100173,4.636407223651455,-1.1243045469578041,-4.353801182130327,-9.624048495524196,-7.792762745191418,-7.396767646873409,-1.7697530490675388,-4.138346979444409,0.0,-5.877523699804851,-8.290104311321631,-4.329765476245645,1.9512957121033776,-4.370442360954026,-18.75979080248915,-15.90498557812014,-8.504319866421419,0.033509872448870937,-1.08479305360658,1,0
2020-05-21,0.0,5.75885772616628,6.026382076724399,0.1521208864981407,-3.167751372909806,-8.564251196131728,-6.682410474657612,-6.273634370818024,-0.4955570464855792,-2.924634860950329,0.4252969067959862,0.0,-2.5697612293580394,1.750484926327468,8.57407444427458,1.7879716607428549,-13.59610541419589,-10.513384368266525,-2.5315206651678546,6.704797311762095,5.484301323575841,5.241142593738431,1,1
2020-05-22,0.0,0.1593533273184473,-5.3359958662922375,-8.3290052879147,-13.283036254629842,-11.583576901659102,-11.222158561194902,-5.9861626359426605,-8.20035286273438,-5.157913804245339,-10.876638239301215,0.0,4.455843186430804,11.482021990099277,4.528020986138693,-11.210783824048697,-8.044213051194593,0.15076931895007384,9.645288902611945,8.386255003703106,8.209913368756634,16.986106225463466,0,1
2020-05-26,0.0,-5.395737715140238,-8.331275001128486,-13.192811291755067,-11.52589928060981,-11.171631687811255,-6.0353835203711945,-8.207775893187327,-5.2230963523458485,-10.836904981210848,-13.170101295250262,0.0,6.585727769718295,0.01480013844979422,-14.89796463347077,-11.917816623454978,-4.198998979893921,4.72555314250856,3.549067799199185,3.2672448254212814,11.517168214012491,3.680105148274424,0,1
2020-05-27,0.0,-3.2194354801205987,-8.455068713026742,-6.630081596384505,-6.233863947788246,-0.6298694361733612,-2.9861140351965765,0.26307341360969216,-5.715040186154336,-8.167456687368738,-4.137501877979764,0.0,-6.06749243222382,-19.896125732766407,-17.161399147168428,-10.06923328407412,-1.89539536952827,-2.9629281105618355,-3.3874547232404333,4.169328575607233,-3.032013827971279,-9.258095456318413,0,1
2020-05-28,0.0,-5.586217234830634,-3.621230278145736,-3.1897107809583183,2.832828670268373,0.3088442906202362,3.7964010965007087,-2.5416031128544967,-5.122219778838543,-0.8250885516244919,5.973203052018429,0.0,-14.723838894158172,-11.781514723836848,-4.160642150914889,4.650602284718428,3.489077809819768,3.2104330413425917,11.355615932789823,3.6179970934472996,-3.061572106664504,-9.951042437168978,1,1
2020-05-29,0.0,2.1899445805530897,2.6795506934850977,9.371474191942038,6.581571175999059,10.449128309521374,3.5602372398651054,0.7902597875560025,5.505049962408614,12.936095946670273,5.591415130891889,0.0,3.4953915732442473,12.523442256865659,23.03521210418331,21.62145102990433,21.75661953782391,31.471460973291148,22.30659872473214,14.421583607400446,5.32740941567314,14.595380625966957,1,1
2020-06-01,0.0,0.46545026052885397,6.873918662969659,4.197257603627398,7.903568547927896,1.2546473994795453,-1.4308957267645575,3.1044208691457724,10.262168072736102,3.159792355192657,-12.928896852691329,0.0,8.66400884137555,18.737771918833385,17.388276903129643,17.428568301464306,26.739052427257167,17.94346202555066,10.371030777207249,1.8228118415519827,10.702251473424262,10.687953166967652,1,1
2020-06-02,0.0,6.339408550214831,3.690511016367369,7.357445899483023,0.768815469530773,-1.8949978127152942,2.595879897041801,9.685581312212392,2.6446629758355016,-13.309495505114699,-10.108799821750884,0.0,9.093026282255158,7.8874647224348085,7.714719044747852,16.11981353251013,8.150971615910493,1.2783368084135662,-6.046318575504879,1.9631479172797937,1.8851538795585323,-1.0543080896957395,1,1
2020-06-03,0.0,-2.358611547499052,0.8951091906466716,-5.077201834048748,-7.5237437082116765,-3.4932843330449677,2.8949982004089754,-3.5231347516579863,-18.123114522743542,-15.222209414810681,-7.703396312461077,0.0,-1.0636899710470304,-1.4351309546593018,6.072803531129614,-1.0751098448609175,-7.252139218843028,-13.387624749033302,-6.239838086579342,-6.3770878482018105,-9.191535196997489,-11.128202188026197,1,1
2020-06-04,0.0,3.409145559283323,-2.7931200368029176,-5.320159386691286,-1.1171950558864918,5.533474574185826,-1.1163868605696639,-16.219160791932183,-13.206394079834883,-5.401415359809534,3.617887116906429,0.0,-0.3484400258142233,7.2794722016639195,0.02128771981885258,-6.24938994547619,-12.5372053938403,-5.27429676157767,-5.404733559020726,-8.239003000123942,-10.20707892689298,-11.118798638303812,1,1
2020-06-05,0.0,-5.877523699804851,-8.290104311321631,-4.329765476245645,1.9512957121033776,-4.370442360954026,-18.75979080248915,-15.90498557812014,-8.504319866421419,0.033509872448870937,-1.08479305360658,0.0,7.462505757563008,0.3629249605680024,-5.770222108242553,-11.9383666870756,-4.832673338861134,-4.9575149195543515,-7.722597797714215,-9.648138784561592,-10.53940072710514,-11.266127628414644,0,1
2020-06-08,0.0,-2.5697612293580394,1.750484926327468,8.57407444427458,1.7879716607428549,-13.59610541419589,-10.513384368266525,-2.5315206651678546,6.704797311762095,5.484301323575841,5.241142593738431,0.0,-6.479797207437214,-12.087595512577558,-17.364304551327685,-10.908625835604246,-11.077219124475153,-13.745315696111355,-15.493384919661107,-16.31749524748183,-16.948870267759418,-17.264577812106335,1,0
2020-06-09,0.0,4.455843186430804,11.482021990099277,4.528020986138693,-11.210783824048697,-8.044213051194593,0.15076931895007384,9.645288902611945,8.386255003703106,8.209913368756634,16.986106225463466,0.0,-6.083899801063092,-12.183325993911037,-5.136875140663097,-5.263591843194891,-8.013864060123645,-9.923281039086866,-10.807872215359659,-11.527014184941883,-11.82360243594826,-8.107838737080668,1,0
2020-06-10,0.0,6.585727769718295,0.01480013844979422,-14.89796463347077,-11.917816623454978,-4.198998979893921,4.72555314250856,3.549067799199185,3.2672448254212814,11.517168214012491,3.680105148274424,0.0,-6.915511474454656,0.7101713481909044,0.6261048910748328,-2.20023845535743,-4.267889702427768,-5.211365459031022,-6.01739288471398,-6.293901803710065,-2.2874936825858967,-6.833499081160286,1,0
2020-06-11,0.0,-6.06749243222382,-19.896125732766407,-17.161399147168428,-10.06923328407412,-1.89539536952827,-2.9629281105618355,-3.3874547232404333,4.169328575607233,-3.032013827971279,-9.258095456318413,0.0,8.849636345117286,8.82000861167419,5.7320522779183385,3.3309004366160657,2.25369770724984,1.2827498139685,1.0187736176863273,5.649282760807407,0.2214849915463113,4.998250714395526,1,1
2020-06-12,0.0,-14.723838894158172,-11.781514723836848,-4.160642150914889,4.650602284718428,3.489077809819768,3.2104330413425917,11.355615932789823,3.6179970934472996,-3.061572106664504,-9.951042437168978,0.0,-0.09367450985351788,-3.0505445806487774,-5.200606743326858,-6.183384719732224,-7.018325416228221,-7.3111126859496185,-3.142985461747623,-7.8565124389878775,-3.6084435045541055,-3.7948404536902407,1,0
2020-06-15,0.0,3.4953915732442473,12.523442256865659,23.03521210418331,21.62145102990433,21.75661953782391,31.471460973291148,22.30659872473214,14.421583607400446,5.32740941567314,14.595380625966957,0.0,-2.933458139237629,-5.068119816095216,-6.04364630965738,-6.873007701118984,-7.163041231506687,-3.0250235988358036,-7.7064955784622935,-3.4885150635815085,-3.6758127539884944,-1.456053862982829,1,0
2020-06-16,0.0,8.66400884137555,18.737771918833385,17.388276903129643,17.428568301464306,26.739052427257167,17.94346202555066,10.371030777207249,1.8228118415519827,10.702251473424262,10.687953166967652,0.0,-2.167706857541565,-3.151702692773595,-4.006452407516691,-4.280439321907348,-0.0863116137498798,-4.893650163314785,-0.5997490102105167,-0.8598814108729602,1.4250621751265453,2.508731719079809,1,1
2020-06-17,0.0,9.093026282255158,7.8874647224348085,7.714719044747852,16.11981353251013,8.150971615910493,1.2783368084135662,-6.046318575504879,1.9631479172797937,1.8851538795585323,-1.0543080896957395,0.0,-1.0081921857442349,-1.897679525136939,-2.1644001957929655,2.1480861459187928,-2.8417491045597147,1.5873838115606955,1.2671411621422033,3.6429041716675115,4.788283573934703,2.011155826816166,1,1
2020-06-18,0.0,-1.0636899710470304,-1.4351309546593018,6.072803531129614,-1.0751098448609175,-7.252139218843028,-13.387624749033302,-6.239838086579342,-6.3770878482018105,-9.191535196997489,-11.128202188026197,0.0,-0.9037576996245793,-1.16645949668529,3.19172219365194,-1.8723599731768181,2.6101200343639066,2.2624005488098398,4.675357809184429,5.847080592817608,3.0484389828113003,2.658096517401423,1,1
2020-06-19,0.0,-0.3484400258142233,7.2794722016639195,0.02128771981885258,-6.24938994547619,-12.5372053938403,-5.27429676157767,-5.404733559020726,-8.239003000123942,-10.20707892689298,-11.118798638303812,0.0,-0.2606601386316946,4.166461148057877,-0.9970781522706467,3.5621161664479377,3.187092237978499,5.649101507382538,6.852221329342191,4.0164734135970335,3.6245022371009923,-3.5537704540650674,1,1
2020-06-22,0.0,7.462505757563008,0.3629249605680024,-5.770222108242553,-11.9383666870756,-4.832673338861134,-4.9575149195543515,-7.722597797714215,-9.648138784561592,-10.53940072710514,-11.266127628414644,0.0,4.411091555556655,-0.7391893429937038,3.805129237204294,3.4253362104239553,5.881489122385602,7.083866995242212,4.260399807981032,3.871125286940358,-3.2752030832781025,-2.236444643706368,1,1
2020-06-23,0.0,-6.479797207437214,-12.087595512577558,-17.364304551327685,-10.908625835604246,-11.077219124475153,-13.745315696111355,-15.493384919661107,-16.31749524748183,-16.948870267759418,-17.264577812106335,0.0,-4.8036468973348345,-0.5141135853043366,-0.7759824052629005,1.507363708165291,2.5909939545392255,-0.12299993742592968,-0.5133094830800445,-7.396397309251526,-6.35938944605468,-6.037266523950924,0,1
2020-06-24,0.0,-6.083899801063092,-12.183325993911037,-5.136875140663097,-5.263591843194891,-8.013864060123645,-9.923281039086866,-10.807872215359659,-11.527014184941883,-11.82360243594826,-8.107838737080668,0.0,4.688628995065578,4.278826258836861,6.819496750563656,8.069592833035014,5.165532943808817,4.768142805402929,-2.5795984521470654,-1.5183457322710505,-1.1286567932740312,-2.5368485339199474,0,1
2020-06-25,0.0,-6.915511474454656,0.7101713481909044,0.6261048910748328,-2.20023845535743,-4.267889702427768,-5.211365459031022,-6.01739288471398,-6.293901803710065,-2.2874936825858967,-6.833499081160286,0.0,-0.2800141422830724,2.0582123754767165,3.172325636006127,0.40468861345030094,0.008691348877452043,-7.008703829860622,-5.9560406789713,-5.623046717072823,-6.9285220181247205,-5.924152876299431,0,1
2020-06-26,0.0,8.849636345117286,8.82000861167419,5.7320522779183385,3.3309004366160657,2.25369770724984,1.2827498139685,1.0187736176863273,5.649282760807407,0.2214849915463113,4.998250714395526,0.0,2.4074037278284157,3.5569645743649563,0.7139378451707987,0.30829397695504035,-6.89927461720522,-5.8206608856969995,-5.476062384619154,-6.81951194487486,-5.784088402684491,-4.663873767810824,1,1
2020-06-29,0.0,-0.09367450985351788,-3.0505445806487774,-5.200606743326858,-6.183384719732224,-7.018325416228221,-7.3111126859496185,-3.142985461747623,-7.8565124389878775,-3.6084435045541055,-3.7948404536902407,0.0,1.070953212209567,-1.6778088906348603,-2.079057329205716,-9.055419187793653,-7.990940866712123,-7.677888349247549,-8.957629761227048,-7.985882647005446,-6.884832039089698,-8.892140093207109,0,0
2020-06-30,0.0,-2.933458139237629,-5.068119816095216,-6.04364630965738,-6.873007701118984,-7.163041231506687,-3.0250235988358036,-7.7064955784622935,-3.4885150635815085,-3.6758127539884944,-1.456053862982829,0.0,-2.6840351630050083,-3.0798334761640414,-9.895349719139658,-8.846386710263195,-8.549590924730524,-9.79073457827833,-8.854828716377291,-7.771766123248588,-9.74221909169899,-4.557693399515819,0,0
2020-07-01,0.0,-2.167706857541565,-3.151702692773595,-4.006452407516691,-4.280439321907348,-0.0863116137498798,-4.893650163314785,-0.5997490102105167,-0.8598814108729602,1.4250621751265453,2.508731719079809,0.0,-0.3921657953409611,-7.315925450372443,-6.2738588474899135,-5.948762210909615,-7.23334368868596,-6.247510778843247,-5.166550891630016,-7.143704107895278,-1.8179648720494224,0.021733899006108004,1,0
2020-07-02,0.0,-1.0081921857442349,-1.897679525136939,-2.1644001957929655,2.1480861459187928,-2.8417491045597147,1.5873838115606955,1.2671411621422033,3.6429041716675115,4.788283573934703,2.011155826816166,0.0,-6.913247986069708,-5.876134010585514,-5.548155909199882,-6.834182038071987,-5.84482873651935,-4.7682720976882855,-6.738904458579775,-1.412826732663037,0.42435677265609373,1.0604989889217515,1,0
2020-07-06,0.0,-0.9037576996245793,-1.16645949668529,3.19172219365194,-1.8723599731768181,2.6101200343639066,2.2624005488098398,4.675357809184429,5.847080592817608,3.0484389828113003,2.658096517401423,0.0,1.0164494820428476,1.4194134802598877,0.019970300426409238,1.1407307487189993,2.209358773032478,0.22502667878955895,5.917363584078603,7.832643072256971,8.525601016767517,8.26162784891788,1,1
2020-07-07,0.0,-0.2606601386316946,4.166461148057877,-0.9970781522706467,3.5621161664479377,3.187092237978499,5.649101507382538,6.852221329342191,4.0164734135970335,3.6245022371009923,-3.5537704540650674,0.0,0.3952662974729301,-0.9993076432792541,0.11151819887893333,1.1904886377087471,-0.8088208686749576,4.877850679906006,6.797937528994108,7.488386913037221,7.215474280206915,8.350789825078733,1,1
2020-07-08,0.0,4.411091555556655,-0.7391893429937038,3.805129237204294,3.4253362104239553,5.881489122385602,7.083866995242212,4.260399807981032,3.871125286940358,-3.2752030832781025,-2.236444643706368,0.0,-1.3761322042102315,-0.28230536817360646,0.7877776839989108,-1.193466992300758,4.4234159122798875,6.322501658470289,7.003783291606208,6.730707115469482,7.852131329345798,8.42588171330141,1,1
2020-07-09,0.0,-4.8036468973348345,-0.5141135853043366,-0.7759824052629005,1.507363708165291,2.5909939545392255,-0.12299993742592968,-0.5133094830800445,-7.396397309251526,-6.35938944605468,-6.037266523950924,0.0,1.1301603939655211,2.208142672980801,0.20652422655953084,5.947488525335994,7.879262154625516,8.578103824236774,8.311693799063136,9.457740698135346,10.051179545670255,12.980696008882566,1,1
2020-07-10,0.0,4.688628995065578,4.278826258836861,6.819496750563656,8.069592833035014,5.165532943808817,4.768142805402929,-2.5795984521470654,-1.5183457322710505,-1.1286567932740312,-2.5368485339199474,0.0,1.0653726283320912,-0.9082929444989489,4.70028062501486,6.594716172164186,7.275488670677053,7.0053396106426336,8.125074949369154,8.699370168951894,11.58049206890002,9.75616794150359,1,1
2020-07-13,0.0,-0.2800141422830724,2.0582123754767165,3.172325636006127,0.40468861345030094,0.008691348877452043,-7.008703829860622,-5.9560406789713,-5.623046717072823,-6.9285220181247205,-5.924152876299431,0.0,-1.9853848538568464,3.60616350621248,5.501862169496478,6.178667905571814,5.899725176171934,7.01617539332787,7.583417325653089,10.47443413911844,8.659217012542733,7.776592369140144,1,1
2020-07-14,0.0,2.4074037278284157,3.5569645743649563,0.7139378451707987,0.30829397695504035,-6.89927461720522,-5.8206608856969995,-5.476062384619154,-6.81951194487486,-5.784088402684491,-4.663873767810824,0.0,5.645982069857936,7.547114403089745,8.234036571974215,7.970225974076154,9.09733335704149,9.679955222235826,12.564509983777725,10.724995704769105,9.85150459932416,9.274367732900537,1,1
2020-07-15,0.0,1.070953212209567,-1.6778088906348603,-2.079057329205716,-9.055419187793653,-7.990940866712123,-7.677888349247549,-8.957629761227048,-7.985882647005446,-6.884832039089698,-8.892140093207109,0.0,1.8022408797487222,2.4318676964372505,2.13976364152066,3.1885758224837075,3.7046182425011525,6.478022835031115,4.784551308644353,3.9257371121324187,3.418537283595046,7.416334204571729,0,1
2020-07-16,0.0,-2.6840351630050083,-3.0798334761640414,-9.895349719139658,-8.846386710263195,-8.549590924730524,-9.79073457827833,-8.854828716377291,-7.771766123248588,-9.74221909169899,-4.557693399515819,0.0,0.6154966431079791,0.3126249648463395,1.3433121431851778,1.8415796894235055,4.597326202367273,2.939314972861655,2.0797365692958376,1.591427128528964,5.5095368247441385,5.649471754569331,0,1
2020-07-17,0.0,-0.3921657953409611,-7.315925450372443,-6.2738588474899135,-5.948762210909615,-7.23334368868596,-6.247510778843247,-5.166550891630016,-7.143704107895278,-1.8179648720494224,0.021733899006108004,0.0,-0.30529735212524356,0.7151599289196298,1.2054401616604877,3.9442311931931546,2.304803762146606,1.4483972436243897,0.9684118779294711,4.843992770733834,4.984990612532841,5.105152151788132,0,1
2020-07-20,0.0,-6.913247986069708,-5.876134010585514,-5.548155909199882,-6.834182038071987,-5.84482873651935,-4.7682720976882855,-6.738904458579775,-1.412826732663037,0.42435677265609373,1.0604989889217515,0.0,1.015532759618728,1.5049501834164267,4.225386903201925,2.5928196712349365,1.7431945917944196,1.2638070950567555,5.122484144767149,5.261589953173253,5.383436865878603,6.081193942905662,0,1
2020-07-21,0.0,1.0164494820428476,1.4194134802598877,0.019970300426409238,1.1407307487189993,2.209358773032478,0.22502667878955895,5.917363584078603,7.832643072256971,8.525601016767517,8.26162784891788,0.0,0.47792513324476726,3.1789797116918503,1.5716786558052482,0.7246635311608808,0.2573442963895294,4.058565454611327,4.199809565153526,4.312559008085398,4.9949173026030955,5.155903724746518,1,1
2020-07-22,0.0,0.3952662974729301,-0.9993076432792541,0.11151819887893333,1.1904886377087471,-0.8088208686749576,4.877850679906006,6.797937528994108,7.488386913037221,7.215474280206915,8.350789825078733,0.0,2.6787451841895136,1.091078535652511,0.24945346608218855,-0.20997049581733518,3.5458798929550386,3.6874168596373016,3.7953970863891326,4.467256308340899,4.6248478414863605,5.364776869344534,1,1
2020-07-23,0.0,-1.3761322042102315,-0.28230536817360646,0.7877776839989108,-1.193466992300758,4.4234159122798875,6.322501658470289,7.003783291606208,6.730707115469482,7.852131329345798,8.42588171330141,0.0,-1.5486784955619206,-2.397707226356303,-2.833466140985019,0.836178045615644,0.9856689350929412,1.0717888268143592,1.7148968794956965,1.8605297387461421,2.572556668235403,3.109441265321935,1,1
2020-07-24,0.0,1.1301603939655211,2.208142672980801,0.20652422655953084,5.947488525335994,7.879262154625516,8.578103824236774,8.311693799063136,9.457740698135346,10.051179545670255,12.980696008882566,0.0,-0.8561346270756588,-1.3118719857329586,2.4587735695864184,2.6055611442331346,2.705847104989428,3.374768497250143,3.529486311404006,4.26775587338628,4.827066326064605,11.816523100932589,1,1
2020-07-27,0.0,1.0653726283320912,-0.9082929444989489,4.70028062501486,6.594716172164186,7.275488670677053,7.0053396106426336,8.125074949369154,8.699370168951894,11.58049206890002,9.75616794150359,0.0,-0.46181802947191286,3.3238138466807765,3.4675394531677957,3.5745309786326698,4.250448735356586,4.408495857306395,5.153252709089386,5.7188758708869285,12.717054293616929,14.534942307282591,1,1
2020-07-28,0.0,-1.9853848538568464,3.60616350621248,5.501862169496478,6.178667905571814,5.899725176171934,7.01617539332787,7.583417325653089,10.47443413911844,8.659217012542733,7.776592369140144,0.0,3.8338954560943783,3.9774599595765485,4.089264527104534,4.776171773813211,4.937718232089733,5.693913099799522,6.268983964572913,13.345961413690098,15.185572280912812,14.60088968721605,1,1
2020-07-29,0.0,5.645982069857936,7.547114403089745,8.234036571974215,7.970225974076154,9.09733335704149,9.679955222235826,12.564509983777725,10.724995704769105,9.85150459932416,9.274367732900537,0.0,0.15031165501341467,0.22883231086378547,0.8562488598710987,0.9966652710337913,1.6925188791506733,2.215853969228009,8.94853651985036,10.688976935846895,10.162530149108072,6.371000654118134,1,1
2020-07-30,0.0,1.8022408797487222,2.4318676964372505,2.13976364152066,3.1885758224837075,3.7046182425011525,6.478022835031115,4.784551308644353,3.9257371121324187,3.418537283595046,7.416334204571729,0.0,0.07754193678064991,0.7052814304222235,0.8454618376792313,1.5418960127926518,2.0654170966992007,8.813164580428761,10.557098324328702,10.030708680425954,6.228474517517273,6.666870282512645,1,1
2020-07-31,0.0,0.6154966431079791,0.3126249648463395,1.3433121431851778,1.8415796894235055,4.597326202367273,2.939314972861655,2.0797365692958376,1.591427128528964,5.5095368247441385,5.649471754569331,0.0,0.6219298903660425,0.7606565355610901,1.4507581955002828,1.9693918908181685,8.660575883282041,10.389687830809061,9.868336303347284,6.096849751081422,6.531736537780242,10.848739133092064,1,1
2020-08-03,0.0,-0.30529735212524356,0.7151599289196298,1.2054401616604877,3.9442311931931546,2.304803762146606,1.4483972436243897,0.9684118779294711,4.843992770733834,4.984990612532841,5.105152151788132,0.0,0.13467558152442177,0.8116917140979556,1.3194830309014622,7.92179371340959,9.626329528642271,9.1168603698006,5.386553011088376,5.8169782933172005,10.077004619051674,8.367076889503194,1,1
2020-08-04,0.0,1.015532759618728,1.5049501834164267,4.225386903201925,2.5928196712349365,1.7431945917944196,1.2638070950567555,5.122484144767149,5.261589953173253,5.383436865878603,6.081193942905662,0.0,0.6728139300406041,1.1772327725244496,7.746880281320927,9.442633080270882,8.93676313391538,5.222970817574427,5.651552757804055,9.890582681256264,8.188721674616701,3.6768155035257535,1,1
2020-08-05,0.0,0.47792513324476726,3.1789797116918503,1.5716786558052482,0.7246635311608808,0.2573442963895294,4.058565454611327,4.199809565153526,4.312559008085398,4.9949173026030955,5.155903724746518,0.0,0.4935994755442309,6.977503884214075,8.649400033098003,8.155443932678423,4.480571331753861,4.904968237791057,9.0890615849979,7.407478729460861,2.9526141398321553,5.241078267769786,1,1
2020-08-06,0.0,2.6787451841895136,1.091078535652511,0.24945346608218855,-0.20997049581733518,3.5458798929550386,3.6874168596373016,3.7953970863891326,4.467256308340899,4.6248478414863605,5.364776869344534,0.0,6.410742255930271,8.062513770497459,7.578010260935343,3.9376290469194895,4.358265861126736,8.49543119863813,6.831410718363633,2.425465825417585,4.690392403740399,1.2688429741629261,1,1
2020-08-07,0.0,-1.5486784955619206,-2.397707226356303,-2.833466140985019,0.836178045615644,0.9856689350929412,1.0717888268143592,1.7148968794956965,1.8605297387461421,2.572556668235403,3.109441265321935,0.0,1.5348264984545985,1.1278960001640703,-2.374965673871867,-1.9674724097578622,1.9191785645351909,0.3399163208001902,-3.81212527095689,-1.6580919658714772,-4.890749294642477,-7.499675571678099,1,0
2020-08-10,0.0,-0.8561346270756588,-1.3118719857329586,2.4587735695864184,2.6055611442331346,2.705847104989428,3.374768497250143,3.529486311404006,4.26775587338628,4.827066326064605,11.816523100932589,0.0,-0.3876858389043081,-3.849237451331897,-3.4458804645768693,0.37196860241940516,-1.1833319629930805,-5.265090512300756,-3.142634518430971,-6.322632839389514,-8.890427329733273,-8.622446994609117,1,0
2020-08-11,0.0,-0.46181802947191286,3.3238138466807765,3.4675394531677957,3.5745309786326698,4.250448735356586,4.408495857306395,5.153252709089386,5.7188758708869285,12.717054293616929,14.534942307282591,0.0,-3.4975573800452935,-3.0901793662047696,0.7733698373063045,-0.7995000212120148,-4.929273903444307,-2.783130971876149,-5.999996575891821,-8.597202740188191,-8.321994347672232,-7.343513306322855,1,0
2020-08-12,0.0,3.8338954560943783,3.9774599595765485,4.089264527104534,4.776171773813211,4.937718232089733,5.693913099799522,6.268983964572913,13.345961413690098,15.185572280912812,14.60088968721605,0.0,0.4087940034182822,4.3545207659649705,2.75760599480551,-1.4524301949825584,0.7239229021761817,-2.550609675884998,-5.191158129585697,-4.873992748751804,-3.861502696756899,-3.6246382869307974,1,1
2020-08-13,0.0,0.15031165501341467,0.22883231086378547,0.8562488598710987,0.9966652710337913,1.6925188791506733,2.215853969228009,8.94853651985036,10.688976935846895,10.162530149108072,6.371000654118134,0.0,3.9377609796543362,2.3429931789332565,-1.8594108898500417,0.31431535830030566,-2.954837418683425,-5.591416972567161,-5.279023806631711,-4.270088134238518,-4.037952091277698,-2.682978038807486,1,1
2020-08-14,0.0,0.07754193678064991,0.7052814304222235,0.8454618376792313,1.5418960127926518,2.0654170966992007,8.813164580428761,10.557098324328702,10.030708680425954,6.228474517517273,6.666870282512645,0.0,-1.5448707323701598,-5.597483928576324,-3.48899212343728,-6.646786588355689,-9.19698488133778,-8.934709239561371,-7.97770068423523,-7.793766257513301,-6.496449317243732,-3.272358820874631,1,0
2020-08-17,0.0,0.6219298903660425,0.7606565355610901,1.4507581955002828,1.9693918908181685,8.660575883282041,10.389687830809061,9.868336303347284,6.096849751081422,6.531736537780242,10.848739133092064,0.0,-4.101300672540274,-1.9725103901296885,-5.166118418406843,-7.74383226096419,-7.462385461861636,-6.487318793262315,-6.284766121344052,-4.968016719594702,-1.6914703869410097,-4.342206811982668,1,0
2020-08-18,0.0,0.13467558152442177,0.8116917140979556,1.3194830309014622,7.92179371340959,9.626329528642271,9.1168603698006,5.386553011088376,5.8169782933172005,10.077004619051674,8.367076889503194,0.0,2.195722095101022,-1.1130705865581796,-3.779921990240941,-3.4441974336249848,-2.414334886153947,-2.159435679617205,-0.7823376282488783,2.655677190215669,-0.1114914591296241,-0.5787639877902726,1,1
2020-08-19,0.0,0.6728139300406041,1.1772327725244496,7.746880281320927,9.442633080270882,8.93676313391538,5.222970817574427,5.651552757804055,9.890582681256264,8.188721674616701,3.6768155035257535,0.0,-3.2585317226110453,-5.886828669050407,-5.578711439773882,-4.574504191271089,-4.34645090553639,-2.996829142924482,0.36687971996867397,-2.3476318906379943,-2.823685385956249,7.392018782027681,1,1
2020-08-20,0.0,0.4935994755442309,6.977503884214075,8.649400033098003,8.155443932678423,4.480571331753861,4.904968237791057,9.0890615849979,7.407478729460861,2.9526141398321553,5.241078267769786,0.0,-2.696431014600692,-2.3451359415796844,-1.2982449052519136,-1.0284597171540277,0.36785266797532135,3.8568100408607537,1.0523616589067548,0.5879953333302907,11.16716715931286,9.550471290729902,1,1
2020-08-21,0.0,6.410742255930271,8.062513770497459,7.578010260935343,3.9376290469194895,4.358265861126736,8.49543119863813,6.831410718363633,2.425465825417585,4.690392403740399,1.2688429741629261,0.0,0.38749232726980454,1.4696335000566465,1.77445689647461,3.2091371244668294,6.801212513718609,3.922946403808415,3.468803942469069,14.346875278088891,12.58899288084114,9.66882992475609,1,1
2020-08-24,0.0,1.5348264984545985,1.1278960001640703,-2.374965673871867,-1.9674724097578622,1.9191785645351909,0.3399163208001902,-3.81212527095689,-1.6580919658714772,-4.890749294642477,-7.499675571678099,0.0,1.0659115731704172,1.3626399781718272,2.7769772952672467,6.3171292593573,3.479232369795738,3.028390472993973,13.751096640673273,12.031354972073455,9.154408528976452,8.28346200718635,0,1
2020-08-25,0.0,-0.3876858389043081,-3.849237451331897,-3.4458804645768693,0.37196860241940516,-1.1833319629930805,-5.265090512300756,-3.142634518430971,-6.322632839389514,-8.890427329733273,-8.622446994609117,0.0,0.2818429660345412,1.6745254451606686,5.157760650027034,2.3621005833799638,1.909556876613867,12.465016428713398,10.807831681170674,7.979896659319,7.150220233161349,5.929906171971112,0,1
2020-08-26,0.0,-3.4975573800452935,-3.0901793662047696,0.7733698373063045,-0.7995000212120148,-4.929273903444307,-2.783130971876149,-5.999996575891821,-8.597202740188191,-8.321994347672232,-7.343513306322855,0.0,1.3743253960484898,4.81093566231383,2.0518068931992994,1.6029703444778947,12.018491295121592,10.392655823977655,7.60329829636197,6.791888117481715,5.5818831484647795,4.6278890093644165,0,1
2020-08-27,0.0,0.4087940034182822,4.3545207659649705,2.75760599480551,-1.4524301949825584,0.7239229021761817,-2.550609675884998,-5.191158129585697,-4.873992748751804,-3.861502696756899,-3.6246382869307974,0.0,3.375322552498154,0.6610743449305932,0.20882128719158133,10.445162843829065,8.89286636200749,6.156772109250608,5.3946271764270675,4.176922267968418,3.2606276193518435,3.057718807578097,1,1
2020-08-28,0.0,3.9377609796543362,2.3429931789332565,-1.8594108898500417,0.31431535830030566,-2.954837418683425,-5.591416972567161,-5.279023806631711,-4.270088134238518,-4.037952091277698,-2.682978038807486,0.0,-2.601515103946762,-3.0605282147177335,6.727400805985583,5.351818374829924,2.74817203882303,2.103643403325575,0.871251724981577,0.04588208887219292,-0.15077750493393172,1.7485588925407467,1,1
2020-08-31,0.0,-1.5448707323701598,-5.597483928576324,-3.48899212343728,-6.646786588355689,-9.19698488133778,-8.934709239561371,-7.97770068423523,-7.793766257513301,-6.496449317243732,-3.272358820874631,0.0,-0.4521931211522613,9.661314558331702,8.149603835476928,5.448885248632398,4.712898965891057,3.4960653870689544,2.6010240075467825,2.4000169423978113,4.3870467822099535,0.7293639883591276,0,1
2020-09-01,0.0,-4.101300672540274,-1.9725103901296885,-5.166118418406843,-7.74383226096419,-7.462385461861636,-6.487318793262315,-6.284766121344052,-4.968016719594702,-1.6914703869410097,-4.342206811982668,0.0,10.090154579629118,8.566890596024647,5.870665922584929,5.124723325167427,3.9201135018022937,3.020111079388697,2.81993340060343,4.8064559779173965,1.1619821848887355,0.858945276530807,0,1
2020-09-02,0.0,2.195722095101022,-1.1130705865581796,-3.779921990240941,-3.4441974336249848,-2.414334886153947,-2.159435679617205,-0.7823376282488783,2.655677190215669,-0.1114914591296241,-0.5787639877902726,0.0,-1.0470956440998225,-3.391555035930293,-3.8196891116845126,-5.068262096779746,-5.723643922670889,-5.907464991492827,-4.235313863857368,-7.544768230059285,-7.776584629423359,-9.39518381168821,1,0
2020-09-03,0.0,-3.2585317226110453,-5.886828669050407,-5.578711439773882,-4.574504191271089,-4.34645090553639,-2.996829142924482,0.36687971996867397,-2.3476318906379943,-2.823685385956249,7.392018782027681,0.0,-2.465389313067764,-2.9441819723311022,-4.2310925114671125,-4.936764723260099,-5.12880264866074,-3.3632464600471534,-6.825202924037525,-7.073082943245655,-8.778054560905542,-9.61191396483333,1,0
2020-09-04,0.0,-2.696431014600692,-2.3451359415796844,-1.2982449052519136,-1.0284597171540277,0.36785266797532135,3.8568100408607537,1.0523616589067548,0.5879953333302907,11.16716715931286,9.550471290729902,0.0,-0.5657727960790226,-1.8463839214387496,-2.6204340021917365,-2.8176577148584028,-0.9605886160654307,-4.526764280049522,-4.794732040090651,-6.57868268880274,-7.468730706249279,-11.868493066902776,1,0
2020-09-08,0.0,0.38749232726980454,1.4696335000566465,1.77445689647461,3.2091371244668294,6.801212513718609,3.922946403808415,3.468803942469069,14.346875278088891,12.58899288084114,9.66882992475609,0.0,-1.3130892979126214,-2.124397923933313,-2.328126783950897,-0.3993817284765102,-4.0857346546783475,-4.365725731793357,-6.216349374474019,-7.143760570098817,-11.702366826424363,-13.690037641400751,1,0
2020-09-09,0.0,1.0659115731704172,1.3626399781718272,2.7769772952672467,6.3171292593573,3.479232369795738,3.028390472993973,13.751096640673273,12.031354972073455,9.154408528976452,8.28346200718635,0.0,-0.8285872459313075,-1.0302142130441432,0.9014278322475575,-2.7524738928557895,-3.036541579071717,-4.88520096414967,-5.820554008173309,-10.362143682647144,-12.32273081811639,-14.237631443065125,1,0
2020-09-10,0.0,0.2818429660345412,1.6745254451606686,5.157760650027034,2.3621005833799638,1.909556876613867,12.465016428713398,10.807831681170674,7.979896659319,7.150220233161349,5.929906171971112,0.0,-0.20652829547616902,1.7872576718298747,-1.959184894983497,-2.2547985777357207,-4.159808881857875,-5.12956536762741,-9.801553545157407,-11.805418692081652,-13.791209311701843,-14.591532656877643,1,0
2020-09-11,0.0,1.3743253960484898,4.81093566231383,2.0518068931992994,1.6029703444778947,12.018491295121592,10.392655823977655,7.60329829636197,6.791888117481715,5.5818831484647795,4.6278890093644165,0.0,1.9994811420777587,-1.751617217586157,-2.0486571687107156,-3.9583540741451966,-4.931922880111198,-9.613458537386638,-11.618262165334636,-13.611969470372863,-14.412922264677702,-15.249352164194603,1,0
2020-09-14,0.0,3.375322552498154,0.6610743449305932,0.20882128719158133,10.445162843829065,8.89286636200749,6.156772109250608,5.3946271764270675,4.176922267968418,3.2606276193518435,3.057718807578097,0.0,-3.6422977777327286,-3.9209324652647926,-5.75379746742753,-6.675024356181217,-11.18618178484187,-13.147182311000506,-15.032686739093409,-15.813783569436414,-16.653380066851003,-14.410157189705405,1,0
2020-09-15,0.0,-2.601515103946762,-3.0605282147177335,6.727400805985583,5.351818374829924,2.74817203882303,2.103643403325575,0.871251724981577,0.04588208887219292,-0.15077750493393172,1.7485588925407467,0.0,-0.3049745767070752,-2.22835481697573,-3.220749104501067,-7.91966226671025,-9.905677359523962,-11.938849462915808,-12.73441517556221,-13.543718126813603,-11.169504148998621,-7.576643412748304,1,0
2020-09-16,0.0,-0.4521931211522613,9.661314558331702,8.149603835476928,5.448885248632398,4.712898965891057,3.4960653870689544,2.6010240075467825,2.4000169423978113,4.3870467822099535,0.7293639883591276,0.0,-1.9408294217559692,-2.944300735677244,-7.683013704073613,-9.681243849212803,-11.737267998406175,-12.53810395958697,-13.348952472803436,-10.951566665955665,-7.33240473802506,-7.372786269444863,1,0
2020-09-17,0.0,10.090154579629118,8.566890596024647,5.870665922584929,5.124723325167427,3.9201135018022937,3.020111079388697,2.81993340060343,4.8064559779173965,1.1619821848887355,0.858945276530807,0.0,-1.0545120181255592,-5.951673649873827,-7.986564094669942,-10.148197281016333,-10.966199882704322,-11.769405952290278,-9.271812898218535,-5.558674517904223,-5.5838398927516675,-1.0266397918618095,1,0
2020-09-18,0.0,-1.0470956440998225,-3.391555035930293,-3.8196891116845126,-5.068262096779746,-5.723643922670889,-5.907464991492827,-4.235313863857368,-7.544768230059285,-7.776584629423359,-9.39518381168821,0.0,-5.018401833067475,-7.087281313602661,-9.3224650776176,-10.155495548906146,-10.959697322498146,-8.389375805234408,-4.599005524167247,-4.615789989842085,0.04840702098367422,-1.413829283981675,0,0
2020-09-21,0.0,-2.465389313067764,-2.9441819723311022,-4.2310925114671125,-4.936764723260099,-5.12880264866074,-3.3632464600471534,-6.825202924037525,-7.073082943245655,-8.778054560905542,-9.61191396483333,0.0,-2.1487953094151093,-4.659312227392115,-5.531408527844659,-6.3039855934571,-3.477858071825378,0.535698747410774,0.5626883813090591,5.5628992834834525,3.951633464303304,4.138241235036867,0,1
2020-09-22,0.0,-0.5657727960790226,-1.8463839214387496,-2.6204340021917365,-2.8176577148584028,-0.9605886160654307,-4.526764280049522,-4.794732040090651,-6.57868268880274,-7.468730706249279,-11.868493066902776,0.0,-2.5899007006460493,-3.465333344366683,-4.2124902638987765,-1.3201945235771326,2.7273096379382364,2.772638529125546,7.839974217937254,6.1896186756050025,6.417731148295774,3.0673683724516794,0,1
2020-09-23,0.0,-1.3130892979126214,-2.124397923933313,-2.328126783950897,-0.3993817284765102,-4.0857346546783475,-4.365725731793357,-6.216349374474019,-7.143760570098817,-11.702366826424363,-13.690037641400751,0.0,-0.9129988458189758,-1.6554971297396892,1.4325468789244389,5.677796362292343,5.74866911812526,11.095562155151264,9.331779133832557,9.622466573853018,6.0570781057340355,7.62911745855563,0,1
2020-09-24,0.0,-0.8285872459313075,-1.0302142130441432,0.9014278322475575,-2.7524738928557895,-3.036541579071717,-4.88520096414967,-5.820554008173309,-10.362143682647144,-12.32273081811639,-14.237631443065125,0.0,-0.7324104059428949,2.3897555497234504,6.656678654913938,6.735779221925228,12.120755322665415,10.336909106363713,10.646421470377907,7.04551992053015,8.64381967158198,17.379884227650155,0,1
2020-09-25,0.0,-0.20652829547616902,1.7872576718298747,-1.959184894983497,-2.2547985777357207,-4.159808881857875,-5.12956536762741,-9.801553545157407,-11.805418692081652,-13.791209311701843,-14.591532656877643,0.0,3.1070811281448636,7.333849976924016,7.418332486511916,12.761032667026083,10.985360781073869,11.305466172495237,7.72496921389055,9.3224297792966,17.989582632695623,17.43831836549098,0,1
2020-09-28,0.0,1.9994811420777587,-1.751617217586157,-2.0486571687107156,-3.9583540741451966,-4.931922880111198,-9.613458537386638,-11.618262165334636,-13.611969470372863,-14.412922264677702,-15.249352164194603,0.0,4.050608788468266,4.106913224365197,9.193136817114066,7.52613425430561,7.778541061356579,4.401531380917971,5.875255342494703,14.127656479753078,13.574397224636186,12.632012754153198,0,1
2020-09-29,0.0,-3.6422977777327286,-3.9209324652647926,-5.75379746742753,-6.675024356181217,-11.18618178484187,-13.147182311000506,-15.032686739093409,-15.813783569436414,-16.653380066851003,-14.410157189705405,0.0,0.02208361257172864,4.912147626013791,3.340562865987293,3.5137065240764085,0.3089285668702665,1.6633040520695928,9.599183777253854,9.02945183899937,8.052615706704703,8.890373143069311,0,1
2020-09-30,0.0,-0.3049745767070752,-2.22835481697573,-3.220749104501067,-7.91966226671025,-9.905677359523962,-11.938849462915808,-12.73441517556221,-13.543718126813603,-11.169504148998621,-7.576643412748304,0.0,4.848855239634846,3.2906878822297445,3.461984694582137,0.2844477171317923,1.6270612001057587,9.49607468164314,8.93093303334456,7.961933912406763,8.792796529043066,8.139904680436562,0,1
2020-10-01,0.0,-1.9408294217559692,-2.944300735677244,-7.683013704073613,-9.681243849212803,-11.737267998406175,-12.53810395958697,-13.348952472803436,-10.951566665955665,-7.33240473802506,-7.372786269444863,0.0,-1.434573263623176,-1.3539261682011374,-4.304466096721894,-3.1099547441701896,4.320171840501134,3.742620413001304,2.745387783222233,3.5641834827583385,2.9762707164341995,4.25035353327114,0,1
2020-10-02,0.0,-1.0545120181255592,-5.951673649873827,-7.986564094669942,-10.148197281016333,-10.966199882704322,-11.769405952290278,-9.271812898218535,-5.558674517904223,-5.5838398927516675,-1.0266397918618095,0.0,0.10903884091468719,-2.9347245233592636,-1.685271567724496,5.938987947001396,5.36058488216297,4.3639647079488375,5.19304502892906,4.580513071393276,5.8834838841460995,8.10256285091651,0,1
2020-10-05,0.0,-5.018401833067475,-7.087281313602661,-9.3224650776176,-10.155495548906146,-10.959697322498146,-8.389375805234408,-4.599005524167247,-4.615789989842085,0.04840702098367422,-1.413829283981675,0.0,-2.9853300713378217,-1.761085425559148,5.719691127283618,5.151156502470414,4.171387800559886,4.985658640921254,4.385315161596099,5.664079267871788,7.841632295813231,5.769330864593378,0,1
2020-10-06,0.0,-2.1487953094151093,-4.659312227392115,-5.531408527844659,-6.3039855934571,-3.477858071825378,0.535698747410774,0.5626883813090591,5.5628992834834525,3.951633464303304,4.138241235036867,0.0,1.3346742233829398,9.183781007397341,8.617343456229506,7.645690817168466,8.476578012478598,7.827110073817823,9.159536024236942,11.437335181947187,9.217200524574654,9.405961506820342,1,1
2020-10-07,0.0,-2.5899007006460493,-3.465333344366683,-4.2124902638987765,-1.3201945235771326,2.7273096379382364,2.772638529125546,7.839974217937254,6.1896186756050025,6.417731148295774,3.0673683724516794,0.0,7.604623168123674,7.043602831237057,6.0793162636626175,6.893861720852336,6.272573200323787,7.567275803363601,9.776958159219497,7.644585428678865,7.821581674576853,7.120762944422057,1,1
2020-10-08,0.0,-0.9129988458189758,-1.6554971297396892,1.4325468789244389,5.677796362292343,5.74866911812526,11.095562155151264,9.331779133832557,9.622466573853018,6.0570781057340355,7.62911745855563,0.0,-0.5792059052112702,-1.5848919878005385,-0.7881407830946567,-1.3139167307188708,-0.10875647606166183,1.9286334296759409,0.0773846821470422,0.20768631180475305,-0.42340563134587444,-0.4433397120854867,1,0
2020-10-09,0.0,-0.7324104059428949,2.3897555497234504,6.656678654913938,6.735779221925228,12.120755322665415,10.336909106363713,10.646421470377907,7.04551992053015,8.64381967158198,17.379884227650155,0.0,-0.993196892065428,-0.2025318198380922,-0.7305973375121392,0.4700713221672501,2.501442405823066,0.646285367791698,0.7788875491601724,0.14842859257224283,0.13153191199009706,-0.7094556141588724,1,1
2020-10-12,0.0,3.1070811281448636,7.333849976924016,7.418332486511916,12.761032667026083,10.985360781073869,11.305466172495237,7.72496921389055,9.3224297792966,17.989582632695623,17.43831836549098,0.0,0.779347889711776,0.24818972239319348,1.4396354283057702,3.4580514895559773,1.5989610703019894,1.7352323167008183,1.1067239603711414,1.0949423917728618,0.26269517235995177,-3.8610422387606453,1,1
2020-10-13,0.0,4.050608788468266,4.106913224365197,9.193136817114066,7.52613425430561,7.778541061356579,4.401531380917971,5.875255342494703,14.127656479753078,13.574397224636186,12.632012754153198,0.0,-0.5252156712124592,0.6656425196743888,2.6809583998697057,0.8372335297063813,0.9697127808349771,0.34381254870275346,0.32807546386429887,-0.5055732467148608,-4.6089150848671885,-8.224863914585871,1,1
2020-10-14,0.0,0.02208361257172864,4.912147626013791,3.340562865987293,3.5137065240764085,0.3089285668702665,1.6633040520695928,9.599183777253854,9.02945183899937,8.052615706704703,8.890373143069311,0.0,1.2043578993727941,3.243965481970553,1.3694150138965375,1.5059546365508731,0.8713804879541516,0.8581860479837379,0.016331582429067293,-4.146139191548565,-7.80711232470324,-5.429023643375882,1,1
2020-10-15,0.0,4.848855239634846,3.2906878822297445,3.461984694582137,0.2844477171317923,1.6270612001057587,9.49607468164314,8.93093303334456,7.961933912406763,8.792796529043066,8.139904680436562,0.0,2.018221826275323,0.1826436264070297,0.3122194670949946,-0.3131643800231174,-0.3323562399411212,-1.1695215898193847,-5.266634784102141,-8.88598965901293,-6.4917100840657485,-4.590826201768503,1,1
2020-10-16,0.0,-1.434573263623176,-1.3539261682011374,-4.304466096721894,-3.1099547441701896,4.320171840501134,3.742620413001304,2.745387783222233,3.5641834827583385,2.9762707164341995,4.25035353327114,0.0,-1.766726098768004,-1.6489285753162708,-2.257566980202748,-2.2865569176903993,-3.113808666249659,-7.092761529337562,-10.634203274960235,-8.219665273069705,-6.378821720471294,-4.400699782450327,1,0
2020-10-19,0.0,0.10903884091468719,-2.9347245233592636,-1.685271567724496,5.938987947001396,5.36058488216297,4.3639647079488375,5.19304502892906,4.580513071393276,5.8834838841460995,8.10256285091651,0.0,0.13058908095336247,-0.5035042100360939,-0.5239454315320924,-1.3739603241099223,-5.527326971381701,-9.198896478457293,-6.763237812614228,-4.836751800486968,-2.8104402445308674,-1.2709133868401112,1,0
2020-10-20,0.0,-2.9853300713378217,-1.761085425559148,5.719691127283618,5.151156502470414,4.171387800559886,4.985658640921254,4.385315161596099,5.664079267871788,7.841632295813231,5.769330864593378,0.0,-0.630005591145095,-0.6510001857559371,-1.496366129526236,-5.622396220131878,-9.271559230250956,-6.845996503176953,-4.932537033616235,-2.9168636918758946,-1.388088004184762,-0.2507406345236931,1,0
2020-10-21,0.0,1.3346742233829398,9.183781007397341,8.617343456229506,7.645690817168466,8.476578012478598,7.827110073817823,9.159536024236942,11.437335181947187,9.217200524574654,9.405961506820342,0.0,-0.017858362720715282,-0.8682669921533843,-5.041565595018609,-8.723899782475945,-6.2996826393931515,-4.3625997662923375,-2.3370807568355545,-0.7877559187375893,0.3702340591912481,-4.110413058955324,1,0
2020-10-22,0.0,7.604623168123674,7.043602831237057,6.0793162636626175,6.893861720852336,6.272573200323787,7.567275803363601,9.776958159219497,7.644585428678865,7.821581674576853,7.120762944422057,0.0,-0.8460825485668457,-4.998783242910321,-8.662703232288713,-6.251259313040989,-4.323689961032631,-2.3085356387402074,-0.7667735163656504,0.3857122207241557,-4.072081981204733,-3.454764158770992,1,0
2020-10-23,0.0,-0.5792059052112702,-1.5848919878005385,-0.7881407830946567,-1.3139167307188708,-0.10875647606166183,1.9286334296759409,0.0773846821470422,0.20768631180475305,-0.42340563134587444,-0.4433397120854867,0.0,-4.189439266263868,-7.874351663256896,-5.480113271206407,-3.533238731673081,-1.5177794984617279,0.041637658528364874,1.2143902533430775,-3.2476457129233567,-2.6107732934956367,-9.990898337717303,0,0
2020-10-26,0.0,-0.993196892065428,-0.2025318198380922,-0.7305973375121392,0.4700713221672501,2.501442405823066,0.646285367791698,0.7788875491601724,0.14842859257224283,0.13153191199009706,-0.7094556141588724,0.0,-3.935630351539302,-1.5441340426928964,0.5793152828680235,2.6718827569603745,4.3845043782827835,5.710008350583525,1.0581081334232376,1.8238404167815232,-6.032724554892997,0.4316467975201581,1,1
2020-10-27,0.0,0.779347889711776,0.24818972239319348,1.4396354283057702,3.4580514895559773,1.5989610703019894,1.7352323167008183,1.1067239603711414,1.0949423917728618,0.26269517235995177,-3.8610422387606453,0.0,2.3523117565456926,4.617108556615804,6.753622517598969,8.590863795919368,10.046447752190627,5.2786995224877895,6.159543533678994,-2.0459587373613655,4.754278998609318,13.416254264568881,1,1
2020-10-28,0.0,-0.5252156712124592,0.6656425196743888,2.6809583998697057,0.8372335297063813,0.9697127808349771,0.34381254870275346,0.32807546386429887,-0.5055732467148608,-4.6089150848671885,-8.224863914585871,0.0,2.2633203768904817,4.454486251520539,6.284287936041344,7.71432456132143,2.8357638708696618,3.6783312513879522,-4.62412105513069,2.2271930350642286,10.995904172786345,9.939753648409951,1,1
2020-10-29,0.0,1.2043578993727941,3.243965481970553,1.3694150138965375,1.5059546365508731,0.8713804879541516,0.8581860479837379,0.016331582429067293,-4.146139191548565,-7.80711232470324,-5.429023643375882,0.0,2.1444622803816564,3.886482120802895,5.229779720184252,0.4651913419188469,1.2353088918571613,-6.788968991062793,-0.1937947709323744,8.285109587132204,7.246330282032596,4.268537513706257,1,1
2020-10-30,0.0,2.018221826275323,0.1826436264070297,0.3122194670949946,-0.3131643800231174,-0.3323562399411212,-1.1695215898193847,-5.266634784102141,-8.88598965901293,-6.4917100840657485,-4.590826201768503,0.0,1.6997704344552547,2.992387124561531,-1.7764921518556744,-1.0570221435974734,-9.006586881890687,-2.498959156386066,5.904921781048017,4.858101716783759,1.9309549846653162,1.6531192203571408,1,1
2020-11-02,0.0,-1.766726098768004,-1.6489285753162708,-2.257566980202748,-2.2865569176903993,-3.113808666249659,-7.092761529337562,-10.634203274960235,-8.219665273069705,-6.378821720471294,-4.400699782450327,0.0,1.2264086997273105,-3.4437039360529464,-2.7781540025230456,-10.500803634353247,-4.1990027872843365,3.968006877979824,2.9374671358782756,0.11147280825544037,-0.18246518238754916,3.8302564281685374,0,1
2020-11-03,0.0,0.13058908095336247,-0.5035042100360939,-0.5239454315320924,-1.3739603241099223,-5.527326971381701,-9.198896478457293,-6.763237812614228,-4.836751800486968,-2.8104402445308674,-1.2709133868401112,0.0,-4.560060508255107,-3.937615697363624,-11.434515548054112,-5.331148798789346,2.5992552589960702,1.5892054695136704,-1.1417113466353115,-1.444082454373917,2.4367666548943534,5.7687950043141685,0,1
2020-11-04,0.0,-0.630005591145095,-0.6510001857559371,-1.496366129526236,-5.622396220131878,-9.271559230250956,-6.845996503176953,-4.932537033616235,-2.9168636918758946,-1.388088004184762,-0.2507406345236931,0.0,0.7283394589056293,-6.950768225680089,-0.6444914258281447,7.470467168220756,6.472847300245627,3.627707044936652,3.383330442244014,7.414427964073905,10.803259614560254,13.22150975801427,0,1
2020-11-05,0.0,-0.017858362720715282,-0.8682669921533843,-5.041565595018609,-8.723899782475945,-6.2996826393931515,-4.3625997662923375,-2.3370807568355545,-0.7877559187375893,0.3702340591912481,-4.110413058955324,0.0,-7.478885882087459,-1.3451658084894138,6.559426769792006,5.582309678570606,2.81848068266027,2.570741567331876,6.488402512695301,9.792477281467136,12.156173806931386,10.478270316735184,0,1
2020-11-06,0.0,-0.8460825485668457,-4.998783242910321,-8.662703232288713,-6.251259313040989,-4.323689961032631,-2.3085356387402074,-0.7667735163656504,0.3857122207241557,-4.072081981204733,-3.454764158770992,0.0,6.726202445736947,15.260964316190316,14.267042870629574,11.196732838134572,11.039801674765169,15.371678907916916,18.90390310366925,21.36329091740549,19.58163233174582,17.12746647164728,0,1
2020-11-09,0.0,-4.189439266263868,-7.874351663256896,-5.480113271206407,-3.533238731673081,-1.5177794984617279,0.041637658528364874,1.2143902533430775,-3.2476457129233567,-2.6107732934956367,-9.990898337717303,0.0,7.918886722354011,6.950069087804672,4.167048240256722,3.9370779266928926,7.87861230891411,11.182852488796389,13.535541317736055,11.859548496257464,9.627705089408881,12.798928066797894,0,1
2020-11-10,0.0,-3.935630351539302,-1.5441340426928964,0.5793152828680235,2.6718827569603745,4.3845043782827835,5.710008350583525,1.0581081334232376,1.8238404167815232,-6.032724554892997,0.4316467975201581,0.0,-0.9551143504564947,-3.463394874254197,-3.7765266649680576,-0.2060098159840167,2.8957639590554374,5.165145340330076,3.5809388360065566,1.5605968161118422,4.461388428755143,9.85814595917159,1,1
2020-11-11,0.0,2.3523117565456926,4.617108556615804,6.753622517598969,8.590863795919368,10.046447752190627,5.2786995224877895,6.159543533678994,-2.0459587373613655,4.754278998609318,13.416254264568881,0.0,-2.5226023119662306,-2.8234357606302054,0.7650607920378125,3.8680817629542905,6.130601558789014,4.54715179294901,2.5164484829113136,5.42813039557672,10.8506443856501,10.488555048254012,1,1
2020-11-12,0.0,2.2633203768904817,4.454486251520539,6.284287936041344,7.71432456132143,2.8357638708696618,3.6783312513879522,-4.62412105513069,2.2271930350642286,10.995904172786345,9.939753648409951,0.0,-0.27622434018791164,3.474083449861078,6.677483323469235,8.991705231774418,7.360885107151935,5.238097753771482,8.27084595167352,13.933964730000273,13.554405115110605,11.927764581796156,1,1
2020-11-13,0.0,2.1444622803816564,3.886482120802895,5.229779720184252,0.4651913419188469,1.2353088918571613,-6.788968991062793,-0.1937947709323744,8.285109587132204,7.246330282032596,4.268537513706257,0.0,3.7132436564865774,6.88094099351513,9.167146006663042,7.554900494705572,5.453039765156144,8.454769712580829,14.061520772188883,13.685595439554664,12.077074610429046,5.860517905968724,1,1
2020-11-16,0.0,1.6997704344552547,2.992387124561531,-1.7764921518556744,-1.0570221435974734,-9.006586881890687,-2.498959156386066,5.904921781048017,4.858101716783759,1.9309549846653162,1.6531192203571408,0.0,3.0373285561372834,5.257944400119683,3.7069422920104476,1.7265931812348443,4.569135227582142,9.858664329463753,9.505846730514317,7.963647824480014,2.0525553133879835,1.9968427579417996,1,1
2020-11-17,0.0,1.2264086997273105,-3.4437039360529464,-2.7781540025230456,-10.500803634353247,-4.1990027872843365,3.968006877979824,2.9374671358782756,0.11147280825544037,-0.18246518238754916,3.8302564281685374,0.0,2.199473471493998,0.6756059362760297,-1.2353842980192744,1.5198046573601482,6.629955233432989,6.290664066971407,4.7797942698220925,-0.9701375273510863,-1.0579527098334311,-0.33266247488949663,1,1
2020-11-18,0.0,-4.560060508255107,-3.937615697363624,-11.434515548054112,-5.331148798789346,2.5992552589960702,1.5892054695136704,-1.1417113466353115,-1.444082454373917,2.4367666548943534,5.7687950043141685,0.0,-1.5167267974390652,-3.393145266715679,-0.6786316125150503,4.343488899087266,4.0112145889059025,2.510633706603382,-3.1697389735114823,-3.2815526201498444,-2.567752119582923,3.869863597048078,1,1
2020-11-19,0.0,0.7283394589056293,-6.950768225680089,-0.6444914258281447,7.470467168220756,6.472847300245627,3.627707044936652,3.383330442244014,7.414427964073905,10.803259614560254,13.22150975801427,0.0,-1.9081317448263633,0.8457730981131988,5.949646830894681,5.61113508928981,4.097251239055978,-1.6547436720770698,-1.7503449697707374,-1.0256347954766973,5.484055311200512,9.981222985905221,1,1
2020-11-20,0.0,-7.478885882087459,-1.3451658084894138,6.559426769792006,5.582309678570606,2.81848068266027,2.570741567331876,6.488402512695301,9.792477281467136,12.156173806931386,10.478270316735184,0.0,2.83809137783247,8.109365831643016,7.7586913254875505,6.209387431823009,0.29540679377998824,0.21974211901130225,0.9673134347656456,7.648647282577807,12.283104580685183,8.942897916200106,1,1
2020-11-23,0.0,6.726202445736947,15.260964316190316,14.267042870629574,11.196732838134572,11.039801674765169,15.371678907916916,18.90390310366925,21.36329091740549,19.58163233174582,17.12746647164728,0.0,5.053501972191769,4.718782949252054,3.213772909345976,-2.49282323968822,-2.5973158424081517,-1.879370825196507,4.583918980076625,9.041055616721064,5.816227556812539,5.753925960690827,1,1
2020-11-24,0.0,7.918886722354011,6.950069087804672,4.167048240256722,3.9370779266928926,7.87861230891411,11.182852488796389,13.535541317736055,11.859548496257464,9.627705089408881,12.798928066797894,0.0,-0.30628403174814595,-1.728528990231956,-7.056523176841358,-7.207677359809351,-6.543171662429041,-0.4810237153081559,3.6552016687793953,0.6413412873768642,0.5695256062814571,3.913916895961642,1,1
2020-11-25,0.0,-0.9551143504564947,-3.463394874254197,-3.7765266649680576,-0.2060098159840167,2.8957639590554374,5.165145340330076,3.5809388360065566,1.5605968161118422,4.461388428755143,9.85814595917159,0.0,-1.4281477739914785,-6.782435637698756,-6.930834913710152,-6.262670520276575,-0.17241281336323833,3.985871242754082,0.9573322556915365,0.8860536381072164,4.243564737417923,4.416049814450893,1,1
2020-11-27,0.0,-2.5226023119662306,-2.8234357606302054,0.7650607920378125,3.8680817629542905,6.130601558789014,4.54715179294901,2.5164484829113136,5.42813039557672,10.8506443856501,10.488555048254012,0.0,-5.425328292448181,-5.5592967699151785,-4.880490104722694,1.2821080911088165,5.503276524010029,2.4354676174765393,2.367419390874959,5.753621788114312,5.92630642323074,2.1019502685481717,1,1
2020-11-30,0.0,-0.27622434018791164,3.474083449861078,6.677483323469235,8.991705231774418,7.360885107151935,5.238097753771482,8.27084595167352,13.933964730000273,13.554405115110605,11.927764581796156,0.0,-0.07737182838625167,0.6543213210364904,7.1986128692501845,11.735296379061229,8.464264929074238,8.408340450858235,11.959433454744516,12.135403011385844,8.06452962743805,5.356241120543251,1,1
2020-12-01,0.0,3.7132436564865774,6.88094099351513,9.167146006663042,7.554900494705572,5.453039765156144,8.454769712580829,14.061520772188883,13.685595439554664,12.077074610429046,5.860517905968724,0.0,0.7242291621554043,7.2004880058146234,11.6907199215457,8.453519617774576,8.398391232375191,11.911978732727926,12.086021567425579,8.0573411052334,5.376853556199375,4.948184250564368,1,1
2020-12-02,0.0,3.0373285561372834,5.257944400119683,3.7069422920104476,1.7265931812348443,4.569135227582142,9.858664329463753,9.505846730514317,7.963647824480014,2.0525553133879835,1.9968427579417996,0.0,6.418727568198075,10.862422060845459,7.655603766294787,7.598955946617296,11.08684494734719,11.26025298696869,7.268547352209302,4.615181202622706,4.181129824202646,2.3463871077005276,1,1
2020-12-03,0.0,2.199473471493998,0.6756059362760297,-1.2353842980192744,1.5198046573601482,6.629955233432989,6.290664066971407,4.7797942698220925,-0.9701375273510863,-1.0579527098334311,-0.33266247488949663,0.0,4.124792194927063,1.1214122136246907,1.0512133617307273,4.379090299358476,4.549903406740237,0.8043965944447942,-1.664107705421141,-2.1497905787585156,-3.885661593250836,-3.077948006226409,1,1
2020-12-04,0.0,-1.5167267974390652,-3.393145266715679,-0.6786316125150503,4.343488899087266,4.0112145889059025,2.510633706603382,-3.1697389735114823,-3.2815526201498444,-2.567752119582923,3.869863597048078,0.0,-2.8525292414413945,-2.930306819496159,0.2700970098600774,0.4377752054589443,-3.124160806414295,-5.457970428160106,-5.970535466297592,-7.630568571662165,-6.884008153326137,-7.692999677210967,1,0
2020-12-07,0.0,-1.9081317448263633,0.8457730981131988,5.949646830894681,5.61113508928981,4.097251239055978,-1.6547436720770698,-1.7503449697707374,-1.0256347954766973,5.484055311200512,9.981222985905221,0.0,-0.07202098282051839,3.2054800467276543,3.3746649683702477,-0.30287753011070206,-2.7227372523309525,-3.2138476907868987,-4.920816046162234,-4.133818088517721,-4.978642100656685,-4.958223093581609,1,1
2020-12-08,0.0,2.83809137783247,8.109365831643016,7.7586913254875505,6.209387431823009,0.29540679377998824,0.21974211901130225,0.9673134347656456,7.648647282577807,12.283104580685183,8.942897916200106,0.0,3.270169282304419,3.4389136008529317,-0.2311334031186274,-2.6463117694675007,-3.135494261390429,-4.83881454362365,-4.053026210950739,-4.896361357399812,-4.876265764811812,-5.9894976967565015,1,1
2020-12-09,0.0,5.053501972191769,4.718782949252054,3.213772909345976,-2.49282323968822,-2.5973158424081517,-1.879370825196507,4.583918980076625,9.041055616721064,5.816227556812539,5.753925960690827,0.0,0.16876937695672256,-3.408597446985825,-5.75156240879877,-6.269878542444766,-7.9377466836123185,-7.189454291449005,-8.00106290436771,-7.968862887913295,-9.048549723987577,-8.318275702827963,1,0
2020-12-10,0.0,-0.30628403174814595,-1.728528990231956,-7.056523176841358,-7.207677359809351,-6.543171662429041,-0.4810237153081559,3.6552016687793953,0.6413412873768642,0.5695256062814571,3.913916895961642,0.0,-3.5757137998886233,-5.917001414035212,-6.437276550666752,-8.10477473758429,-7.357763557767948,-8.168444447980816,-8.135590973053656,-9.214491026646071,-8.48463736170458,-8.800166331435673,1,0
2020-12-11,0.0,-1.4281477739914785,-6.782435637698756,-6.930834913710152,-6.262670520276575,-0.17241281336323833,3.985871242754082,0.9573322556915365,0.8860536381072164,4.243564737417923,4.416049814450893,0.0,-2.447486243456712,-2.9399937813641466,-4.664961012902829,-3.8676313399851083,-4.722726704229938,-4.703296823707094,-5.831439574923419,-5.0707390182774015,-5.385171471084005,-1.4193818803454894,1,0
2020-12-14,0.0,-5.425328292448181,-5.5592967699151785,-4.880490104722694,1.2821080911088165,5.503276524010029,2.4354676174765393,2.367419390874959,5.753621788114312,5.92630642323074,2.1019502685481717,0.0,-0.47456667137080366,-2.2462231038900056,-1.4104968292550801,-2.3000106316546702,-2.290015412495648,-3.456945408893461,-2.6717594392462525,-2.9865108154822924,1.1193409165195654,-0.3737239153981571,1,0
2020-12-15,0.0,-0.07737182838625167,0.6543213210364904,7.1986128692501845,11.735296379061229,8.464264929074238,8.408340450858235,11.959433454744516,12.135403011385844,8.06452962743805,5.356241120543251,0.0,-1.7564550797097147,-0.9247909090444264,-1.8087566015673633,-1.8006885540792563,-2.9591315052382208,-2.1799624642418403,-2.4904987722426375,1.5861726738701076,0.10415549916259759,2.8710869102900327,1,1
2020-12-16,0.0,0.7242291621554043,7.2004880058146234,11.6907199215457,8.453519617774576,8.398391232375191,11.911978732727926,12.086021567425579,8.0573411052334,5.376853556199375,4.948184250564368,0.0,0.8552836632079055,-0.0491675316636514,-0.047956844216587,-1.2286806426614136,-0.43568372744828515,-0.7449101338125107,3.4127465653819242,1.9029384353188523,4.716676548807614,10.181905023587692,1,1
2020-12-17,0.0,6.418727568198075,10.862422060845459,7.655603766294787,7.598955946617296,11.08684494734719,11.26025298696869,7.268547352209302,4.615181202622706,4.181129824202646,2.3463871077005276,0.0,-0.8887300291450131,-0.8842541476692556,-2.046584472891151,-1.2653985569211985,-1.5732183138822906,2.518463096701094,1.0318408946522777,3.8047485283862783,9.187427046065626,11.403030604285401,1,1
2020-12-18,0.0,4.124792194927063,1.1214122136246907,1.0512133617307273,4.379090299358476,4.549903406740237,0.8043965944447942,-1.664107705421141,-2.1497905787585156,-3.885661593250836,-3.077948006226409,0.0,0.0010168614543368815,-1.1777637017359723,-0.3861035851468416,-0.6946218458697672,3.4562626728334855,1.9489588989618545,4.75789078652196,10.213973407736892,12.443947108162345,15.893200316639351,1,1
2020-12-21,0.0,-2.8525292414413945,-2.930306819496159,0.2700970098600774,0.4377752054589443,-3.124160806414295,-5.457970428160106,-5.970535466297592,-7.630568571662165,-6.884008153326137,-7.692999677210967,0.0,-1.18338906964773,-0.38863325344248423,-0.6983618423958416,3.468749312427278,1.9555522453957972,4.77546946584444,10.2528860939628,12.491597312454767,15.954334514298802,13.509668716229122,0,1
2020-12-22,0.0,-0.07202098282051839,3.2054800467276543,3.3746649683702477,-0.30287753011070206,-2.7227372523309525,-3.2138476907868987,-4.920816046162234,-4.133818088517721,-4.978642100656685,-4.958223093581609,0.0,0.8068593812349487,0.49701000420222574,4.733402982806621,3.19615722187212,6.057471391210392,11.619957620426785,13.872204250054772,17.39230737020431,14.920090019425459,24.252611509061786,1,1
2020-12-23,0.0,3.270169282304419,3.4389136008529317,-0.2311334031186274,-2.6463117694675007,-3.135494261390429,-4.83881454362365,-4.053026210950739,-4.896361357399812,-4.876265764811812,-5.9894976967565015,0.0,-0.30997069974355984,3.882406226091834,2.3603953556689032,5.195625356900204,10.704301465653073,12.948881656702854,16.432547201461727,13.977318185592239,23.216235626495717,25.66453460152139,1,1
2020-12-24,0.0,0.16876937695672256,-3.408597446985825,-5.75156240879877,-6.269878542444766,-7.9377466836123185,-7.189454291449005,-8.00106290436771,-7.968862887913295,-9.048549723987577,-8.318275702827963,0.0,4.193248699350477,2.6712063369179795,5.505616568496723,11.01389768125104,13.252860674000399,16.737197942590285,14.28482158505308,23.524360724095494,25.97333840746522,21.366494099890353,0,1
2020-12-28,0.0,-3.5757137998886233,-5.917001414035212,-6.437276550666752,-8.10477473758429,-7.357763557767948,-8.168444447980816,-8.135590973053656,-9.214491026646071,-8.48463736170458,-8.800166331435673,0.0,-1.4397707895390421,1.2526423028190483,6.469678672024472,8.659909193515714,11.948252281137371,9.591375259239175,18.32599046242236,20.63457608302072,16.27662670875991,15.860267207458158,0,1
2020-12-29,0.0,-2.447486243456712,-2.9399937813641466,-4.664961012902829,-3.8676313399851083,-4.722726704229938,-4.703296823707094,-5.831439574923419,-5.0707390182774015,-5.385171471084005,-1.4193818803454894,0.0,2.7398956197218847,8.054571849642551,10.260059766273304,13.614292376903986,11.225929071796381,20.130074356531935,22.485895563829736,18.044421718684823,17.62164379331203,17.22049468673313,0,1
2020-12-30,0.0,-0.47456667137080366,-2.2462231038900056,-1.4104968292550801,-2.3000106316546702,-2.290015412495648,-3.456945408893461,-2.6717594392462525,-2.9865108154822924,1.1193409165195654,-0.3737239153981571,0.0,5.149048227382611,7.3324704779674335,10.574289234273643,8.237464780895811,16.85313552194082,19.128232868529132,14.828733922519556,14.416639942641924,14.020524835873912,17.320699853921088,0,1
2020-12-31,0.0,-1.7564550797097147,-0.9247909090444264,-1.8087566015673633,-1.8006885540792563,-2.9591315052382208,-2.1799624642418403,-2.4904987722426375,1.5861726738701076,0.10415549916259759,2.8710869102900327,0.0,2.1356772231495524,5.166019738749564,2.929579166682454,11.001368015931895,13.124818191879823,9.093233471353367,8.701657492641184,8.316023745192085,11.454020115481919,10.35533836966389,1,1
2021-01-04,0.0,0.8552836632079055,-0.0491675316636514,-0.047956844216587,-1.2286806426614136,-0.43568372744828515,-0.7449101338125107,3.4127465653819242,1.9029384353188523,4.716676548807614,10.181905023587692,0.0,2.995440644920063,0.7614678885067363,8.74841119640794,10.845957747425391,6.855187882353354,6.46527435526522,6.077210509152679,9.202824431609036,8.126994573766945,6.179663136774421,1,1
2021-01-05,0.0,-0.8887300291450131,-0.8842541476692556,-2.046584472891151,-1.2653985569211985,-1.5732183138822906,2.518463096701094,1.0318408946522777,3.8047485283862783,9.187427046065626,11.403030604285401,0.0,-2.170680745208035,5.487883834728988,7.49432760335725,3.6655151853432013,3.2883026960813604,2.9073940621874654,5.932462109857261,4.916205547218215,3.0146589797273835,3.8635028639668163,1,1
2021-01-06,0.0,0.0010168614543368815,-1.1777637017359723,-0.3861035851468416,-0.6946218458697672,3.4562626728334855,1.9489588989618545,4.75789078652196,10.213973407736892,12.443947108162345,15.893200316639351,0.0,7.815822998118406,9.867180335349758,5.961367950123435,5.578952918997812,5.196942890785456,8.262773253101583,7.213933813462773,5.299518656783527,6.193320191682881,7.97551451300464,1,1
2021-01-07,0.0,-1.18338906964773,-0.38863325344248423,-0.6983618423958416,3.468749312427278,1.9555522453957972,4.77546946584444,10.2528860939628,12.491597312454767,15.954334514298802,13.509668716229122,0.0,1.8375329902052595,-1.6887985683087745,-2.0416432170717895,-2.407408837283025,0.42442773990634564,-0.48386157336755464,-2.2930137244754967,-1.574789712293144,0.053461356313236674,0.11629322566220712,1,0
2021-01-08,0.0,0.8068593812349487,0.49701000420222574,4.733402982806621,3.19615722187212,6.057471391210392,11.619957620426785,13.872204250054772,17.39230737020431,14.920090019425459,24.252611509061786,0.0,-3.4323660460441734,-3.7777269173732124,-4.139025245690538,-1.3664909489840276,-2.2408016667526116,-4.02216788559303,-3.3455280026514123,-1.7558052764372043,-1.6889948227203746,-2.3224360504482213,1,0
2021-01-11,0.0,-0.30997069974355984,3.882406226091834,2.3603953556689032,5.195625356900204,10.704301465653073,12.948881656702854,16.432547201461727,13.977318185592239,23.216235626495717,25.66453460152139,0.0,-0.3585924217072611,-0.7271424047484254,2.1500907057156597,1.2128132000798115,-0.6155990708714406,0.13974127856766705,1.798368090661543,1.8571005204408308,1.2097439985875458,2.0652879818674545,1,1
2021-01-12,0.0,4.193248699350477,2.6712063369179795,5.505616568496723,11.01389768125104,13.252860674000399,16.737197942590285,14.28482158505308,23.524360724095494,25.97333840746522,21.366494099890353,0.0,-0.36890342911590857,2.516126596155719,1.5732856995670856,-0.25803976110463334,0.5047128298494081,2.1687298901858747,2.226551304610544,1.5784505676707197,2.4361721520225728,1.9271316889967802,1,1
2021-01-13,0.0,-1.4397707895390421,1.2526423028190483,6.469678672024472,8.659909193515714,11.948252281137371,9.591375259239175,18.32599046242236,20.63457608302072,16.27662670875991,15.860267207458158,0.0,2.8877268558889577,1.9409052584811821,0.10996072647824393,0.8789263187817424,2.5454169131931588,2.602195350693933,1.9545241697213989,2.812903182425601,2.293557112444452,4.057328799875217,1,1
2021-01-14,0.0,2.7398956197218847,8.054571849642551,10.260059766273304,13.614292376903986,11.225929071796381,20.130074356531935,22.485895563829736,18.044421718684823,17.62164379331203,17.22049468673313,0.0,-0.9033628375833359,-2.7121894475103425,-2.001360598314108,-0.3766179215996963,-0.3126217143434499,-0.954728627268961,-0.11312676061095028,-0.5463806025496578,1.1469935074440034,-0.5159280817457912,1,0
2021-01-15,0.0,5.149048227382611,7.3324704779674335,10.574289234273643,8.237464780895811,16.85313552194082,19.128232868529132,14.828733922519556,14.416639942641924,14.020524835873912,17.320699853921088,0.0,-1.8311850235782123,-1.095733100717339,0.556100825629871,0.61832565490564,-0.030985576856243924,0.8230965768972851,0.35860971893037674,2.0888308266876843,0.38066267278602584,-10.67519411288309,1,1
2021-01-19,0.0,2.1356772231495524,5.166019738749564,2.929579166682454,11.001368015931895,13.124818191879823,9.093233471353367,8.701657492641184,8.316023745192085,11.454020115481919,10.35533836966389,0.0,0.7687934668394869,2.4382024770372888,2.495417916016473,1.846195995337002,2.7062628924474827,2.188862622235095,3.9546989644517643,2.1933527288785433,-8.947125032234755,-9.760608729710935,1,1
2021-01-20,0.0,2.995440644920063,0.7614678885067363,8.74841119640794,10.845957747425391,6.855187882353354,6.46527435526522,6.077210509152679,9.202824431609036,8.126994573766945,6.179663136774421,0.0,1.633836160983364,1.6921068518178324,1.053912620307493,1.8968968460407312,1.4097597740090944,3.131068309347842,1.4212915762429734,-9.495035941887588,-10.30154848942786,-10.540545589336995,1,1
2021-01-21,0.0,-2.170680745208035,5.487883834728988,7.49432760335725,3.6655151853432013,3.2883026960813604,2.9073940621874654,5.932462109857261,4.916205547218215,3.0146589797273835,3.8635028639668163,0.0,0.06215435102909897,-0.571378243975403,0.26019009658619363,-0.17773736561698872,1.5001027407483896,-0.15115823394917394,-10.913518734155144,-11.728695060286974,-11.965386756614825,-10.245634626082266,1,0
2021-01-22,0.0,7.815822998118406,9.867180335349758,5.961367950123435,5.578952918997812,5.196942890785456,8.262773253101583,7.213933813462773,5.299518656783527,6.193320191682881,7.97551451300464,0.0,-0.6352750505138973,0.19837781565020352,-0.23899518216050852,1.4422692379197461,-0.2117599337746956,-11.000860975261837,-11.818840140927493,-12.056161265546056,-10.332964898320133,-12.436356921087919,1,0
2021-01-25,0.0,1.8375329902052595,-1.6887985683087745,-2.0416432170717895,-2.407408837283025,0.42442773990634564,-0.48386157336755464,-2.2930137244754967,-1.574789712293144,0.053461356313236674,0.11629322566220712,0.0,0.8349923474402713,0.38008607916859116,2.072013622336108,0.4013602408335042,-10.407499664404213,-11.219057441184425,-11.456392112739213,-9.721597972141293,-11.828269267041312,-14.15229195518509,0,1
2021-01-26,0.0,-3.4323660460441734,-3.7777269173732124,-4.139025245690538,-1.3664909489840276,-2.2408016667526116,-4.02216788559303,-3.3455280026514123,-1.7558052764372043,-1.6889948227203746,-2.3224360504482213,0.0,-0.4305116528055337,1.2419998667447703,-0.4015129976972842,-11.14956133323562,-11.966887886366766,-12.203436788792724,-10.489419328829948,-12.584985832179509,-14.899367459230882,-11.58337923826213,0,0
2021-01-27,0.0,-0.3585924217072611,-0.7271424047484254,2.1500907057156597,1.2128132000798115,-0.6155990708714406,0.13974127856766705,1.798368090661543,1.8571005204408308,1.2097439985875458,2.0652879818674545,0.0,1.728540410286378,0.025572495328211375,-11.0476408282595,-11.884024491760636,-12.127428338450194,-10.35551212086011,-12.514066528167263,-14.896582058243585,-11.478613331275286,-13.936474840987001,1,0
2021-01-28,0.0,-0.36890342911590857,2.516126596155719,1.5732856995670856,-0.25803976110463334,0.5047128298494081,2.1687298901858747,2.226551304610544,1.5784505676707197,2.4361721520225728,1.9271316889967802,0.0,-1.6256206643548172,-12.433727904725066,-13.271393912146085,-13.51010324061292,-11.803321067245417,-13.911738198746544,-16.244293291956332,-12.914395159759973,-15.306931872063355,-15.752152029073443,1,0
2021-01-29,0.0,2.8877268558889577,1.9409052584811821,0.10996072647824393,0.8789263187817424,2.5454169131931588,2.602195350693933,1.9545241697213989,2.812903182425601,2.293557112444452,4.057328799875217,0.0,-11.17964729297599,-12.02440341669732,-12.270164542724899,-10.481572211084593,-12.66089840695637,-15.066425041005889,-11.615700951425463,-14.097085666336277,-14.555775485710514,-14.485135534679873,1,0
2021-02-01,0.0,-0.9033628375833359,-2.7121894475103425,-2.001360598314108,-0.3766179215996963,-0.3126217143434499,-0.954728627268961,-0.11312676061095028,-0.5463806025496578,1.1469935074440034,-0.5159280817457912,0.0,-0.7623719664334235,-1.0215097399446678,1.092648858911156,-1.2679936228727635,-3.834003762117151,-0.03219273703812631,-2.780735373147307,-3.2666980031390915,-3.128134662785635,-2.6766283713676646,0,0
2021-02-02,0.0,-1.8311850235782123,-1.095733100717339,0.556100825629871,0.61832565490564,-0.030985576856243924,0.8230965768972851,0.35860971893037674,2.0888308266876843,0.38066267278602584,-10.67519411288309,0.0,-0.25675768914196384,1.8524492978540923,-0.4904858087498143,-3.0348013511365313,0.7424406264673449,-1.9892311245953227,-2.470876577857257,-2.3295240510040993,-1.881276596116918,-1.4196612869729424,1,0
2021-02-03,0.0,0.7687934668394869,2.4382024770372888,2.495417916016473,1.846195995337002,2.7062628924474827,2.188862622235095,3.9546989644517643,2.1933527288785433,-8.947125032234755,-9.760608729710935,0.0,2.115290993052832,-0.23028884882857192,-2.7766457280692247,1.0062006977284357,-1.7298264984862757,-2.2117875050138225,-2.0689755420838076,-1.6201786581689723,-1.157927253419178,-2.695313996505665,1,1
2021-02-04,0.0,1.633836160983364,1.6921068518178324,1.053912620307493,1.8968968460407312,1.4097597740090944,3.131068309347842,1.4212915762429734,-9.495035941887588,-10.30154848942786,-10.540545589336995,0.0,-2.28082360837091,-4.763434252624643,-1.0955992976909414,-3.7460576932194503,-4.216512433766692,-4.087897065637849,-3.6518331458693796,-3.2032507773288463,-4.6837672256856875,-3.2859681171450053,1,0
2021-02-05,0.0,0.06215435102909897,-0.571378243975403,0.26019009658619363,-0.17773736561698872,1.5001027407483896,-0.15115823394917394,-10.913518734155144,-11.728695060286974,-11.965386756614825,-10.245634626082266,0.0,-2.5132616762482254,1.222663851823972,-1.4796903114805737,-1.9553254111258962,-1.813195536590419,-1.3700661564698553,-0.913590886373353,-2.4330280703619627,-1.0126283843331134,0.45852084257250314,0,0
2021-02-08,0.0,-0.6352750505138973,0.19837781565020352,-0.23899518216050852,1.4422692379197461,-0.2117599337746956,-11.000860975261837,-11.818840140927493,-12.056161265546056,-10.332964898320133,-12.436356921087919,0.0,3.8005226363627966,1.048499534713728,0.5685250096872088,0.7252770575408314,1.1749427188071015,1.6388355752393615,0.08062343404059158,1.5219221451981209,2.9998899993351,1.3449025169811593,0,1
2021-02-09,0.0,0.8349923474402713,0.38008607916859116,2.072013622336108,0.4013602408335042,-10.407499664404213,-11.219057441184425,-11.456392112739213,-9.721597972141293,-11.828269267041312,-14.15229195518509,0.0,-2.652843315132704,-3.121832064794183,-2.9879472193092003,-2.5521811233985545,-2.10361238568673,-3.590116144457112,-2.193294061235633,-0.7396005652854728,-2.3402689366348426,-1.877058992884962,1,0
2021-02-10,0.0,-0.4305116528055337,1.2419998667447703,-0.4015129976972842,-11.14956133323562,-11.966887886366766,-12.203436788792724,-10.489419328829948,-12.584985832179509,-14.899367459230882,-11.58337923826213,0.0,-0.4774082022926063,-0.3269619111819969,0.11927639500463849,0.5793541738914446,-0.9603045737031372,0.47002987347018765,1.9428047799829795,0.30132836005603153,0.8080502229533633,-1.1295148018817134,0,0
2021-02-11,0.0,1.728540410286378,0.025572495328211375,-11.0476408282595,-11.884024491760636,-12.127428338450194,-10.35551212086011,-12.514066528167263,-14.896582058243585,-11.478613331275286,-13.936474840987001,0.0,0.15317199104163937,0.6005292504279223,1.061889013072737,-0.4846983409928735,0.9492129049663438,2.4228907412495224,0.776886238645301,1.2905774250316648,-0.6647853477501942,1.0872323228149927,0,1
2021-02-12,0.0,-1.6256206643548172,-12.433727904725066,-13.271393912146085,-13.51010324061292,-11.803321067245417,-13.911738198746544,-16.244293291956332,-12.914395159759973,-15.306931872063355,-15.752152029073443,0.0,0.4446685003508949,0.9032147208667587,-0.6331059817883751,0.792190104705072,2.257893903920375,0.6219128468898962,1.1307125960699789,-0.8088017572544115,0.9330500559679531,1.4980814019801043,0,1
2021-02-16,0.0,-11.17964729297599,-12.02440341669732,-12.270164542724899,-10.481572211084593,-12.66089840695637,-15.066425041005889,-11.615700951425463,-14.097085666336277,-14.555775485710514,-14.485135534679873,0.0,0.4569170373259156,-1.0715143523530557,0.34909435681348827,1.8125396958974809,0.18232896128383058,0.684200785040384,-1.2369991473395778,0.5001737428840656,1.0528099715659445,0.8889485717506028,0,0
2021-02-17,0.0,-0.7623719664334235,-1.0215097399446678,1.092648858911156,-1.2679936228727635,-3.834003762117151,-0.03219273703812631,-2.780735373147307,-3.2666980031390915,-3.128134662785635,-2.6766283713676646,0.0,-1.5199557791177583,-0.1045171495128242,1.3562329396747728,-0.26764434364945866,0.22700499788318154,-1.674945987251625,0.05698248604787226,0.5967871114070302,0.43726803441011963,3.6851422134412206,0,1
2021-02-18,0.0,-0.25675768914196384,1.8524492978540923,-0.4904858087498143,-3.0348013511365313,0.7424406264673449,-1.9892311245953227,-2.470876577857257,-2.3295240510040993,-1.881276596116918,-1.4196612869729424,0.0,1.4408827507564097,2.9188928165017596,1.2644543386810576,1.7864531329631537,-0.19161406326922803,1.567761250573329,2.1542816653181625,1.9790815600456275,5.271907372014044,5.169006083610988,0,1
2021-02-19,0.0,2.115290993052832,-0.23028884882857192,-2.7766457280692247,1.0062006977284357,-1.7298264984862757,-2.2117875050138225,-2.0689755420838076,-1.6201786581689723,-1.157927253419178,-2.695313996505665,0.0,1.470689249574868,-0.16501096984455454,0.3344671572086319,-1.5840746955328024,0.16011315533338122,0.7063351347894964,0.5447920166288895,3.8152125768275824,3.732254889457385,7.392134561173926,1,1
2021-02-22,0.0,-2.28082360837091,-4.763434252624643,-1.0955992976909414,-3.7460576932194503,-4.216512433766692,-4.087897065637849,-3.6518331458693796,-3.2032507773288463,-4.6837672256856875,-3.2859681171450053,0.0,-1.6262066217406697,-1.1467876581472525,-3.0158395169967824,-1.2768781757398737,-0.7685999337526574,-0.9171450434577135,2.349678087358049,2.2866038081956397,5.893455636638344,9.233371706772314,0,1
2021-02-23,0.0,-2.5132616762482254,1.222663851823972,-1.4796903114805737,-1.9553254111258962,-1.813195536590419,-1.3700661564698553,-0.913590886373353,-2.4330280703619627,-1.0126283843331134,0.45852084257250314,0.0,0.505463896978092,-1.4329345602119967,0.32478134527968416,0.8793703669502969,0.7151506456527781,4.010231206156654,3.9243963150357697,7.617447400030351,10.999486821189281,10.504346485506657,0,1
2021-02-24,0.0,3.8005226363627966,1.048499534713728,0.5685250096872088,0.7252770575408314,1.1749427188071015,1.6388355752393615,0.08062343404059158,1.5219221451981209,2.9998899993351,1.3449025169811593,0.0,-1.8949364966626,-0.1632881647172919,0.3708621710662235,0.21328766858876547,3.461587531591219,3.3836309001031912,7.00776308509711,10.33782003259046,9.843819435365916,12.13086575439816,1,1
2021-02-25,0.0,-2.652843315132704,-3.121832064794183,-2.9879472193092003,-2.5521811233985545,-2.10361238568673,-3.590116144457112,-2.193294061235633,-0.7396005652854728,-2.3402689366348426,-1.877058992884962,0.0,1.8008548111176128,2.4061602948211602,2.2251210565554693,5.594732554972735,5.486724432165791,9.313398452814058,12.783987942033132,12.29554117786212,14.69850860745316,12.83656229354193,0,1
2021-02-26,0.0,-0.4774082022926063,-0.3269619111819969,0.11927639500463849,0.5793541738914446,-0.9603045737031372,0.47002987347018765,1.9428047799829795,0.30132836005603153,0.8080502229533633,-1.1295148018817134,0.0,0.555102044504638,0.39113538528143854,3.7402388563070756,3.657543918560279,7.399884509599577,10.834663717460984,10.32738395915366,12.688010503031709,10.831526712623823,11.598899929388997,0,1
2021-03-01,0.0,0.15317199104163937,0.6005292504279223,1.061889013072737,-0.4846983409928735,0.9492129049663438,2.4228907412495224,0.776886238645301,1.2905774250316648,-0.6647853477501942,1.0872323228149927,0.0,-0.15493489569225416,3.1056904852178033,3.032436167348387,6.657945461579091,9.99766073040784,9.497365307437205,11.787471250219264,9.9783055057514,10.72325160515767,11.646503614858558,1,1
2021-03-02,0.0,0.4446685003508949,0.9032147208667587,-0.6331059817883751,0.792190104705072,2.257893903920375,0.6219128468898962,1.1307125960699789,-0.8088017572544115,0.9330500559679531,1.4980814019801043,0.0,3.290287092072732,3.2142488782990375,6.877981794965878,10.249339666885119,9.746365821731453,12.059685041945631,10.234565522619672,10.986917045575922,11.920181387813907,7.647080602046078,1,1
2021-03-03,0.0,0.4569170373259156,-1.0715143523530557,0.34909435681348827,1.8125396958974809,0.18232896128383058,0.684200785040384,-1.2369991473395778,0.5001737428840656,1.0528099715659445,0.8889485717506028,0.0,-0.0312714080217209,3.4991432578955237,6.8223164938700265,6.283439450925062,8.53202340197354,6.708170651276062,7.442509767520653,8.335998701495571,4.151275278692069,5.263690691400354,0,1
2021-03-04,0.0,-1.5199557791177583,-0.1045171495128242,1.3562329396747728,-0.26764434364945866,0.22700499788318154,-1.674945987251625,0.05698248604787226,0.5967871114070302,0.43726803441011963,3.6851422134412206,0.0,3.580179945205185,6.949442049273246,6.403518360147334,8.683601619430751,6.834699906427134,7.579295458684809,8.485438097822836,4.242406458624722,5.370403878125665,4.993519963057613,1,1
2021-03-05,0.0,1.4408827507564097,2.9188928165017596,1.2644543386810576,1.7864531329631537,-0.19161406326922803,1.567761250573329,2.1542816653181625,1.9790815600456275,5.271907372014044,5.169006083610988,0.0,3.210893853277164,2.6458132773202903,4.785783122696126,2.997974602465583,3.700021080674815,4.53607606740891,0.520881255876255,1.5796958360576143,1.2743598286515383,0.8594216931210943,1,1
2021-03-08,0.0,1.470689249574868,-0.16501096984455454,0.3344671572086319,-1.5840746955328024,0.16011315533338122,0.7063351347894964,0.5447920166288895,3.8152125768275824,3.732254889457385,7.392134561173926,0.0,-0.5946236219638763,1.4704688361106424,-0.3039304269810166,0.37655233182849157,1.169875840141534,-2.7356135249043847,-1.7137216504905868,-1.9630976582806015,-2.3652942741187326,-4.191030765454813,1,0
2021-03-09,0.0,-1.6262066217406697,-1.1467876581472525,-3.0158395169967824,-1.2768781757398737,-0.7685999337526574,-0.9171450434577135,2.349678087358049,2.2866038081956397,5.893455636638344,9.233371706772314,0.0,2.0518359223670295,0.2980511150842444,0.9736024098850766,1.764362918590042,-2.1102777125357917,-1.094969198645548,-1.3512420675373904,-1.7505233037261583,-3.557211866974698,-7.241475996226841,1,1
2021-03-10,0.0,0.505463896978092,-1.4329345602119967,0.32478134527968416,0.8793703669502969,0.7151506456527781,4.010231206156654,3.9243963150357697,7.617447400030351,10.999486821189281,10.504346485506657,0.0,-1.7292065036830637,-1.0731770104815064,-0.3159912730006289,-4.087231807558687,-3.1040308243545875,-3.3236031220697093,-3.711348307502214,-5.485405235939602,-9.058970895143258,-8.889901067499398,1,0
2021-03-11,0.0,-1.8949364966626,-0.1632881647172919,0.3708621710662235,0.21328766858876547,3.461587531591219,3.3836309001031912,7.00776308509711,10.33782003259046,9.843819435365916,12.13086575439816,0.0,0.6623532980897512,1.436112598232389,-2.364070900751547,-1.368998740579219,-1.6160240370746366,-2.0075049832597696,-3.781731037427781,-7.3934043934771045,-7.23261062582981,-4.243014050105125,1,0
2021-03-12,0.0,1.8008548111176128,2.4061602948211602,2.2251210565554693,5.594732554972735,5.486724432165791,9.313398452814058,12.783987942033132,12.29554117786212,14.69850860745316,12.83656229354193,0.0,0.7636260674544869,-3.006709660506205,-2.02108316990853,-2.2564574537948605,-2.644577199310893,-4.4099352316167195,-7.989215911157247,-7.826077180872641,-4.862542047597601,-2.96212645331079,1,0
2021-03-15,0.0,0.555102044504638,0.39113538528143854,3.7402388563070756,3.657543918560279,7.399884509599577,10.834663717460984,10.32738395915366,12.688010503031709,10.831526712623823,11.598899929388997,0.0,-3.7166278814964477,-2.746897241722803,-2.9678634311167995,-3.3501284282916823,-5.096108031172624,-8.619819576295344,-8.454897349914997,-5.536514803148673,-3.674910182602945,-3.0782972637539854,1,0
2021-03-16,0.0,-0.15493489569225416,3.1056904852178033,3.032436167348387,6.657945461579091,9.99766073040784,9.497365307437205,11.787471250219264,9.9783055057514,10.72325160515767,11.646503614858558,0.0,1.0199406130719684,0.7328357470929107,0.3328641479455938,-1.4566511763528969,-5.1516965963609,-5.000988999126519,-1.9451198885045933,0.05494134150908414,0.6722298123180592,10.179201904049629,1,1
2021-03-17,0.0,3.290287092072732,3.2142488782990375,6.877981794965878,10.249339666885119,9.746365821731453,12.059685041945631,10.234565522619672,10.986917045575922,11.920181387813907,7.647080602046078,0.0,-0.26853784286927573,-0.6627480021831436,-2.436124891855618,-6.075849768837429,-5.921671519845522,-2.910416447502904,-0.9526475668678682,-0.3424542700493861,9.044960162388904,9.102834459050893,1,1
2021-03-18,0.0,-0.0312714080217209,3.4991432578955237,6.8223164938700265,6.283439450925062,8.53202340197354,6.708170651276062,7.442509767520653,8.335998701495571,4.151275278692069,5.263690691400354,0.0,-0.4013743520715818,-2.2043199085800236,-5.910769525805445,-5.755346106913864,-2.689201579035373,-0.6921326664420092,-0.07134578413118198,9.48187327643075,9.54177611673017,6.814921619530274,1,1
2021-03-19,0.0,3.580179945205185,6.949442049273246,6.403518360147334,8.683601619430751,6.834699906427134,7.579295458684809,8.485438097822836,4.242406458624722,5.370403878125665,4.993519963057613,0.0,-1.8084745822476818,-5.535212836844909,-5.381271758604264,-2.2988067633239466,-0.28577556697406004,0.33753492724834344,9.933768238643776,9.995426587371993,7.260766529380562,9.4165085900797,1,1
2021-03-22,0.0,3.210893853277164,2.6458132773202903,4.785783122696126,2.997974602465583,3.700021080674815,4.53607606740891,0.520881255876255,1.5796958360576143,1.2743598286515383,0.8594216931210943,0.0,-3.7823700653469166,-3.6366292356417804,-0.5102343235571853,1.5554828967995054,2.184163056329603,11.881894606225137,11.950897153155157,9.2074565309758,11.414241301118002,9.3504832960745,1,1
2021-03-23,0.0,-0.5946236219638763,1.4704688361106424,-0.3039304269810166,0.37655233182849157,1.169875840141534,-2.7356135249043847,-1.7137216504905868,-1.9630976582806015,-2.3652942741187326,-4.191030765454813,0.0,0.13101664488165465,3.426938475201137,5.656907208316293,6.312028730690845,16.458850449965116,16.545669224602545,13.719193041837714,16.089873850808132,13.923818910168073,13.581169062787975,0,1
2021-03-24,0.0,2.0518359223670295,0.2980511150842444,0.9736024098850766,1.764362918590042,-2.1102777125357917,-1.094969198645548,-1.3512420675373904,-1.7505233037261583,-3.557211866974698,-7.241475996226841,0.0,3.3089913062339367,5.546069570314978,6.204042619561697,16.393646697413107,16.48034280439235,13.640478161399251,16.01909203742514,13.844129146900483,13.499845590267944,14.04378580509479,1,1
2021-03-25,0.0,-1.7292065036830637,-1.0731770104815064,-0.3159912730006289,-4.087231807558687,-3.1040308243545875,-3.3236031220697093,-3.711348307502214,-5.485405235939602,-9.058970895143258,-8.889901067499398,0.0,2.101495076973081,2.7379911338269594,12.561665808125698,12.633472408489922,9.86014611412992,12.103641905177433,10.012204346799077,9.67573104056983,10.185554754478037,9.303412913172151,0,1
2021-03-26,0.0,0.6623532980897512,1.436112598232389,-2.364070900751547,-1.368998740579219,-1.6160240370746366,-2.0075049832597696,-3.781731037427781,-7.3934043934771045,-7.23261062582981,-4.243014050105125,0.0,0.6151617091847132,10.088820000516883,10.150714474659493,7.454066324304313,9.586592783111177,7.573056210461449,7.245727830922602,7.7282804226085755,6.8620257779303895,9.87640806772081,0,1
2021-03-29,0.0,0.7636260674544869,-3.006709660506205,-2.02108316990853,-2.2564574537948605,-2.644577199310893,-4.4099352316167195,-7.989215911157247,-7.826077180872641,-4.862542047597601,-2.96212645331079,0.0,9.425798677807109,9.48515813434945,6.795443662934042,8.90781822347326,6.905476222150517,6.578942108861327,7.05630495781042,6.189729170489966,9.188393116806079,4.85152947174006,0,1
2021-03-30,0.0,-3.7166278814964477,-2.746897241722803,-2.9678634311167995,-3.3501284282916823,-5.096108031172624,-8.619819576295344,-8.454897349914997,-5.536514803148673,-3.674910182602945,-3.0782972637539854,0.0,0.023109253349375636,-2.5445562388452885,-0.73521307019019,-2.5617081005765905,-2.874094356605626,-2.4741677676185376,-3.3374161672206766,-0.5873554848206464,-4.591796311325072,-2.1409975007217885,0,0
2021-03-31,0.0,1.0199406130719684,0.7328357470929107,0.3328641479455938,-1.4566511763528969,-5.1516965963609,-5.000988999126519,-1.9451198885045933,0.05494134150908414,0.6722298123180592,10.179201904049629,0.0,-2.558080964530241,-0.7560198057599419,-2.5754802862978114,-2.8867021789068494,-2.4884106069957226,-3.348528446431428,-0.6090200016315115,-4.598167388724511,-2.156678603200929,-2.7326684932085588,1,0
2021-04-01,0.0,-0.26853784286927573,-0.6627480021831436,-2.436124891855618,-6.075849768837429,-5.921671519845522,-2.910416447502904,-0.9526475668678682,-0.3424542700493861,9.044960162388904,9.102834459050893,0.0,1.8646446312967926,0.01724572885898268,-0.29443905293027295,0.12051859892969774,-0.7311870047793874,2.04600827178189,-1.9900026638020591,0.4746150760546506,-0.07988262320535977,-1.4597924967612284,1,1
2021-04-05,0.0,-0.4013743520715818,-2.2043199085800236,-5.910769525805445,-5.755346106913864,-2.689201579035373,-0.6921326664420092,-0.07134578413118198,9.48187327643075,9.54177611673017,6.814921619530274,0.0,-1.7864785552082816,-2.090841689235698,-1.6967948650223947,-2.535224229167794,0.15338932782136872,-3.759387167124971,-1.366205863498388,-1.923199491749743,-3.2655790000621288,-2.752324124419989,1,0
2021-04-06,0.0,-1.8084745822476818,-5.535212836844909,-5.381271758604264,-2.2988067633239466,-0.28577556697406004,0.33753492724834344,9.933768238643776,9.995426587371993,7.260766529380562,9.4165085900797,0.0,-0.3075208370923259,0.10178786735769563,-0.7386029064561223,2.0012702398066367,-1.9805534948340608,0.45101047983147313,-0.09622587495376855,-1.4576526107970542,-0.9444698221510208,-2.169319094626484,1,1
2021-04-07,0.0,-3.7823700653469166,-3.6366292356417804,-0.5102343235571853,1.5554828967995054,2.184163056329603,11.881894606225137,11.950897153155157,9.2074565309758,11.414241301118002,9.3504832960745,0.0,0.41126465039052834,-0.42808500174755215,2.3161177816788605,-1.6710602879413365,0.7631222665554949,0.21846355300154885,-1.1440087092499582,-0.6316802909077555,-1.8606304229247885,-0.5922447627118097,1,1
2021-04-08,0.0,0.13101664488165465,3.426938475201137,5.656907208316293,6.312028730690845,16.458850449965116,16.545669224602545,13.719193041837714,16.089873850808132,13.923818910168073,13.581169062787975,0.0,-0.8355616198611948,1.8860425387161786,-2.069537674099829,0.3462131179909028,-0.1984996139922648,-1.5512100764735555,-1.0409047403815959,-2.256879138175065,-1.002806548565767,-1.463196466530977,1,0
2021-04-09,0.0,3.3089913062339367,5.546069570314978,6.204042619561697,16.393646697413107,16.48034280439235,13.640478161399251,16.01909203742514,13.844129146900483,13.499845590267944,14.04378580509479,0.0,2.7231713932456576,-1.2321709519298525,1.1816881584658607,0.645895418331863,-0.7046277596398197,-0.19849550130631266,-1.4209782045055017,-0.1583156166813081,-0.6267825742498614,0.12349535562091862,1,1
2021-04-12,0.0,2.101495076973081,2.7379911338269594,12.561665808125698,12.633472408489922,9.86014611412992,12.103641905177433,10.012204346799077,9.67573104056983,10.185554754478037,9.303412913172151,0.0,-3.859957397764767,-1.4987663339981998,-2.0498472618058123,-3.3744864245481687,-2.8674113720261563,-4.039523138640325,-2.8348152425974265,-3.266259592590267,-2.5647583019288174,-3.4265675153862025,1,0
2021-04-13,0.0,0.6151617091847132,10.088820000516883,10.150714474659493,7.454066324304313,9.586592783111177,7.573056210461449,7.245727830922602,7.7282804226085755,6.8620257779303895,9.87640806772081,0.0,2.4312480366042615,1.9042079668402676,0.5456309825294443,1.049805857546585,-0.19256185600863146,1.0934107152644374,0.6090396162586308,1.379872196428133,0.49372090874475094,1.3180175643042087,1,1
2021-04-14,0.0,9.425798677807109,9.48515813434945,6.795443662934042,8.90781822347326,6.905476222150517,6.578942108861327,7.05630495781042,6.189729170489966,9.188393116806079,4.85152947174006,0.0,-0.5430301477398566,-1.8833703567034266,-1.376357911313174,-2.5777351712137557,-1.3394875702385365,-1.7920476364792106,-1.06260471037373,-1.9354934956362742,-1.127017625120277,-1.1041255265300611,1,0
2021-04-15,0.0,0.023109253349375636,-2.5445562388452885,-0.73521307019019,-2.5617081005765905,-2.874094356605626,-2.4741677676185376,-3.3374161672206766,-0.5873554848206464,-4.591796311325072,-2.1409975007217885,0.0,-1.3308427653840154,-0.8295615425877395,-2.02783941233341,-0.7915833523843727,-1.2465716778792963,-0.5153859269651495,-1.3823939852617348,-0.5785879591281735,-0.5562831408447946,3.6151829515337344,0,1
2021-04-16,0.0,-2.558080964530241,-0.7560198057599419,-2.5754802862978114,-2.8867021789068494,-2.4884106069957226,-3.348528446431428,-0.6090200016315115,-4.598167388724511,-2.156678603200929,-2.7326684932085588,0.0,0.4990597092831668,-0.7200478043071166,0.5406721212727059,0.06888500028099065,0.8217420947219958,-0.051365849794495766,0.7600242023190271,0.7814108459150082,5.002818243702083,4.083786790867942,0,1
2021-04-19,0.0,1.8646446312967926,0.01724572885898268,-0.29443905293027295,0.12051859892969774,-0.7311870047793874,2.04600827178189,-1.9900026638020591,0.4746150760546506,-0.07988262320535977,-1.4597924967612284,0.0,-1.2160969915182729,0.040407257436700456,-0.42691963566026825,0.3207566726026701,-0.5535205835597921,0.258233826317538,0.2800517163419374,4.499401079107461,3.583712469711937,5.709738676160327,1,1
2021-04-20,0.0,-1.7864785552082816,-2.090841689235698,-1.6967948650223947,-2.535224229167794,0.15338932782136872,-3.759387167124971,-1.366205863498388,-1.923199491749743,-3.2655790000621288,-2.752324124419989,0.0,1.292328107286637,0.8044440367603309,1.580120200495084,0.6911767751827673,1.518352494133634,1.5395308606186053,5.848920606311507,4.906448222170919,7.07701482073948,4.629179417141685,0,1
2021-04-21,0.0,-0.3075208370923259,0.10178786735769563,-0.7386029064561223,2.0012702398066367,-1.9805534948340608,0.45101047983147313,-0.09622587495376855,-1.4576526107970542,-0.9444698221510208,-2.169319094626484,0.0,-0.46563022794033526,0.2794890531815386,-0.5923802989634044,0.2170803086546027,0.23887049121737694,4.445978805650048,3.5331800263417836,5.6530649594026485,3.2669418808283845,6.474401306141326,1,1
2021-04-22,0.0,0.41126465039052834,-0.42808500174755215,2.3161177816788605,-1.6710602879413365,0.7631222665554949,0.21846355300154885,-1.1440087092499582,-0.6316802909077555,-1.8606304229247885,-0.5922447627118097,0.0,0.7607574049007788,-0.12252139003169482,0.6982190564726665,0.719911410687422,4.989410369142993,4.060315829561869,6.2113225744619,3.7884485866233257,7.041345710562231,6.4101072523707705,1,1
2021-04-23,0.0,-0.8355616198611948,1.8860425387161786,-2.069537674099829,0.3462131179909028,-0.1984996139922648,-1.5512100764735555,-1.0409047403815959,-2.256879138175065,-1.002806548565767,-1.463196466530977,0.0,-0.8685352660287005,-0.06257062321855927,-0.04064051274389395,4.146103269819604,3.2393313109719197,5.349138959884778,2.9753617246640465,6.1685361242617835,5.54270500417924,6.998012577756544,0,1
2021-04-26,0.0,2.7231713932456576,-1.2321709519298525,1.1816881584658607,0.645895418331863,-0.7046277596398197,-0.19849550130631266,-1.4209782045055017,-0.1583156166813081,-0.6267825742498614,0.12349535562091862,0.0,0.8113790138036177,0.8327222348565642,5.054476641650306,4.13507352179437,6.261946284546222,3.865821048161698,7.081803269066318,6.4587290813682525,7.9306226737405225,9.048589122676052,1,1
2021-04-27,0.0,-3.859957397764767,-1.4987663339981998,-2.0498472618058123,-3.3744864245481687,-2.8674113720261563,-4.039523138640325,-2.8348152425974265,-3.266259592590267,-2.5647583019288174,-3.4265675153862025,0.0,0.021856631178503422,4.205085594951534,3.2987139523353677,5.406709097146576,3.034746096421806,6.224961375914308,5.60022689269565,7.054628455203053,8.172326379601188,7.504016487341666,0,1
2021-04-28,0.0,2.4312480366042615,1.9042079668402676,0.5456309825294443,1.049805857546585,-0.19256185600863146,1.0934107152644374,0.6090396162586308,1.379872196428133,0.49372090874475094,1.3180175643042087,0.0,4.1857054784542465,3.2789236230651557,5.388181181550135,3.0148764781715363,6.207077876405558,5.58177353964132,7.036925577263389,8.155555635900345,7.487016407634717,9.020039405265921,1,1
2021-04-29,0.0,-0.5430301477398566,-1.8833703567034266,-1.376357911313174,-2.5777351712137557,-1.3394875702385365,-1.7920476364792106,-1.06260471037373,-1.9354934956362742,-1.127017625120277,-1.1041255265300611,0.0,-0.8360197668507616,1.1645504068752996,-1.0721762531349555,1.9692401369962993,1.3406744903139465,2.6989947332403377,3.807623133752381,3.204514770264834,4.750869429613887,8.57196612147452,0,1
2021-04-30,0.0,-1.3308427653840154,-0.8295615425877395,-2.02783941233341,-0.7915833523843727,-1.2465716778792963,-0.5153859269651495,-1.3823939852617348,-0.5785879591281735,-0.5562831408447946,3.6151829515337344,0.0,2.0345143073984375,-0.2432411869513224,2.8468267010689683,2.2152411121354825,3.6013160266735653,4.718490243918179,4.098473423792701,5.65117272343254,9.54269106916897,12.177499659346019,1,1
2021-05-03,0.0,0.4990597092831668,-0.7200478043071166,0.5406721212727059,0.06888500028099065,0.8217420947219958,-0.051365849794495766,0.7600242023190271,0.7814108459150082,5.002818243702083,4.083786790867942,0.0,-2.213061572579803,0.8058678239917211,0.17239770762753254,1.5124922775282523,2.625399594040556,2.036609242587623,3.596502507340369,7.376722594344499,9.922959818099208,9.87782283733436,1,1
2021-05-04,0.0,-1.2160969915182729,0.040407257436700456,-0.42691963566026825,0.3207566726026701,-0.5535205835597921,0.258233826317538,0.2800517163419374,4.499401079107461,3.583712469711937,5.709738676160327,0.0,3.1100844839534867,2.476443195253216,3.8732405064495303,4.994992849247322,4.368858765446932,5.926294437112277,9.845711386137442,12.50104691710978,12.448793040176108,13.300242128627765,1,1
2021-05-05,0.0,1.292328107286637,0.8044440367603309,1.580120200495084,0.6911767751827673,1.518352494133634,1.5395308606186053,5.848920606311507,4.906448222170919,7.07701482073948,4.629179417141685,0.0,-0.6387224231047408,0.6926136999021337,1.8117351799223949,1.2311768523868418,2.805019068667323,6.56785197871903,9.096967912950777,9.053962295766945,9.904812841692864,10.700204752764009,1,1
2021-05-06,0.0,-0.46563022794033526,0.2794890531815386,-0.5923802989634044,0.2170803086546027,0.23887049121737694,4.445978805650048,3.5331800263417836,5.6530649594026485,3.2669418808283845,6.474401306141326,0.0,1.3336740594273806,2.444106304215459,1.8590654846718588,3.4165993007620186,7.180258361603101,9.714194695538225,9.66966294581246,10.513622179357743,11.305758482714909,9.976019496366064,1,1
2021-05-07,0.0,0.7607574049007788,-0.12252139003169482,0.6982190564726665,0.719911410687422,4.989410369142993,4.060315829561869,6.2113225744619,3.7884485866233257,7.041345710562231,6.4101072523707705,0.0,1.1015370735627974,0.53958184414974,2.093006547767902,5.76503301788166,8.228617169978195,8.188248879836872,9.026030860637173,9.805845520180151,8.489676758660718,9.871042952393957,1,1
2021-05-10,0.0,-0.8685352660287005,-0.06257062321855927,-0.04064051274389395,4.146103269819604,3.2393313109719197,5.349138959884778,2.9753617246640465,6.1685361242617835,5.54270500417924,6.998012577756544,0.0,-0.5520805388735229,1.0238529280264776,4.680751675503423,7.126783024141795,7.089213758610582,7.935830735599719,8.718387095016928,7.391563027963062,8.772985809726514,7.934416274530623,1,1
2021-05-11,0.0,0.8113790138036177,0.8327222348565642,5.054476641650306,4.13507352179437,6.261946284546222,3.865821048161698,7.081803269066318,6.4587290813682525,7.9306226737405225,9.048589122676052,0.0,1.5866131974391169,5.3028391273288715,7.792365972717327,7.752831415877997,8.606856128758022,9.399041839425518,8.058971811679209,9.459846112412007,8.614757569835515,7.683529670150542,1,1
2021-05-12,0.0,0.021856631178503422,4.205085594951534,3.2987139523353677,5.406709097146576,3.034746096421806,6.224961375914308,5.60022689269565,7.054628455203053,8.172326379601188,7.504016487341666,0.0,3.7176686058062454,6.197081526046626,6.16147184342753,7.0342164040664645,7.835621097557033,6.470968593192179,7.880988540137813,7.014980208157301,6.082026598642177,5.829463731549773,1,1
2021-05-13,0.0,4.1857054784542465,3.2789236230651557,5.388181181550135,3.0148764781715363,6.207077876405558,5.58177353964132,7.036925577263389,8.155555635900345,7.487016407634717,9.020039405265921,0.0,2.309956924615056,2.285119192162023,3.1473674824355795,3.921549829633741,2.5836529309666423,3.930169749863963,3.0694046351870754,2.1880111818067256,1.9405545585684192,5.96133992910106,1,1
2021-05-14,0.0,-0.8360197668507616,1.1645504068752996,-1.0721762531349555,1.9692401369962993,1.3406744903139465,2.6989947332403377,3.807623133752381,3.204514770264834,4.750869429613887,8.57196612147452,0.0,-0.01829778437422397,0.8312765919890264,1.583582323964827,0.27152537770174934,1.5704641001229713,0.7192635477886441,-0.12509295840476156,-0.36767732206289255,3.5032392706314415,2.150754910364623,1,1
2021-05-17,0.0,2.0345143073984375,-0.2432411869513224,2.8468267010689683,2.2152411121354825,3.6013160266735653,4.718490243918179,4.098473423792701,5.65117272343254,9.54269106916897,12.177499659346019,0.0,0.8517292959364647,1.6060280639421294,0.2905932232877992,1.5930512244745911,0.7397165806457183,-0.10697623190392613,-0.35018588417348057,3.5312827396360618,2.175133301068667,2.7417221957001945,1,1
2021-05-18,0.0,-2.213061572579803,0.8058678239917211,0.17239770762753254,1.5124922775282523,2.625399594040556,2.036609242587623,3.596502507340369,7.376722594344499,9.922959818099208,9.87782283733436,0.0,0.7568057577734311,-0.567592405016066,0.7355383113047281,-0.12629539356338837,-0.9711476849107034,-1.2159792284828141,2.6644804737523837,1.3076645666195519,1.8746805451889308,6.215954283896086,1,1
2021-05-19,0.0,3.1100844839534867,2.476443195253216,3.8732405064495303,4.994992849247322,4.368858765446932,5.926294437112277,9.845711386137442,12.50104691710978,12.448793040176108,13.300242128627765,0.0,-1.3262526031657722,-0.028523915820649504,-0.8939295771669402,-1.733260035533614,-1.9784032675223155,1.8832983057458499,0.5321371008599156,1.0969217568239897,5.417098182216492,7.412820293584779,1,1
2021-05-20,0.0,-0.6387224231047408,0.6926136999021337,1.8117351799223949,1.2311768523868418,2.805019068667323,6.56785197871903,9.096967912950777,9.053962295766945,9.904812841692864,10.700204752764009,0.0,1.3002097510713353,0.44562463062654645,-0.39883681551082606,-0.6421323448025178,3.231617710087118,1.877820685159167,2.4434769946285577,6.77732735605553,8.773585628330983,6.606874870663491,1,1
2021-05-21,0.0,1.3336740594273806,2.444106304215459,1.8590654846718588,3.4165993007620186,7.180258361603101,9.714194695538225,9.66966294581246,10.513622179357743,11.305758482714909,9.976019496366064,0.0,-0.8570008569025034,-1.688512016678403,-1.9313003096139838,1.894179420297589,0.5557253795893353,1.1151935544956175,5.394851898199857,7.371733606738444,5.219728106018849,6.561554173777103,1,1
2021-05-24,0.0,1.1015370735627974,0.53958184414974,2.093006547767902,5.76503301788166,8.228617169978195,8.188248879836872,9.026030860637173,9.805845520180151,8.489676758660718,9.871042952393957,0.0,-0.8322162917154732,-1.0730765077567666,2.7482761278934045,1.412273579279206,1.9705702799652192,6.245735912796928,8.216855786118652,6.075285989863288,7.4146274723779975,7.316641045324602,1,1
2021-05-25,0.0,-0.5520805388735229,1.0238529280264776,4.680751675503423,7.126783024141795,7.089213758610582,7.935830735599719,8.718387095016928,7.391563027963062,8.772985809726514,7.934416274530623,0.0,-0.24182474989965536,3.620854636622206,2.2713955097319025,2.8351709327872605,7.156693605560553,9.145557750961082,6.988815671063475,8.341620843149872,8.242748445704683,8.643401269712298,1,1
2021-05-26,0.0,1.5866131974391169,5.3028391273288715,7.792365972717327,7.752831415877997,8.606856128758022,9.399041839425518,8.058971811679209,9.459846112412007,8.614757569835515,7.683529670150542,0.0,3.8650538481140617,2.5150499386966993,3.079011419120112,7.403225764432527,9.39228680198926,7.236512223308506,8.589855909773057,8.490972607150365,8.891397890675124,10.75292400519401,1,1
2021-05-27,0.0,3.7176686058062454,6.197081526046626,6.16147184342753,7.0342164040664645,7.835621097557033,6.470968593192179,7.880988540137813,7.014980208157301,6.082026598642177,5.829463731549773,0.0,-1.3011685438302012,-0.7569704173478244,3.3962845144917844,5.322693251120864,3.216691921376439,4.521196354893069,4.425444869888402,4.817359356356322,6.590235799716795,6.784336700423847,1,1
2021-05-28,0.0,2.309956924615056,2.285119192162023,3.1473674824355795,3.921549829633741,2.5836529309666423,3.930169749863963,3.0694046351870754,2.1880111818067256,1.9405545585684192,5.96133992910106,0.0,0.5502946670918405,4.756932417683429,6.7024334831763435,4.58193517078707,5.901552369933478,5.804845877143246,6.199202163586758,8.000203496152999,8.199298265675953,7.013804712495356,1,1
2021-06-01,0.0,-0.01829778437422397,0.8312765919890264,1.583582323964827,0.27152537770174934,1.5704641001229713,0.7192635477886441,-0.12509295840476156,-0.36767732206289255,3.5032392706314415,2.150754910364623,0.0,4.184872731733072,6.122664020135801,4.007911192190831,5.3213884120501636,5.225067668885218,5.618462494278441,7.407926741367114,7.604952600462117,6.4243648276642675,6.890471111421599,1,1
2021-06-02,0.0,0.8517292959364647,1.6060280639421294,0.2905932232877992,1.5930512244745911,0.7397165806457183,-0.10697623190392613,-0.35018588417348057,3.5312827396360618,2.175133301068667,2.7417221957001945,0.0,1.8719304804098023,-0.1903691347912973,1.0718125907735312,0.9787839258247826,1.3632024640062623,3.0596940592818664,3.240670297044326,2.101726482894528,2.5566493492349545,2.673028541059647,1,1
2021-06-03,0.0,0.7568057577734311,-0.567592405016066,0.7355383113047281,-0.12629539356338837,-0.9711476849107034,-1.2159792284828141,2.6644804737523837,1.3076645666195519,1.8746805451889308,6.215954283896086,0.0,-2.0479319040422928,-0.8030318540083524,-0.8950028861520531,-0.5129082144594512,1.1497290528487738,1.3243820355607803,0.19897905731774945,0.6509038119170598,0.7756202194062404,-6.81181018930813,1,0
2021-06-04,0.0,-1.3262526031657722,-0.028523915820649504,-0.8939295771669402,-1.733260035533614,-1.9784032675223155,1.8832983057458499,0.5321371008599156,1.0969217568239897,5.417098182216492,7.412820293584779,0.0,1.25791710908776,1.1652248078165872,1.5480446689338005,3.239888016007378,3.420644979193482,2.285758831661641,2.7388151135625427,2.853788219700198,-4.823942083121256,-7.575152428927113,1,1
2021-06-07,0.0,1.3002097510713353,0.44562463062654645,-0.39883681551082606,-0.6421323448025178,3.231617710087118,1.877820685159167,2.4434769946285577,6.77732735605553,8.773585628330983,6.606874870663491,0.0,-0.09183048160225893,0.2887993101897719,1.9551663157274244,2.1313886403265783,1.0074505419841189,1.4577488995259933,1.578116311449691,-6.009663757324544,-8.712536398510027,-6.723190100039304,1,1
2021-06-08,0.0,-0.8570008569025034,-1.688512016678403,-1.9313003096139838,1.894179420297589,0.5557253795893353,1.1151935544956175,5.394851898199857,7.371733606738444,5.219728106018849,6.561554173777103,0.0,0.38074530552993835,2.048778565275939,2.2253115335361446,1.100705024336379,1.551152236629223,1.6711115707869617,-5.922352545908293,-8.628440254567234,-6.636345932193445,-6.603002558651701,1,1
2021-06-09,0.0,-0.8322162917154732,-1.0730765077567666,2.7482761278934045,1.412273579279206,1.9705702799652192,6.245735912796928,8.216855786118652,6.075285989863288,7.4146274723779975,7.316641045324602,0.0,1.6629633097584788,1.8384029697573587,0.7153284773207974,1.165654833855936,1.2874380167497144,-6.290827899927207,-8.986568560259734,-7.003671699823029,-6.972344016753882,-7.655207778047354,1,0
2021-06-10,0.0,-0.24182474989965536,3.620854636622206,2.2713955097319025,2.8351709327872605,7.156693605560553,9.145557750961082,6.988815671063475,8.341620843149872,8.242748445704683,8.643401269712298,0.0,0.16861112358897942,-0.9340217679425238,-0.4897914896078658,-0.3617539390845349,-7.781394060774266,-10.39967642418732,-8.480508847979353,-8.458149919006697,-9.125016953170519,-7.961894911256953,1,0
2021-06-11,0.0,3.8650538481140617,2.5150499386966993,3.079011419120112,7.403225764432527,9.39228680198926,7.236512223308506,8.589855909773057,8.490972607150365,8.891397890675124,10.75292400519401,0.0,-1.0989447894739697,-0.6559846604085411,-0.5275054205107034,-7.920203386201624,-10.52681230572399,-8.616902308723617,-8.5954806763802,-9.25975077974131,-8.1018158549273,-5.515077421280062,1,0
2021-06-14,0.0,-1.3011685438302012,-0.7569704173478244,3.3962845144917844,5.322693251120864,3.216691921376439,4.521196354893069,4.425444869888402,4.817359356356322,6.590235799716795,6.784336700423847,0.0,0.44483037193735536,0.5685329565886164,-6.893095109077062,-9.538281850686797,-7.595481139919172,-7.568218035632374,-8.23983777550898,-7.064756095755266,-4.4503626765252475,-5.706636464773583,1,0
2021-06-15,0.0,0.5502946670918405,4.756932417683429,6.7024334831763435,4.58193517078707,5.901552369933478,5.804845877143246,6.199202163586758,8.000203496152999,8.199298265675953,7.013804712495356,0.0,0.1257937654484496,-7.317505109383541,-9.950472173437037,-8.018490049326294,-7.9935555284488435,-8.663062081681279,-7.49341251061344,-4.886858739902601,-6.141114434180359,-6.169135539350224,1,0
2021-06-16,0.0,4.184872731733072,6.122664020135801,4.007911192190831,5.3213884120501636,5.225067668885218,5.618462494278441,7.407926741367114,7.604952600462117,6.4243648276642675,6.890471111421599,0.0,-7.474128561092337,-10.116363577229269,-8.178109751871997,-8.15371924030716,-8.825866226601596,-7.652100595012133,-5.035156334276377,-6.294912715447845,-6.32308567638789,-6.702129675085367,1,0
2021-06-17,0.0,1.8719304804098023,-0.1903691347912973,1.0718125907735312,0.9787839258247826,1.3632024640062623,3.0596940592818664,3.240670297044326,2.101726482894528,2.5566493492349545,2.673028541059647,0.0,-2.9630848136978307,-0.7555973234700066,-0.6877808810099696,-1.4233710699863653,-0.10700543834907994,2.7498663418283686,1.4066764574423591,1.378491215753044,0.979547078521174,4.27489848870859,1,1
2021-06-18,0.0,-2.0479319040422928,-0.8030318540083524,-0.8950028861520531,-0.5129082144594512,1.1497290528487738,1.3243820355607803,0.19897905731774945,0.6509038119170598,0.7756202194062404,-6.81181018930813,0.0,2.3494280017620826,2.436358086716705,1.6644951690328553,3.0579700595570083,6.05300114465126,4.65718001651379,4.628619938978512,4.216091883528669,7.675301681941821,7.311232756438967,0,1
2021-06-21,0.0,1.25791710908776,1.1652248078165872,1.5480446689338005,3.239888016007378,3.420644979193482,2.285758831661641,2.7388151135625427,2.853788219700198,-4.823942083121256,-7.575152428927113,0.0,0.07218381472448232,-0.6693172190121355,0.6605827713436919,3.5397526282610365,2.1890667684157936,2.160901075085527,1.7602270139595557,5.082388193560464,4.714110656099978,1.3879816109466665,1,1
2021-06-22,0.0,-0.09183048160225893,0.2887993101897719,1.9551663157274244,2.1313886403265783,1.0074505419841189,1.4577488995259933,1.578116311449691,-6.009663757324544,-8.712536398510027,-6.723190100039304,0.0,-0.7371134298178739,0.5846401292279777,3.446835099302922,2.1038324252106637,2.075810330875899,1.6773687947585991,4.979841181734491,4.61315664796051,1.3065089415976225,0.24958732018011176,1,1
2021-06-23,0.0,0.38074530552993835,2.048778565275939,2.2253115335361446,1.100705024336379,1.551152236629223,1.6711115707869617,-5.922352545908293,-8.628440254567234,-6.636345932193445,-6.603002558651701,0.0,1.3373435703356653,4.226433407289815,2.8737163218486446,2.8456638387261783,2.444823969876727,5.779387586123114,5.415254720187642,2.0788706690791185,1.015494126086582,2.5612004506501203,1,1
2021-06-24,0.0,1.6629633097584788,1.8384029697573587,0.7153284773207974,1.165654833855936,1.2874380167497144,-6.290827899927207,-8.986568560259734,-7.003671699823029,-6.972344016753882,-7.655207778047354,0.0,2.830336567343254,1.5000346911453106,1.4721442861313094,1.0770965414635598,4.341990333518593,3.974747071946688,0.7038720531051548,-0.34397510014027266,1.184110330734242,1.4537212832533783,0,1
2021-06-25,0.0,0.16861112358897942,-0.9340217679425238,-0.4897914896078658,-0.3617539390845349,-7.781394060774266,-10.39967642418732,-8.480508847979353,-8.458149919006697,-9.125016953170519,-7.961894911256953,0.0,-1.2958607918672664,-1.3236586135309518,-1.710245954603908,1.4401513243752981,1.063403738860241,-2.101533470834971,-3.1266002902542205,-1.6214595587240463,-1.3913475148121028,-0.3498135347423905,0,0
2021-06-28,0.0,-1.0989447894739697,-0.6559846604085411,-0.5275054205107034,-7.920203386201624,-10.52681230572399,-8.616902308723617,-8.5954806763802,-9.25975077974131,-8.1018158549273,-5.515077421280062,0.0,-0.027733619326087842,-0.41673981640328905,2.77440018722556,2.403490268777535,-0.7981821403090885,-1.8298229151806087,-0.31987936032990105,-0.07241585164196707,0.9849266281629063,-0.013264532354389624,0,1
2021-06-29,0.0,0.44483037193735536,0.5685329565886164,-6.893095109077062,-9.538281850686797,-7.595481139919172,-7.568218035632374,-8.23983777550898,-7.064756095755266,-4.4503626765252475,-5.706636464773583,0.0,-0.3889693624031541,2.802315648174057,2.431615097962832,-0.7701141754801111,-1.8016606707507639,-0.2919582135768264,-0.04417981165304985,1.013260115648249,0.014969311563503007,-0.872065960990934,0,1
2021-06-30,0.0,0.1257937654484496,-7.317505109383541,-9.950472173437037,-8.018490049326294,-7.9935555284488435,-8.663062081681279,-7.49341251061344,-4.886858739902601,-6.141114434180359,-6.169135539350224,0.0,3.2015168576551614,2.8328043729316263,-0.3779458219508448,-1.410817517452007,0.09937639644392293,0.35221302842935875,1.4137369925583094,0.41148321477570127,-0.4773681959866798,-0.5048401454547337,0,1
2021-07-01,0.0,-7.474128561092337,-10.116363577229269,-8.178109751871997,-8.15371924030716,-8.825866226601596,-7.652100595012133,-5.035156334276377,-6.294912715447845,-6.32308567638789,-6.702129675085367,0.0,-0.37862532869480664,-3.467822178115026,-4.474038179068268,-2.9914023084600325,-2.782459915795412,-1.7698193209391793,-2.725074711617768,-3.585653037545007,-3.601942863673125,-5.3664399862824315,0,0
2021-07-02,0.0,-2.9630848136978307,-0.7555973234700066,-0.6877808810099696,-1.4233710699863653,-0.10700543834907994,2.7498663418283686,1.4066764574423591,1.378491215753044,0.979547078521174,4.27489848870859,0.0,-3.0785292460620997,-4.079757634864935,-2.605841369341178,-2.3934485749198586,-1.3832478233230763,-2.336305155795082,-3.1932581220946927,-3.2107244802823476,-4.97154167448789,-5.16979810701795,1,0
2021-07-06,0.0,2.3494280017620826,2.436358086716705,1.6644951690328553,3.0579700595570083,6.05300114465126,4.65718001651379,4.628619938978512,4.216091883528669,7.675301681941821,7.311232756438967,0.0,-1.0244985615410989,0.4720720248217676,0.7273785805766149,1.7828960117527923,0.7862112645031161,-0.09607967180740529,-0.12459558063391768,-1.9692265488443605,-2.224529257672236,-1.0077051060781563,1,0
2021-07-07,0.0,0.07218381472448232,-0.6693172190121355,0.6605827713436919,3.5397526282610365,2.1890667684157936,2.160901075085527,1.7602270139595557,5.082388193560464,4.714110656099978,1.3879816109466665,0.0,1.498115869951252,1.766727412717006,2.8331331125801764,1.8258875845551563,0.9386838623465086,0.9065924100021253,-0.9586092685192293,-1.2319368720766124,0.008608605521031487,0.32099880609517767,1,1
2021-07-08,0.0,-0.7371134298178739,0.5846401292279777,3.446835099302922,2.1038324252106637,2.075810330875899,1.6773687947585991,4.979841181734491,4.61315664796051,1.3065089415976225,0.24958732018011176,0.0,0.25011012968431157,1.304517822171507,0.30900998727894824,-0.5742875983382858,-0.6012581906694621,-2.4432375483030504,-2.691164175043177,-1.4807772113521833,-1.1826546008489882,-2.3046923943970685,1,0
2021-07-09,0.0,1.3373435703356653,4.226433407289815,2.8737163218486446,2.8456638387261783,2.444823969876727,5.779387586123114,5.415254720187642,2.0788706690791185,1.015494126086582,2.5612004506501203,0.0,1.0392249867040446,0.058118492463647475,-0.8134608972205446,-0.8392592069318894,-2.6543469457463065,-2.8950266147730366,-1.7047366488401214,-1.4126777629039236,-2.5199613771571836,-1.948319791175618,1,0
2021-07-12,0.0,2.830336567343254,1.5000346911453106,1.4721442861313094,1.0770965414635598,4.341990333518593,3.974747071946688,0.7038720531051548,-0.34397510014027266,1.184110330734242,1.4537212832533783,0.0,-0.9641052171591518,-1.8249736120368236,-1.847083628435275,-3.6297031987523685,-3.8510429360648653,-2.692100743902561,-2.4123592702509926,-3.5065785182755556,-2.9531011227568698,-2.00113944824818,1,0
2021-07-13,0.0,-1.2958607918672664,-1.3236586135309518,-1.710245954603908,1.4401513243752981,1.063403738860241,-2.101533470834971,-3.1266002902542205,-1.6214595587240463,-1.3913475148121028,-0.3498135347423905,0.0,-0.8712085193120176,-0.8968041265644017,-2.710541586528305,-2.950187180000408,-1.761354580537719,-1.469916350044238,-2.5767596924980483,-2.005994839855475,-1.0389903776521112,-1.6437816252839221,0,0
2021-07-14,0.0,-0.027733619326087842,-0.41673981640328905,2.77440018722556,2.403490268777535,-0.7981821403090885,-1.8298229151806087,-0.31987936032990105,-0.07241585164196707,0.9849266281629063,-0.013264532354389624,0.0,-0.028653954990699504,-1.8627803308626436,-2.11802898662313,-0.907197998058147,-0.6063933147535439,-1.7198897118913004,-1.135892319014873,-0.1594251317654387,-0.7729976765224239,0.15829322031539605,1,0
2021-07-15,0.0,-0.3889693624031541,2.802315648174057,2.431615097962832,-0.7701141754801111,-1.8016606707507639,-0.2919582135768264,-0.04417981165304985,1.013260115648249,0.014969311563503007,-0.872065960990934,0.0,-1.8408752558956671,-2.0974858625431585,-0.8819167355765607,-0.5798057685160505,-1.6972098194405427,-1.1108403259246409,-0.1308262140069263,-0.7467213941950761,0.1878808127859496,2.103714471154281,1,1
2021-07-16,0.0,3.2015168576551614,2.8328043729316263,-0.3779458219508448,-1.410817517452007,0.09937639644392293,0.35221302842935875,1.4137369925583094,0.41148321477570127,-0.4773681959866798,-0.5048401454547337,0.0,-0.29343842424167943,0.9827133010715265,1.3084337199409124,0.16510244718922829,0.7864448248879288,1.7971555619646749,1.1557517298396156,2.1148925738585413,4.089846035769973,2.8399099338414926,1,1
2021-07-19,0.0,-0.37862532869480664,-3.467822178115026,-4.474038179068268,-2.9914023084600325,-2.782459915795412,-1.7698193209391793,-2.725074711617768,-3.585653037545007,-3.601942863673125,-5.3664399862824315,0.0,1.3051427876524275,1.6396075849463885,0.4749825151324827,1.111344231828813,2.1421625633546655,1.487003177387224,2.4644676713845284,4.4785695432759525,3.2030016036064235,10.393469756275318,0,1
2021-07-20,0.0,-3.0785292460620997,-4.079757634864935,-2.605841369341178,-2.3934485749198586,-1.3832478233230763,-2.336305155795082,-3.1932581220946927,-3.2107244802823476,-4.97154167448789,-5.16979810701795,0.0,0.31482554568238996,-0.8204233057458427,-0.21453350546772199,0.7849134670058526,0.15385051631949298,1.1047342482322995,3.058134662785959,1.824582697125151,8.820123687844818,10.084426984890642,0,1
2021-07-21,0.0,-1.0244985615410989,0.4720720248217676,0.7273785805766149,1.7828960117527923,0.7862112645031161,-0.09607967180740529,-0.12459558063391768,-1.9692265488443605,-2.224529257672236,-1.0077051060781563,0.0,-1.123091651997437,-0.527189708621995,0.4602511242327538,-0.1622166225092121,0.7780169929934662,2.7080967048020286,1.4901428950923061,8.407479925044107,9.654974645449512,6.95127900988421,0,1
2021-07-22,0.0,1.498115869951252,1.766727412717006,2.8331331125801764,1.8258875845551563,0.9386838623465086,0.9065924100021253,-0.9586092685192293,-1.2319368720766124,0.008608605521031487,0.32099880609517767,0.0,0.6129440332970575,1.6122957111265432,0.9786302768093167,1.9273952298135872,3.8802285912519405,2.644747436767978,9.62431310190334,10.892750229962518,8.158592479868922,-1.3850463001616642,1,1
2021-07-23,0.0,0.25011012968431157,1.304517822171507,0.30900998727894824,-0.5742875983382858,-0.6012581906694621,-2.4432375483030504,-2.691164175043177,-1.4807772113521833,-1.1826546008489882,-2.3046923943970685,0.0,0.9819110263821935,0.36124225532872356,1.294925514584363,3.21395525295036,2.001525396603996,8.870425752372629,10.113629700026157,7.426058586149786,-1.9683604210330237,3.887855554043175,0,1
2021-07-26,0.0,1.0392249867040446,0.058118492463647475,-0.8134608972205446,-0.8392592069318894,-2.6543469457463065,-2.8950266147730366,-1.7047366488401214,-1.4126777629039236,-2.5199613771571836,-1.948319791175618,0.0,-0.6086156611071865,0.31399259936234614,2.205829608053415,1.013255199159624,7.8011329604499675,9.021456334586693,6.370776455099683,-2.9161998998443246,2.867796252507655,1.254403953929411,0,1
2021-07-27,0.0,-0.9641052171591518,-1.8249736120368236,-1.847083628435275,-3.6297031987523685,-3.8510429360648653,-2.692100743902561,-2.4123592702509926,-3.5065785182755556,-2.9531011227568698,-2.00113944824818,0.0,0.9325652995367897,2.847641910999447,1.6387092914062913,8.499554606191131,9.738230460252442,7.055750309544659,-2.328911259492923,3.5192629916996307,1.8876752276454503,1.9400370296493377,0,1
2021-07-28,0.0,-0.8712085193120176,-0.8968041265644017,-2.710541586528305,-2.950187180000408,-1.761354580537719,-1.469916350044238,-2.5767596924980483,-2.005994839855475,-1.0389903776521112,-1.6437816252839221,0.0,1.893845504377399,0.7008785742536641,7.501288716451542,8.721188631220354,6.067305458311944,-3.2379151027111703,2.555736303420108,0.9398008776826372,0.9907644943121008,2.799251361920154,0,1
2021-07-29,0.0,-0.028653954990699504,-1.8627803308626436,-2.11802898662313,-0.907197998058147,-0.6063933147535439,-1.7198897118913004,-1.135892319014873,-0.1594251317654387,-0.7729976765224239,0.15829322031539605,0.0,-1.1559741419245269,5.493996166202243,6.671225999028118,4.085958790224061,-5.01984251822545,0.6396424867409123,-0.9379921655913771,-0.8900243423106975,0.8751818361575261,1.294358817495437,0,1
2021-07-30,0.0,-1.8408752558956671,-2.0974858625431585,-0.8819167355765607,-0.5798057685160505,-1.6972098194405427,-1.1108403259246409,-0.1308262140069263,-0.7467213941950761,0.1878808127859496,2.103714471154281,0.0,6.762572453005561,7.969748453441385,5.334381259346676,-3.9214995443288796,1.8376453754851574,0.23166732850408567,0.2816401757523994,2.0788256729153822,2.5101651965230096,1.4715932302582946,1,1
2021-08-02,0.0,-0.29343842424167943,0.9827133010715265,1.3084337199409124,0.16510244718922829,0.7864448248879288,1.7971555619646749,1.1557517298396156,2.1148925738585413,4.089846035769973,2.8399099338414926,0.0,1.0806138038109947,-1.362457202005153,-10.08528095206564,-4.69233703678572,-6.193158927733151,-6.152634133585042,-4.474561950537196,-4.096486647158265,-5.081325114978309,-4.127867624211657,1,0
2021-08-03,0.0,1.3051427876524275,1.6396075849463885,0.4749825151324827,1.111344231828813,2.1421625633546655,1.487003177387224,2.4644676713845284,4.4785695432759525,3.2030016036064235,10.393469756275318,0.0,-2.3925832182908193,-10.959022199789217,-5.6684622762045205,-7.140286678120092,-7.101572753054907,-5.456161938320474,-5.089555804264115,-6.057741163929035,-5.1248778435089735,-15.787022074332743,1,0
2021-08-04,0.0,0.31482554568238996,-0.8204233057458427,-0.21453350546772199,0.7849134670058526,0.15385051631949298,1.1047342482322995,3.058134662785959,1.824582697125151,8.820123687844818,10.084426984890642,0.0,-8.803482233362876,-3.3532408312936237,-4.870666307771039,-4.828352902658458,-3.1314042988778663,-2.743716358324507,-3.7363532354690348,-2.7695150726263966,-13.762796817867878,-13.814840105010857,1,0
2021-08-05,0.0,-1.123091651997437,-0.527189708621995,0.4602511242327538,-0.1622166225092121,0.7780169929934662,2.7080967048020286,1.4901428950923061,8.407479925044107,9.654974645449512,6.95127900988421,0.0,5.953338192887508,4.29128740006611,4.3469088450135205,6.207751604094153,6.669967071234029,5.604153431985103,6.682742867403298,-5.361379737742029,-5.5215948314153565,-8.280744663349411,1,1
2021-08-06,0.0,0.6129440332970575,1.6122957111265432,0.9786302768093167,1.9273952298135872,3.8802285912519405,2.644747436767978,9.62431310190334,10.892750229962518,8.158592479868922,-1.3850463001616642,0.0,-1.5609137786902518,-1.5140641380770887,0.23229124109679067,0.6445550226550186,-0.36885069542052085,0.6327204043148605,-10.676722546291016,-10.76724110565548,-13.374240417692675,-13.86638764517114,1,0
2021-08-09,0.0,0.9819110263821935,0.36124225532872356,1.294925514584363,3.21395525295036,2.001525396603996,8.870425752372629,10.113629700026157,7.426058586149786,-1.9683604210330237,3.887855554043175,0.0,0.04921356501800407,1.8269826291242723,2.2527797791982884,1.2248884275821048,2.2475067101075124,-9.26357252443774,-9.372734589423327,-12.02162308843208,-12.509207206919143,-11.804355832054412,1,1
2021-08-10,0.0,-0.6086156611071865,0.31399259936234614,2.205829608053415,1.013255199159624,7.8011329604499675,9.021456334586693,6.370776455099683,-2.9161998998443246,2.867796252507655,1.254403953929411,0.0,1.7750706287385962,2.200032470620503,1.173585671985526,2.194558109457423,-9.299104316148583,-9.407575000846162,-12.05259746865112,-12.539855978909024,-11.836468954917677,-10.40606801691291,1,1
2021-08-11,0.0,0.9325652995367897,2.847641910999447,1.6387092914062913,8.499554606191131,9.738230460252442,7.055750309544659,-2.328911259492923,3.5192629916996307,1.8876752276454503,1.9400370296493377,0.0,0.40980459731693547,-0.6002886258390148,0.39702939668576087,-10.869630024029554,-10.957328472628085,-13.555133490133011,-14.047359446208766,-13.371950858756172,-11.970884462966046,-10.982671122929325,1,0
2021-08-12,0.0,1.893845504377399,0.7008785742536641,7.501288716451542,8.721188631220354,6.067305458311944,-3.2379151027111703,2.555736303420108,0.9398008776826372,0.9907644943121008,2.799251361920154,0.0,-1.0024869748769807,-0.014390999724988807,-11.186040824092553,-11.268665893450471,-13.845732482168724,-14.337201847587215,-13.670765728536765,-12.281766364696468,-11.302541169693264,-11.917933172566185,1,0
2021-08-13,0.0,-1.1559741419245269,5.493996166202243,6.671225999028118,4.085958790224061,-5.01984251822545,0.6396424867409123,-0.9379921655913771,-0.8900243423106975,0.8751818361575261,1.294358817495437,0.0,0.9991336140788677,-10.27450962318039,-10.368654323762186,-12.966346429535196,-13.453871374170946,-12.773211121596702,-11.370904427136251,-10.3811128788452,-11.007655088086342,-10.336546286978622,1,0
2021-08-16,0.0,6.762572453005561,7.969748453441385,5.334381259346676,-3.9214995443288796,1.8376453754851574,0.23166732850408567,0.2816401757523994,2.0788256729153822,2.5101651965230096,1.4715932302582946,0.0,-11.126262158526767,-11.208703757796226,-13.775259322728916,-14.26461275407756,-13.600769108899742,-12.21740405330201,-11.242134213679877,-11.855104247951365,-11.201025734560107,-14.197407719804438,1,0
2021-08-17,0.0,1.0806138038109947,-1.362457202005153,-10.08528095206564,-4.69233703678572,-6.193158927733151,-6.152634133585042,-4.474561950537196,-4.096486647158265,-5.081325114978309,-4.127867624211657,0.0,-0.22914511324016185,-3.124450869836572,-3.577711416322206,-2.7173678035529156,-1.1293427287363902,0.005067808380966099,-0.7644666432412875,0.0890860007468035,-3.254322963980327,-1.92162945813248,0,0
2021-08-18,0.0,-2.3925832182908193,-10.959022199789217,-5.6684622762045205,-7.140286678120092,-7.101572753054907,-5.456161938320474,-5.089555804264115,-6.057741163929035,-5.1248778435089735,-15.787022074332743,0.0,-2.933267369052081,-3.390623863568588,-2.5169156018913412,-0.9075556852150777,0.2423684400077466,-0.5387151277785835,0.32819212735669057,-3.0583659936289953,-1.7083870402836545,-6.860160160237022,0,0
2021-08-19,0.0,-8.803482233362876,-3.3532408312936237,-4.870666307771039,-4.828352902658458,-3.1314042988778663,-2.743716358324507,-3.7363532354690348,-2.7695150726263966,-13.762796817867878,-13.814840105010857,0.0,-0.44599690048723306,0.4788844283678795,2.139323621499318,3.329288255686609,2.5077012416418016,3.426619636659779,-0.04446326256938926,1.340327254984849,-3.959299568997535,-2.042193123031884,0,1
2021-08-20,0.0,5.953338192887508,4.29128740006611,4.3469088450135205,6.207751604094153,6.669967071234029,5.604153431985103,6.682742867403298,-5.361379737742029,-5.5215948314153565,-8.280744663349411,0.0,0.9252764165311913,2.58029527439003,3.7668914372089315,2.945697943976488,3.865184390610837,0.40877659060925287,1.7878763129765498,-3.4921699522381826,-1.580809036592674,-0.474349415179663,1,1
2021-08-23,0.0,-1.5609137786902518,-1.5140641380770887,0.23229124109679067,0.6445550226550186,-0.36885069542052085,0.6327204043148605,-10.676722546291016,-10.76724110565548,-13.374240417692675,-13.86638764517114,0.0,1.6247523888956408,2.7886020196780223,1.9870667666799127,2.8825032799839274,-0.5174759173412982,0.838776345274837,-4.34933436323933,-2.4739674010799604,-1.3865247924395525,-1.153628009029566,0,1
2021-08-24,0.0,0.04921356501800407,1.8269826291242723,2.2527797791982884,1.2248884275821048,2.2475067101075124,-9.26357252443774,-9.372734589423327,-12.02162308843208,-12.509207206919143,-11.804355832054412,0.0,1.140014907273469,0.3617732603858661,1.2275889296368403,-2.1200258699046435,-0.7852442111330606,-5.883407414859358,-4.0453118214289,-2.9762867067227496,-2.7419699938595152,-4.216311852286794,1,0
2021-08-25,0.0,1.7750706287385962,2.200032470620503,1.173585671985526,2.194558109457423,-9.299104316148583,-9.407575000846162,-12.05259746865112,-12.539855978909024,-11.836468954917677,-10.40606801691291,0.0,-0.7612329562601038,0.08310032275076906,-3.22438952782443,-1.906015314320941,-6.936025853179891,-5.125846150308533,-4.070805567388,-3.835785106606015,-5.2888250170799225,-4.5576815320717525,1,0
2021-08-26,0.0,0.40980459731693547,-0.6002886258390148,0.39702939668576087,-10.869630024029554,-10.957328472628085,-13.555133490133011,-14.047359446208766,-13.371950858756172,-11.970884462966046,-10.982671122929325,0.0,0.8626293033322505,-2.4865572206953983,-1.1512810685994825,-6.249558361850862,-4.412503603166371,-3.3433554677842316,-3.1077923456307017,-4.581651842872269,-3.84413871704804,-6.118806274036304,0,0
2021-08-27,0.0,-1.0024869748769807,-0.014390999724988807,-11.186040824092553,-11.268665893450471,-13.845732482168724,-14.337201847587215,-13.670765728536765,-12.281766364696468,-11.302541169693264,-11.917933172566185,0.0,-3.2954488877911197,-1.9819041773750126,-6.993086555663468,-5.189928075224778,-4.138814205467612,-3.9043919340864455,-5.35187597922178,-4.623091356608882,-6.852257838808619,-2.7667650958730463,0,0
2021-08-30,0.0,0.9991336140788677,-10.27450962318039,-10.368654323762186,-12.966346429535196,-13.453871374170946,-12.773211121596702,-11.370904427136251,-10.3811128788452,-11.007655088086342,-10.336546286978622,0.0,1.3477077897578134,-3.81021249796963,-1.9442397355118035,-0.8632642355588855,-0.6334650444400716,-2.128104255209702,-1.3934001036610861,-3.714305508730307,0.4992835317805102,-0.5874733121849516,0,0
2021-08-31,0.0,-11.126262158526767,-11.208703757796226,-13.775259322728916,-14.26461275407756,-13.600769108899742,-12.21740405330201,-11.242134213679877,-11.855104247951365,-11.201025734560107,-14.197407719804438,0.0,-5.0965298334872955,-3.2567026647797688,-2.1882325805424334,-1.9566528366493257,-3.4316276083657593,-2.6996061870448353,-4.98248480515581,-0.8223739866389232,-1.8885479105676735,-1.740633741550872,0,0
2021-09-01,0.0,-0.22914511324016185,-3.124450869836572,-3.577711416322206,-2.7173678035529156,-1.1293427287363902,0.005067808380966099,-0.7644666432412875,0.0890860007468035,-3.254322963980327,-1.92162945813248,0.0,1.95325413267163,3.0769301114564,3.302591388034634,1.741845099053982,2.4882542013017943,0.042393601043774654,4.4365168063896725,3.282982687833735,3.4834664342853374,4.3542471301934835,0,1
2021-09-02,0.0,-2.933267369052081,-3.390623863568588,-2.5169156018913412,-0.9075556852150777,0.2423684400077466,-0.5387151277785835,0.32819212735669057,-3.0583659936289953,-1.7083870402836545,-6.860160160237022,0.0,1.099723860671785,1.3269315226498086,-0.1971473372036595,0.5416809069313617,-1.8360388207357687,2.457642737873244,1.3401681785661432,1.5204096900617723,2.3750596473530505,3.1892729869221235,0,1
2021-09-03,0.0,-0.44599690048723306,0.4788844283678795,2.139323621499318,3.329288255686609,2.5077012416418016,3.426619636659779,-0.04446326256938926,1.340327254984849,-3.959299568997535,-2.042193123031884,0.0,0.22850548329948206,-1.27806487528468,-0.5420432031606879,-2.886353630166186,1.3595956489343957,0.2600712219382033,0.42937830565973034,1.2766794044403156,2.0920819361247216,1.0307576550231792,1,1
2021-09-07,0.0,0.9252764165311913,2.58029527439003,3.7668914372089315,2.945697943976488,3.865184390610837,0.40877659060925287,1.7878763129765498,-3.4921699522381826,-1.580809036592674,-0.474349415179663,0.0,-1.5079436598031999,-0.7700515248570968,-3.115212090369704,1.1349439522714704,0.03549680272056843,0.20308662122157073,1.0516814611977676,1.870053379182549,0.811358101423215,-0.44439619691060184,1,0
2021-09-08,0.0,1.6247523888956408,2.7886020196780223,1.9870667666799127,2.8825032799839274,-0.5174759173412982,0.838776345274837,-4.34933436323933,-2.4739674010799604,-1.3865247924395525,-1.153628009029566,0.0,0.7431330345526816,-1.6529094235671282,2.6715497315120924,1.5450516946600015,1.728222415672512,2.588604055209628,3.406776398031041,2.304871074592587,1.0269793386444892,0.8999154103035489,1,1
2021-09-09,0.0,1.140014907273469,0.3617732603858661,1.2275889296368403,-2.1200258699046435,-0.7852442111330606,-5.883407414859358,-4.0453118214289,-2.9762867067227496,-2.7419699938595152,-4.216311852286794,0.0,-2.3835682542202776,1.9270316765362194,0.8079430568779824,0.984388282742206,1.8434918113534327,2.6660809086279333,1.5796925337530943,0.30598541840608284,0.1724434915273183,0.11242313008359561,0,1
2021-09-10,0.0,-0.7612329562601038,0.08310032275076906,-3.22438952782443,-1.906015314320941,-6.936025853179891,-5.125846150308533,-4.070805567388,-3.835785106606015,-5.2888250170799225,-4.5576815320717525,0.0,4.456670878496143,3.286938862923452,3.4899177439810516,4.373179898360251,5.200074063350032,4.036738518125746,2.71957138430079,2.604559254455806,2.572027875439745,1.6988630010154082,0,1
2021-09-13,0.0,0.8626293033322505,-2.4865572206953983,-1.1512810685994825,-6.249558361850862,-4.412503603166371,-3.3433554677842316,-3.1077923456307017,-4.581651842872269,-3.84413871704804,-6.118806274036304,0.0,-1.092925036931974,-0.9348974616918677,-0.08453744857441983,0.7441864149730343,-0.2953946691808156,-1.5502498874757058,-1.6996041271278228,-1.7814953623173078,-2.6217810296034427,-0.732964800611911,0,0
2021-09-14,0.0,-3.2954488877911197,-1.9819041773750126,-6.993086555663468,-5.189928075224778,-4.138814205467612,-3.9043919340864455,-5.35187597922178,-4.623091356608882,-6.852257838808619,-2.7667650958730463,0.0,0.1701260213285366,1.0331683869990882,1.8657499846770391,0.7897120944474556,-0.4873093898606198,-0.6288274289652767,-0.6987641016965376,-1.551673893295445,0.36607971449116006,-0.3956666488276799,0,0
2021-09-15,0.0,1.3477077897578134,-3.81021249796963,-1.9442397355118035,-0.8632642355588855,-0.6334650444400716,-2.128104255209702,-1.3934001036610861,-3.714305508730307,0.4992835317805102,-0.5874733121849516,0.0,0.8546103746617847,1.68033757789429,0.6179671087114267,-0.6460581827454113,-0.7877086983065724,-0.8589457561286322,-1.703508698628565,0.19539277461322446,-0.5552799008004987,-1.3512485200307132,0,0
2021-09-16,0.0,-5.0965298334872955,-3.2567026647797688,-2.1882325805424334,-1.9566528366493257,-3.4316276083657593,-2.6996061870448353,-4.98248480515581,-0.8223739866389232,-1.8885479105676735,-1.740633741550872,0.0,0.8277235534736656,-0.2129903634571666,-1.4675637146882008,-1.6160934078418296,-1.6969542372060613,-2.5368835850880918,-0.6488259699749221,-1.3771200682552012,-2.168855263277855,-2.8977238564347836,0,0
2021-09-17,0.0,1.95325413267163,3.0769301114564,3.302591388034634,1.741845099053982,2.4882542013017943,0.042393601043774654,4.4365168063896725,3.282982687833735,3.4834664342853374,4.3542471301934835,0.0,-1.0275179736488664,-2.2824765120515855,-2.4388761251814675,-2.5297722918313053,-3.3716171062010285,-1.4796725602215512,-2.1916658699168385,-2.985338004764346,-3.705112191777483,-1.7071711064196409,1,0
2021-09-20,0.0,1.099723860671785,1.3269315226498086,-0.1971473372036595,0.5416809069313617,-1.8360388207357687,2.457642737873244,1.3401681785661432,1.5204096900617723,2.3750596473530505,3.1892729869221235,0.0,-1.2909755506248306,-1.4417094114392206,-1.522222654771696,-2.386077003630385,-0.4441262373385213,-1.1979989129050521,-2.012250966355706,-2.7647756282348177,-0.6988615329092116,0.542345842132994,1,0
2021-09-21,0.0,0.22850548329948206,-1.27806487528468,-0.5420432031606879,-2.886353630166186,1.3595956489343957,0.2600712219382033,0.42937830565973034,1.2766794044403156,2.0920819361247216,1.0307576550231792,0.0,-0.1403704548973902,-0.20596909827772758,-1.0798882781193295,0.885362259039463,0.09380124671428641,-0.7297262928882923,-1.508328785753769,0.6012089014284331,1.842676384400587,1.9336450080495282,1,0
2021-09-22,0.0,-1.5079436598031999,-0.7700515248570968,-3.115212090369704,1.1349439522714704,0.03549680272056843,0.20308662122157073,1.0516814611977676,1.870053379182549,0.811358101423215,-0.44439619691060184,0.0,-0.06338089438364247,-0.9300586275282292,1.0189786772595757,0.2309240532946154,-0.5857572651244516,-1.3597362287378778,0.7343864879023063,1.964067167989862,2.0557371484357456,-0.5350418604043297,0,1
2021-09-23,0.0,0.7431330345526816,-1.6529094235671282,2.6715497315120924,1.5450516946600015,1.728222415672512,2.588604055209628,3.406776398031041,2.304871074592587,1.0269793386444892,0.8999154103035489,0.0,-0.8567319388681658,1.069970316069031,0.28960164691132984,-0.5176976945818166,-1.283607658723938,0.787401756636984,2.0023039112037666,2.0935690448088784,-0.4675013290048624,-0.40020848929125274,1,1
2021-09-24,0.0,-2.3835682542202776,1.9270316765362194,0.8079430568779824,0.984388282742206,1.8434918113534327,2.6660809086279333,1.5796925337530943,0.30598541840608284,0.1724434915273183,0.11242313008359561,0.0,1.9380963534311442,1.134619784897267,0.32286520026131305,-0.4585815050527189,1.6368368215080396,2.8494767447609317,2.950160336424069,0.374212883166376,0.4489998959749216,-0.22089040346163924,1,1
2021-09-27,0.0,4.456670878496143,3.286938862923452,3.4899177439810516,4.373179898360251,5.200074063350032,4.036738518125746,2.71957138430079,2.604559254455806,2.572027875439745,1.6988630010154082,0.0,-0.7515301174800029,-1.552956648697737,-2.299361997824602,-0.2594082796441841,0.957702411398234,1.0373213211595849,-1.5042025085910615,-1.4461739175973904,-2.1015098462392823,-3.168917400519455,1,0
2021-09-28,0.0,-1.092925036931974,-0.9348974616918677,-0.08453744857441983,0.7441864149730343,-0.2953946691808156,-1.5502498874757058,-1.6996041271278228,-1.7814953623173078,-2.6217810296034427,-0.732964800611911,0.0,-0.8231975041716293,-1.6002306336980214,0.5070186831451546,1.7489854965041411,1.8389265991652466,-0.7723187368016996,-0.7061945896855741,-1.3818203608417758,-2.485195069995014,-3.5755998847300168,0,0
2021-09-29,0.0,0.1701260213285366,1.0331683869990882,1.8657499846770391,0.7897120944474556,-0.4873093898606198,-0.6288274289652767,-0.6987641016965376,-1.551673893295445,0.36607971449116006,-0.3956666488276799,0.0,-0.7921148721701656,1.3386785683711764,2.5782201631169346,2.6773683703455236,0.051997501679926575,0.12544857047295344,-0.5563095475757531,-1.6728165198979177,-2.7725388315779034,-2.6950570766240665,0,1
2021-09-30,0.0,0.8546103746617847,1.68033757789429,0.6179671087114267,-0.6460581827454113,-0.7877086983065724,-0.8589457561286322,-1.703508698628565,0.19539277461322446,-0.5552799008004987,-1.3512485200307132,0.0,2.1831905635090063,3.437195632697407,3.5468411267926916,0.8716985616208832,0.953429078008698,0.2562979052447012,-0.8884547753620025,-2.012404184673178,-1.9308877488451066,-0.08912684109635549,0,1
2021-10-01,0.0,0.8277235534736656,-0.2129903634571666,-1.4675637146882008,-1.6160934078418296,-1.6969542372060613,-2.5368835850880918,-0.6488259699749221,-1.3771200682552012,-2.168855263277855,-2.8977238564347836,0.0,1.2410013943621712,1.3251636727607414,-1.2723546995632422,-1.2108185710314257,-1.8813852080437925,-2.9746009703487197,-4.0571934186237515,-3.984682344368741,-2.238422520103378,-2.0769574192907783,0,0
2021-10-04,0.0,-1.0275179736488664,-2.2824765120515855,-2.4388761251814675,-2.5297722918313053,-3.3716171062010285,-1.4796725602215512,-2.1916658699168385,-2.985338004764346,-3.705112191777483,-1.7071711064196409,0.0,0.0711423107619995,-2.5330209159739123,-2.4819046075222615,-3.1504264642657684,-4.235566660501917,-5.315739580923914,-5.246983632535448,-3.521217183410826,-3.3692193395883123,-4.411545656443473,0,0
2021-10-05,0.0,-1.2909755506248306,-1.4417094114392206,-1.522222654771696,-2.386077003630385,-0.4441262373385213,-1.1979989129050521,-2.012250966355706,-2.7647756282348177,-0.6988615329092116,0.542345842132994,0.0,-2.5755167628319255,-2.525554607034942,-3.186512146316228,-4.259107157932518,-5.327107545065885,-5.259328431171504,-3.553942550423644,-3.404169584652153,-4.435158801537429,-5.768239466947083,0,0
2021-10-06,0.0,-0.1403704548973902,-0.20596909827772758,-1.0798882781193295,0.885362259039463,0.09380124671428641,-0.7297262928882923,-1.508328785753769,0.6012089014284331,1.842676384400587,1.9336450080495282,0.0,0.07291326200518056,-0.6077520238315408,-1.7222746025091018,-2.820270296482809,-2.7430578258368126,-0.9550075883378801,-0.7819445312296198,-1.826647505075076,-3.1692200283129504,-2.500386998335853,0,0
2021-10-07,0.0,-0.06338089438364247,-0.9300586275282292,1.0189786772595757,0.2309240532946154,-0.5857572651244516,-1.3597362287378778,0.7343864879023063,1.964067167989862,2.0557371484357456,-0.5350418604043297,0.0,-0.6744373255762601,-1.7784934857965808,-2.8664926907140433,-2.7901869847176037,-1.0193567218170265,-0.8483857979776812,-1.8839900149760125,-3.2150957915405387,-2.55251855506373,-2.4862120633354703,1,0
2021-10-08,0.0,-0.8567319388681658,1.069970316069031,0.28960164691132984,-0.5176976945818166,-1.283607658723938,0.787401756636984,2.0023039112037666,2.0935690448088784,-0.4675013290048624,-0.40020848929125274,0.0,-1.1183696397243068,-2.217504032161488,-2.1384946473237685,-0.34066276161762643,-0.16306901042052502,-1.2053801063566458,-2.542972534476108,-1.872042973522396,-1.8030519753708285,-2.8564145838084616,1,0
2021-10-11,0.0,1.9380963534311442,1.134619784897267,0.32286520026131305,-0.4585815050527189,1.6368368215080396,2.8494767447609317,2.950160336424069,0.374212883166376,0.4489998959749216,-0.22089040346163924,0.0,-1.122090372000793,-1.0381945946460285,0.8121289064466959,1.0016338322260077,-0.05589550605339921,-1.4094121907862762,-0.7218254517084821,-0.648017320435653,-1.722016414408797,-3.758492978766903,1,0
2021-10-12,0.0,-0.7515301174800029,-1.552956648697737,-2.299361997824602,-0.2594082796441841,0.957702411398234,1.0373213211595849,-1.5042025085910615,-1.4461739175973904,-2.1015098462392823,-3.168917400519455,0.0,0.08849416726998394,1.9838704238458011,2.1846531604591397,1.1164478464081862,-0.2471096416038514,0.45431394993479746,0.5326960324329653,-0.5574284212295417,-2.616419061207936,-6.624680457583769,0,1
2021-10-13,0.0,-0.8231975041716293,-1.6002306336980214,0.5070186831451546,1.7489854965041411,1.8389265991652466,-0.7723187368016996,-0.7061945896855741,-1.3818203608417758,-2.485195069995014,-3.5755998847300168,0.0,1.88649487556239,2.085827279635459,1.0214748667112619,-0.33744535804866427,0.3609136024954651,0.43871608467450507,-0.6470667602321112,-2.698479221681218,-6.6913073382073875,-7.598850452568115,0,1
2021-10-14,0.0,-0.7921148721701656,1.3386785683711764,2.5782201631169346,2.6773683703455236,0.051997501679926575,0.12544857047295344,-0.5563095475757531,-1.6728165198979177,-2.7725388315779034,-2.6950570766240665,0.0,0.17883361233388495,-0.8547964674733868,-2.1801966176176526,-1.5128529152255576,-1.4433248427119807,-2.489448302899632,-4.478568235835374,-8.336326820273158,-9.202912294963728,-9.257196773124294,1,0
2021-10-15,0.0,2.1831905635090063,3.437195632697407,3.5468411267926916,0.8716985616208832,0.953429078008698,0.2562979052447012,-0.8884547753620025,-2.012404184673178,-1.9308877488451066,-0.08912684109635549,0.0,-1.0247560976169159,-2.339325035474535,-1.6787529882348906,-1.6104006052538111,-2.646744221134944,-4.6184914588987045,-8.441227652843217,-9.298956101094335,-9.354516107746552,-9.72672648785655,1,0
2021-10-18,0.0,1.2410013943621712,1.3251636727607414,-1.2723546995632422,-1.2108185710314257,-1.8813852080437925,-2.9746009703487197,-4.0571934186237515,-3.984682344368741,-2.238422520103378,-2.0769574192907783,0.0,-1.3160374187493207,-0.6470853062428494,-0.5751343517042077,-1.6197721635168387,-3.600201354211894,-7.447480991150833,-8.316460296245683,-8.362115035317304,-8.734840527770803,-6.612816744616819,0,0
2021-10-19,0.0,0.0711423107619995,-2.5330209159739123,-2.4819046075222615,-3.1504264642657684,-4.235566660501917,-5.315739580923914,-5.246983632535448,-3.521217183410826,-3.3692193395883123,-4.411545656443473,0.0,0.677682330303092,0.7540307141668003,-0.29809568381512896,-2.2836921355353406,-6.150854085211001,-7.031642114628309,-7.064458673942551,-7.436722037707243,-5.299961568083949,-6.806744348341974,0,0
2021-10-20,0.0,-2.5755167628319255,-2.525554607034942,-3.186512146316228,-4.259107157932518,-5.327107545065885,-5.259328431171504,-3.553942550423644,-3.404169584652153,-4.435158801537429,-5.768239466947083,0.0,0.07355020753450592,-0.9669831067668372,-2.9352530881069656,-6.763684426516283,-7.631954486749494,-7.6710467662656425,-8.040788283042133,-5.927332581109302,-7.42105632870776,-9.515771005681236,0,0
2021-10-21,0.0,0.07291326200518056,-0.6077520238315408,-1.7222746025091018,-2.820270296482809,-2.7430578258368126,-0.9550075883378801,-0.7819445312296198,-1.826647505075076,-3.1692200283129504,-2.500386998335853,0.0,-1.03658653578884,-2.9978870278880168,-6.812220001307378,-7.676890067934414,-7.716557580793369,-8.085068887798437,-5.9796034785727175,-7.46804777657385,-9.555457223744721,-6.1233765300067144,0,0
2021-10-22,0.0,-0.6744373255762601,-1.7784934857965808,-2.8664926907140433,-2.7901869847176037,-1.0193567218170265,-0.8483857979776812,-1.8839900149760125,-3.2150957915405387,-2.55251855506373,-2.4862120633354703,0.0,-1.9790153825903867,-5.835565864117199,-6.71557264222271,-6.7453769682797216,-7.116085029581805,-4.984345119955868,-6.486094313679058,-8.590753694593586,-5.114464476650873,-4.052504593101772,0,0
2021-10-25,0.0,-1.1183696397243068,-2.217504032161488,-2.1384946473237685,-0.34066276161762643,-0.16306901042052502,-1.2053801063566458,-2.542972534476108,-1.872042973522396,-1.8030519753708285,-2.8564145838084616,0.0,-3.911790057568935,-4.815404285918642,-4.825978412327488,-5.198405448524402,-3.030462710132765,-4.547674983319629,-6.671311353420348,-3.1333577349770563,-2.047493317018684,-4.928836888050271,0,0
2021-10-26,0.0,-1.122090372000793,-1.0381945946460285,0.8121289064466959,1.0016338322260077,-0.05589550605339921,-1.4094121907862762,-0.7218254517084821,-0.648017320435653,-1.722016414408797,-3.758492978766903,0.0,-0.9591493557868829,-0.9303951521630496,-1.3092929155784154,0.9500059995083555,-0.6109061782465014,-2.790243930588574,0.9020924577511664,2.0455433599240136,-0.9437283680545145,0.727631697688857,0,1
2021-10-27,0.0,0.08849416726998394,1.9838704238458011,2.1846531604591397,1.1164478464081862,-0.2471096416038514,0.45431394993479746,0.5326960324329653,-0.5574284212295417,-2.616419061207936,-6.624680457583769,0.0,0.03874936201166135,-0.3438629358820414,1.9507835411782382,0.3703064332498598,-1.835019185164939,1.916355884370502,3.0805352313567274,0.04773279695054766,1.7404124197833974,1.8750606741169995,1,1
2021-10-28,0.0,1.88649487556239,2.085827279635459,1.0214748667112619,-0.33744535804866427,0.3609136024954651,0.43871608467450507,-0.6470667602321112,-2.698479221681218,-6.6913073382073875,-7.598850452568115,0.0,-0.3788175397265104,1.8925529676610995,0.32791823413785604,-1.8553536215140856,1.857919462464213,3.0101791555422768,0.008014009578644288,1.6837120825678467,1.8173201982780398,2.987482116116351,1,1
2021-10-29,0.0,0.17883361233388495,-0.8547964674733868,-2.1801966176176526,-1.5128529152255576,-1.4433248427119807,-2.489448302899632,-4.478568235835374,-8.336326820273158,-9.202912294963728,-9.257196773124294,0.0,2.2762380472967343,0.7101201682425906,-1.474708162337558,2.247011749373496,3.4028337950571386,0.39548164654372187,2.072911127074676,2.2035894115338666,3.376118001380549,0.6819724623739245,0,1
2021-11-01,0.0,-1.0247560976169159,-2.339325035474535,-1.6787529882348906,-1.6104006052538111,-2.646744221134944,-4.6184914588987045,-8.441227652843217,-9.298956101094335,-9.354516107746552,-9.72672648785655,0.0,-1.5367489310514861,-3.6836066968961068,-0.06049517043849728,1.0592052729282124,-1.878058018260483,-0.23292113926126357,-0.0868170992049554,1.0563689795228537,-1.5893583372658835,-2.457315074214966,0,0
2021-11-02,0.0,-1.3160374187493207,-0.6470853062428494,-0.5751343517042077,-1.6197721635168387,-3.600201354211894,-7.447480991150833,-8.316460296245683,-8.362115035317304,-8.734840527770803,-6.612816744616819,0.0,-2.1621982862429494,1.510302338053291,2.649109751807386,-0.3214872701037388,1.3375801006408183,1.472470546438965,2.630034817826182,-0.035703276243164384,-0.9139407761670997,-3.6395664974565847,0,1
2021-11-03,0.0,0.677682330303092,0.7540307141668003,-0.29809568381512896,-2.2836921355353406,-6.150854085211001,-7.031642114628309,-7.064458673942551,-7.436722037707243,-5.299961568083949,-6.806744348341974,0.0,3.7382168102054774,4.90278469830218,1.8884226226108605,3.5652805290110323,3.6840921965266955,4.860682097784118,2.16972616896425,1.277945311083829,-1.4811124102441484,-1.6497311750428065,0,1
2021-11-04,0.0,0.07355020753450592,-0.9669831067668372,-2.9352530881069656,-6.763684426516283,-7.631954486749494,-7.6710467662656425,-8.040788283042133,-5.927332581109302,-7.42105632870776,-9.515771005681236,0.0,1.1046980806329982,-1.792572646416659,-0.17001523574457464,-0.026389243501491744,1.1012850228751105,-1.508038900720636,-2.364194251323696,-5.027031055440203,-5.179542088678371,-5.5481974045411375,0,0
2021-11-05,0.0,-1.03658653578884,-2.9978870278880168,-6.812220001307378,-7.676890067934414,-7.716557580793369,-8.085068887798437,-5.9796034785727175,-7.46804777657385,-9.555457223744721,-6.1233765300067144,0.0,-2.8560398230831563,-1.2533020031261168,-1.102836560187771,0.00782040204104617,-2.5712818406370115,-3.4149560445438247,-6.043204437330198,-6.190660036741816,-6.557623816399369,-8.631356248108284,0,0
2021-11-08,0.0,-1.9790153825903867,-5.835565864117199,-6.71557264222271,-6.7453769682797216,-7.116085029581805,-4.984345119955868,-6.486094313679058,-8.590753694593586,-5.114464476650873,-4.052504593101772,0.0,1.6380749874690719,1.7687453386402263,2.9126111571816455,0.2810859032061363,-0.586630838335813,-3.278371857758163,-3.4376645836283988,-3.8051575778959976,-5.942019617448177,-6.371511740175597,0,1
2021-11-09,0.0,-3.911790057568935,-4.815404285918642,-4.825978412327488,-5.198405448524402,-3.030462710132765,-4.547674983319629,-6.671311353420348,-3.1333577349770563,-2.047493317018684,-4.928836888050271,0.0,0.14231161224043842,1.2707459120382685,-1.3389023164449063,-2.1955659556581333,-4.859320779973713,-5.012366087721575,-5.380663258363952,-7.488077095672473,-7.906922308708066,-7.155667017501475,0,0
2021-11-10,0.0,-0.9591493557868829,-0.9303951521630496,-1.3092929155784154,0.9500059995083555,-0.6109061782465014,-2.790243930588574,0.9020924577511664,2.0455433599240136,-0.9437283680545145,0.727631697688857,0.0,1.1360843438603376,-1.4924736291804068,-2.355003264730011,-5.037561083960679,-5.191277520369794,-5.56258664151073,-7.684231886801247,-8.10548273818784,-7.349321169172358,-6.98528863864042,1,0
2021-11-11,0.0,0.03874936201166135,-0.3438629358820414,1.9507835411782382,0.3703064332498598,-1.835019185164939,1.916355884370502,3.0805352313567274,0.04773279695054766,1.7404124197833974,1.8750606741169995,0.0,-2.605724691135449,-3.458088859791226,-6.113439611748658,-6.262393256235506,-6.633163822013406,-8.728245021743925,-9.14091004122988,-8.39552363056946,-8.038374612044763,-9.065865968072943,1,0
2021-11-12,0.0,-0.3788175397265104,1.8925529676610995,0.32791823413785604,-1.8553536215140856,1.857919462464213,3.0101791555422768,0.008014009578644288,1.6837120825678467,1.8173201982780398,2.987482116116351,0.0,-0.8687547948104106,-3.564813084937057,-3.723561948566248,-4.092449595665864,-6.23147997557813,-6.660584746195238,-5.896488785730412,-5.526381790338079,-6.634188179625896,-6.3696480958610255,1,0
2021-11-15,0.0,2.2762380472967343,0.7101201682425906,-1.474708162337558,2.247011749373496,3.4028337950571386,0.39548164654372187,2.072911127074676,2.2035894115338666,3.376118001380549,0.6819724623739245,0.0,-2.716327753622939,-2.878758396337287,-3.2479128247297653,-5.406943816093886,-5.842624784869511,-5.070371860996552,-4.6950036490805385,-5.832525499073306,-5.554313655762184,-6.785822132711588,1,0
2021-11-16,0.0,-1.5367489310514861,-3.6836066968961068,-0.06049517043849728,1.0592052729282124,-1.878058018260483,-0.23292113926126357,-0.0868170992049554,1.0563689795228537,-1.5893583372658835,-2.457315074214966,0.0,-0.1735406686957266,-0.5421118329980706,-2.7565367783123276,-3.2114964589096795,-2.4162312905538825,-2.0255434846606843,-3.2534075917765186,-2.932677953742268,-4.245784440597323,-4.3680558279622215,0,0
2021-11-17,0.0,-2.1621982862429494,1.510302338053291,2.649109751807386,-0.3214872701037388,1.3375801006408183,1.472470546438965,2.630034817826182,-0.035703276243164384,-0.9139407761670997,-3.6395664974565847,0.0,-0.3695866765460519,-2.593902096077958,-3.0514019005469857,-2.25238413803251,-1.8595945423223057,-3.096778795941217,-2.7723974847803046,-4.094505112874755,-4.219315012482909,-2.598653282288593,1,0
2021-11-18,0.0,3.7382168102054774,4.90278469830218,1.8884226226108605,3.5652805290110323,3.6840921965266955,4.860682097784118,2.16972616896425,1.277945311083829,-1.4811124102441484,-1.6497311750428065,0.0,-2.2255246784821585,-2.6843471828456296,-1.8844709473263697,-1.490713576355388,-2.736678725931013,-2.407430359344216,-3.7368860186300954,-3.8659751478489026,-2.239774997539242,-2.5071304672833516,1,0
2021-11-19,0.0,1.1046980806329982,-1.792572646416659,-0.17001523574457464,-0.026389243501491744,1.1012850228751105,-1.508038900720636,-2.364194251323696,-5.027031055440203,-5.179542088678371,-5.5481974045411375,0.0,-0.4772260744022852,0.3457940051204793,0.754311546609371,-0.5736780852363008,-0.20702579428390033,-1.61151861031541,-1.7699164625273802,-0.07323656711886262,-0.3658318333581678,0.31793733390444845,0,0
2021-11-22,0.0,-2.8560398230831563,-1.2533020031261168,-1.102836560187771,0.00782040204104617,-2.5712818406370115,-3.4149560445438247,-6.043204437330198,-6.190660036741816,-6.557623816399369,-8.631356248108284,0.0,0.8304289245873064,1.2433335665887115,-0.10629959518959597,0.2695284908913138,-1.1553148328620635,-1.320528253952784,0.39636241717003706,0.09744420304166912,0.792175482173739,0.9790506388841016,0,0
2021-11-23,0.0,1.6380749874690719,1.7687453386402263,2.9126111571816455,0.2810859032061363,-0.586630838335813,-3.278371857758163,-3.4376645836283988,-3.8051575778959976,-5.942019617448177,-6.371511740175597,0.0,0.4069460011713079,-0.910647418239948,-0.5491575803444475,-1.9444744770098477,-2.0985996659265362,-0.4098721427519183,-0.6990635801063614,-0.020517011009915986,0.1478482672267505,-0.6376763260817884,1,0
2021-11-24,0.0,0.14231161224043842,1.2707459120382685,-1.3389023164449063,-2.1955659556581333,-4.859320779973713,-5.012366087721575,-5.380663258363952,-7.488077095672473,-7.906922308708066,-7.155667017501475,0.0,-1.3000728761364035,-0.9460852672930665,-2.324987360997454,-2.4734969053395357,-0.8009571423292243,-1.0849939982659258,-0.41531708371855824,-0.25619423493570725,-1.0379955994609915,-2.596243606789356,0,0
2021-11-26,0.0,1.1360843438603376,-1.4924736291804068,-2.355003264730011,-5.037561083960679,-5.191277520369794,-5.56258664151073,-7.684231886801247,-8.10548273818784,-7.349321169172358,-6.98528863864042,0.0,0.3848995799478858,-1.0709915102363008,-1.2408371495867676,0.5124664966847561,0.20655906324901485,0.9166695434177646,1.1095879359578267,0.30306460572872806,-1.3228215927656766,-1.3748302814202888,0,0
2021-11-29,0.0,-2.605724691135449,-3.458088859791226,-6.113439611748658,-6.262393256235506,-6.633163822013406,-8.728245021743925,-9.14091004122988,-8.39552363056946,-8.038374612044763,-9.065865968072943,0.0,-1.42430955792839,-1.5869213657347307,0.1317832388405542,-0.16585250019392817,0.5280260260229513,0.7099809743654979,-0.08419780210286776,-1.6800841516172274,-1.7348442750544346,-1.454837857936334,0,0
2021-11-30,0.0,-0.8687547948104106,-3.564813084937057,-3.723561948566248,-4.092449595665864,-6.23147997557813,-6.660584746195238,-5.896488785730412,-5.526381790338079,-6.634188179625896,-6.3696480958610255,0.0,-0.18560313397368877,1.6127945991311103,1.2924624386771488,2.027346215188926,2.246221392486816,1.4294312089164873,-0.23215580289298843,-0.2744192759087998,0.001316860107503981,1.2318851011273966,0,1
2021-12-01,0.0,-2.716327753622939,-2.878758396337287,-3.2479128247297653,-5.406943816093886,-5.842624784869511,-5.070371860996552,-4.6950036490805385,-5.832525499073306,-5.554313655762184,-6.785822132711588,0.0,1.8259958537022927,1.4996112804320458,2.2469009535608664,2.4727743556691224,1.6452658015017194,-0.04075963588720999,-0.0817505272430088,0.1960125030934945,1.4421829235638368,-0.709804473017182,0,1
2021-12-02,0.0,-0.1735406686957266,-0.5421118329980706,-2.7565367783123276,-3.2114964589096795,-2.4162312905538825,-2.0255434846606843,-3.2534075917765186,-2.932677953742268,-4.245784440597323,-4.3680558279622215,0.0,-0.3011828246697461,0.4020444799542818,0.5840786696170328,-0.22300514842799268,-1.8429868827382467,-1.8999110924288773,-1.6142448277824075,-0.3937689794674496,-2.5073841941998674,0.9136009271713266,0,0
2021-12-03,0.0,-0.3695866765460519,-2.593902096077958,-3.0514019005469857,-2.25238413803251,-1.8595945423223057,-3.096778795941217,-2.7723974847803046,-4.094505112874755,-4.219315012482909,-2.598653282288593,0.0,0.7149540961501848,0.9054815834160679,0.09001176475087425,-1.5510171964609027,-1.6056092755200897,-1.3195212343223555,-0.087237691833701,-2.22027063949444,1.2376103223323973,-0.3539867740706546,0,0
2021-12-06,0.0,-2.2255246784821585,-2.6843471828456296,-1.8844709473263697,-1.490713576355388,-2.736678725931013,-2.407430359344216,-3.7368860186300954,-3.8659751478489026,-2.239774997539242,-2.5071304672833516,0.0,0.172466633962018,-0.6301018732178638,-2.2355624507172704,-2.295954133240672,-2.00858852744543,-0.7938094071586914,-2.898893874041572,0.5012038685249423,-1.0535600788470028,-2.020701912707945,0,0
2021-12-07,0.0,-0.4772260744022852,0.3457940051204793,0.754311546609371,-0.5736780852363008,-0.20702579428390033,-1.61151861031541,-1.7699164625273802,-0.07323656711886262,-0.3658318333581678,0.31793733390444845,0.0,-0.7854809071936393,-2.3545032549584723,-2.415174099169278,-2.1325637571363094,-0.9431810145341986,-3.0048074827990825,0.3221755977872732,-1.1967487855367636,-2.1407780387248008,0.482588943086699,0,0
2021-12-08,0.0,0.8304289245873064,1.2433335665887115,-0.10629959518959597,0.2695284908913138,-1.1553148328620635,-1.320528253952784,0.39636241717003706,0.09744420304166912,0.792175482173739,0.9790506388841016,0.0,-1.5822093341432009,-1.6356884962155067,-1.358951034806389,-0.1697240787648262,-2.2285119170510073,1.107501953120416,-0.4267649974456871,-1.3841523321996507,1.2654204577106414,2.207534391510944,0,1
2021-12-09,0.0,0.4069460011713079,-0.910647418239948,-0.5491575803444475,-1.9444744770098477,-2.0985996659265362,-0.4098721427519183,-0.6990635801063614,-0.020517011009915986,0.1478482672267505,-0.6376763260817884,0.0,-0.039273954698139546,0.22904226662958196,1.4341668882462963,-0.6468081678015233,2.753463150467581,1.1664073622277216,0.16822098789722273,2.9083547476207983,3.8890726308123025,5.257590876492897,0,1
2021-12-10,0.0,-1.3000728761364035,-0.9460852672930665,-2.324987360997454,-2.4734969053395357,-0.8009571423292243,-1.0849939982659258,-0.41531708371855824,-0.25619423493570725,-1.0379955994609915,-2.596243606789356,0.0,0.2655261617276756,1.459428294429713,-0.6020398215035823,2.767039848371523,1.1939871350501614,0.20442296011297767,2.9203655156453783,3.892576003937397,5.248918750044341,4.5738819442490755,0,1
2021-12-13,0.0,0.3848995799478858,-1.0709915102363008,-1.2408371495867676,0.5124664966847561,0.20655906324901485,0.9166695434177646,1.1095879359578267,0.30306460572872806,-1.3228215927656766,-1.3748302814202888,0.0,1.2036867738727195,-0.8755652945168354,2.5178487051885714,0.9372839730824544,-0.055723261755974196,2.673287312533479,3.6491304685352617,5.012647721360918,4.329463947733707,4.302657586085569,0,1
2021-12-14,0.0,-1.42430955792839,-1.5869213657347307,0.1317832388405542,-0.16585250019392817,0.5280260260229513,0.7099809743654979,-0.08419780210286776,-1.6800841516172274,-1.7348442750544346,-1.454837857936334,0.0,-2.0893899472186206,1.299247280661206,-0.2617142547588463,-1.236602095994748,1.4590058490092113,2.418175450904938,3.767937062049363,3.0709485010180515,3.045515402284144,1.8617596692107852,0,1
2021-12-15,0.0,-0.18560313397368877,1.6127945991311103,1.2924624386771488,2.027346215188926,2.246221392486816,1.4294312089164873,-0.23215580289298843,-0.2744192759087998,0.001316860107503981,1.2318851011273966,0.0,3.3857585686431513,1.796265057040031,0.7934756959242262,3.537583273704582,4.522225133048036,5.891176265068824,5.220150391071046,5.192444298193566,4.006273585204322,4.180065080959731,1,1
2021-12-16,0.0,1.8259958537022927,1.4996112804320458,2.2469009535608664,2.4727743556691224,1.6452658015017194,-0.04075963588720999,-0.0817505272430088,0.1960125030934945,1.4421829235638368,-0.709804473017182,0.0,-1.5165744009468372,-2.457570866428671,0.16185778946032675,1.0888937405838433,2.4036285712642,1.7027754835892388,1.679172066219294,0.517314326451451,0.6969858146501062,0.3294576761454211,1,1
