Date,X-11,X-10,X-9,X-8,X-7,X-6,X-5,X-4,X-3,X-2,X-1,X0,Y1,Y2,Y3,Y4,Y5,Y6,Y7,Y8,Y9,Y10,Class (2%),RealClass (2%)
2018-01-16,0.0,0.25336848573460613,-1.3262692798653362,-0.3784751368900461,0.7220465458024938,1.3750365822311665,2.0767170442742313,1.978839651615636,1.1330274630201491,0.8788917671653489,0.913894038059754,0.0,-0.3955281071750556,0.8197888128525443,1.7996799657665294,1.5575789843957213,1.7793233010016012,1.9389617879685601,1.1835203847515405,1.0588828246649022,0.18576295699622491,0.9078039612012836,1,0
2018-01-17,0.0,-1.585943482708017,-0.6372705818759605,0.46513610177495135,1.1180402706280206,1.8211514630125025,1.722673885911167,0.8749055528201426,0.618258035002281,0.6515783565937943,-0.04960101706671027,0.0,1.2080817434062217,2.18437424348165,1.9467699557618163,2.168174807257083,2.326723279712759,1.575624034488361,1.4563823474470117,0.5852889637591983,1.2990438422207817,1.6796927276691682,0,1
2018-01-18,0.0,0.9661211480143935,2.0834001461264013,2.752632851490773,3.4638003575215857,3.3666952046320238,2.5106583636978117,2.2635152883439744,2.308162359351121,1.595823359478418,1.197181036672851,0.0,0.9609390998567626,0.7161088206026773,0.9325887207194523,1.0901745807156464,0.3461231129229576,0.2137507534279659,-0.6400577072943456,0.07959425121133057,0.4557114002125505,1.0249204736755475,1,0
2018-01-19,0.0,1.095788451912836,1.7477281382355585,2.4460566299258124,2.349231623145169,1.5077979203162188,1.257786590377846,1.2951811763704812,0.5975431916471616,0.19604050697378783,1.4460266038709753,0.0,-0.249095908056034,-0.03768096866029913,0.11826609325452364,-0.6160929887318399,-0.7579756382290599,-1.5934785016412967,-0.8732713701485936,-0.5028105944853146,0.05915968228050289,-0.38928637972221924,1,0
2018-01-22,0.0,0.6347199219988056,1.3209301205779804,1.2241158529594192,0.3963189257122042,0.14233791306860644,0.1717768736627323,-0.5116682946283289,-0.9176029109621715,0.3157222429596609,1.3071987847039228,0.0,0.2107812974485476,0.3657246403669742,-0.3644130113351052,-0.5025692018929943,-1.3351304227507552,-0.6216361227181655,-0.25310881850673494,0.3055853951095413,-0.14560738908180682,-2.1726656745992514,0,0
2018-01-23,0.0,0.6761080958767935,0.5797547576707818,-0.23641300850704255,-0.4914539895077462,-0.46666890725529897,-1.1388474737079264,-1.5453905498433316,-0.32731623322213044,0.6482669806689669,0.3966879871190736,0.0,0.1544002060876603,-0.5727506061600318,-0.7128030754111174,-1.5403846070827658,-0.8276335161178429,-0.46077960851818967,0.09566766633529467,-0.3491768524528376,-2.359224363346936,3.44805967014563,0,1
2018-01-24,0.0,-0.09642205685282401,-0.9050256460818772,-1.162652928354547,-1.1426329119390428,-1.806800562525158,-2.216326135423393,-1.0073211119478596,-0.04288097749268038,-0.29789013583941504,-0.08184402317479655,0.0,-0.7265289334183724,-0.8682713093783205,-1.6939879541347957,-0.9802469410321751,-0.613828696046205,-0.05782895881330519,-0.498982723261316,-2.5009012438092197,3.298162461638721,5.264125915979112,0,1
2018-01-25,0.0,-0.8084370058985323,-1.0652998415462829,-1.0446321662658835,-1.7089189709369914,-2.117390079646092,-0.9089531270691782,0.05559032253125862,-0.19853826672570873,0.01765050147385816,0.17699757820292428,0.0,-0.13403241764800744,-0.9702695220797767,-0.259752701045345,0.10947876820036012,0.6687363589877258,0.20920599688073693,-1.8352982828379334,4.014563105097763,5.9902404825740945,4.378574142244554,0,1
2018-01-26,0.0,-0.253507986305646,-0.22710246122681443,-0.9004706965800809,-1.304972292675013,-0.08666362898611979,0.8904756041019017,0.6407188325138566,0.8607431147048157,1.021097224882043,0.2641548293329028,0.0,-0.8284400638813852,-0.12674263850203848,0.2387155897266373,0.7920770213243885,0.3345587220293038,-1.6939255275689584,4.097278602358438,6.051802867840393,4.452237121866346,5.390024851646226,0,1
2018-01-29,0.0,0.02799068537785976,-0.6432574121272407,-1.043563771738183,0.16887570236838445,1.1427577934991242,0.8961867985819443,1.1157874394638587,1.2752784393618177,0.5218818805243037,0.38985774737993095,0.0,0.7032283504720669,1.07466488905956,1.6359230736631916,1.153789122156529,-0.9389824011099481,4.9541277019251435,6.934476098334038,5.280855262351162,6.244302368903149,6.546700639257208,0,1
2018-01-30,0.0,-0.666464525738143,-1.064237342344632,0.13978396102719137,1.1067455212162969,0.861669547271122,1.0796758281173906,1.2380693706868957,0.4899147934727264,0.35847685548066455,-0.501104194758468,0.0,0.37253308133325996,0.9364275589338291,0.46739214143580043,-1.6051910178894007,4.29923770430917,6.290644571660033,4.655782617424734,5.613327083487156,5.907782110904323,6.538020684008286,0,1
2018-01-31,0.0,-0.3955281071750556,0.8197888128525443,1.7996799657665294,1.5575789843957213,1.7793233010016012,1.9389617879685601,1.1835203847515405,1.0588828246649022,0.18576295699622491,0.9078039612012836,0.0,0.5617684420756248,0.10256402243367857,-1.9464512777882943,3.9271293581760816,5.9119499197882135,4.297172775048299,5.245634382339632,5.534065186309302,6.160747166862609,7.15527269808092,0,1
2018-02-01,0.0,1.2080817434062217,2.18437424348165,1.9467699557618163,2.168174807257083,2.326723279712759,1.575624034488361,1.4563823474470117,0.5852889637591983,1.2990438422207817,1.6796927276691682,0.0,-0.4450782674632534,-2.461539970543714,3.3738441893354425,5.351519945928205,3.7646670768029926,4.70080235410723,4.9805866913309815,5.60279502127068,6.585332978352039,7.019088125090485,1,1
2018-02-02,0.0,0.9609390998567626,0.7161088206026773,0.9325887207194523,1.0901745807156464,0.3461231129229576,0.2137507534279659,-0.6400577072943456,0.07959425121133057,0.4557114002125505,1.0249204736755475,0.0,-2.0882846517208007,3.908415284754659,5.935943961254615,4.290654131550779,5.257817982421541,5.550998531746612,6.190740485640495,7.20505603124607,7.6556205695039505,7.821703514783065,0,1
2018-02-05,0.0,-0.249095908056034,-0.03768096866029913,0.11826609325452364,-0.6160929887318399,-0.7579756382290599,-1.5934785016412967,-0.8732713701485936,-0.5028105944853146,0.05915968228050289,-0.38928637972221924,0.0,6.430953657058048,8.580852631006335,6.742482443689926,7.805817212810398,8.148960539703122,8.836719789427994,9.947912059452594,10.455557096673884,10.633448928803515,10.406423359999893,0,1
2018-02-06,0.0,0.2107812974485476,0.3657246403669742,-0.3644130113351052,-0.5025692018929943,-1.3351304227507552,-0.6216361227181655,-0.25310881850673494,0.3055853951095413,-0.14560738908180682,-2.1726656745992514,0.0,2.01716018959881,0.5397560811621305,1.4376982468030362,1.6745079563796161,2.294983449749575,3.2434752482928757,3.640913144565432,3.8031113039939703,3.6284471484200838,4.004591848208737,0,1
2018-02-07,0.0,0.1544002060876603,-0.5727506061600318,-0.7128030754111174,-1.5403846070827658,-0.8276335161178429,-0.46077960851818967,0.09566766633529467,-0.3491768524528376,-2.359224363346936,3.44805967014563,0.0,-1.3807412731163393,-0.5247815983184001,-0.3185187640793933,0.28754250732714803,1.1954156760693757,1.5627812368978298,1.7217998176858265,1.5615715032841664,1.9431579135383534,1.9928823761829602,1,0
2018-02-08,0.0,-0.7265289334183724,-0.8682713093783205,-1.6939879541347957,-0.9802469410321751,-0.613828696046205,-0.05782895881330519,-0.498982723261316,-2.5009012438092197,3.298162461638721,5.264125915979112,0.0,0.9240255648239015,1.162006660818331,1.8047831576398043,2.7819190505905222,3.187534254311024,3.3557345566552783,3.1778341542647457,3.571653803353107,3.625552524721713,4.150493326800726,1,1
2018-02-09,0.0,-0.13403241764800744,-0.9702695220797767,-0.259752701045345,0.10947876820036012,0.6687363589877258,0.20920599688073693,-1.8352982828379334,4.014563105097763,5.9902404825740945,4.378574142244554,0.0,0.21980947408960838,0.8450225928660484,1.7868003953420795,2.171623156831367,2.335501671698183,2.167297579624532,2.5569629590545846,2.608683594096977,3.106305835483915,2.7915803960046803,1,1
2018-02-12,0.0,-0.8284400638813852,-0.12674263850203848,0.2387155897266373,0.7920770213243885,0.3345587220293038,-1.6939255275689584,4.097278602358438,6.051802867840393,4.452237121866346,5.390024851646226,0.0,0.6147337639498258,1.5386707804466493,1.9147385962110737,2.0759353825250284,1.9116984277075049,2.296400815894217,2.347087110884318,2.833288536574963,2.520923003972734,3.762031358751736,1,1
2018-02-13,0.0,0.7032283504720669,1.07466488905956,1.6359230736631916,1.153789122156529,-0.9389824011099481,4.9541277019251435,6.934476098334038,5.280855262351162,6.244302368903149,6.546700639257208,0.0,0.9077459754230519,1.2730945124586408,1.4326580106230655,1.2734996471191171,1.6582778171718005,1.7079221122634665,2.1799831937428067,1.8629386615686059,3.1013517458355873,3.5083184229778555,1,1
2018-02-14,0.0,0.37253308133325996,0.9364275589338291,0.46739214143580043,-1.6051910178894007,4.29923770430917,6.290644571660033,4.655782617424734,5.613327083487156,5.907782110904323,6.538020684008286,0.0,0.34660128013849834,0.5023211025290972,0.3519124124829718,0.7331425840255756,0.78083024312687,1.2282548253784715,0.9075547434693143,2.1303599802963378,2.5383965669820863,2.652733444820787,1,1
2018-02-15,0.0,0.5617684420756248,0.10256402243367857,-1.9464512777882943,3.9271293581760816,5.9119499197882135,4.297172775048299,5.245634382339632,5.534065186309302,6.160747166862609,7.15527269808092,0.0,0.15321023715622123,0.007096826494108921,0.38436082835422236,0.43099034831805294,0.8661545523432757,0.5463240591183969,1.7548371650411168,2.1604369409411275,2.277543437440295,1.51566093424161,1,1
2018-02-16,0.0,-0.4450782674632534,-2.461539970543714,3.3738441893354425,5.351519945928205,3.7646670768029926,4.70080235410723,4.9805866913309815,5.60279502127068,6.585332978352039,7.019088125090485,0.0,-0.14494225213756518,0.23243982249820838,0.2788334644054594,0.7107443199809259,0.3897143353365795,1.5979057316635563,2.0044383227274487,2.123345926284017,1.362152424052125,0.9887166750339071,1,1
2018-02-20,0.0,-2.0882846517208007,3.908415284754659,5.935943961254615,4.290654131550779,5.257817982421541,5.550998531746612,6.190740485640495,7.20505603124607,7.6556205695039505,7.821703514783065,0.0,0.37935117720113554,0.42622691437622706,0.8636395319669237,0.5419880082773081,1.7571542402365874,2.165035780175436,2.282872971750322,1.5168189598079302,1.142236484278887,1.2078642451680002,1,1
2018-02-21,0.0,6.430953657058048,8.580852631006335,6.742482443689926,7.805817212810398,8.148960539703122,8.836719789427994,9.947912059452594,10.455557096673884,10.633448928803515,10.406423359999893,0.0,0.046585754564522366,0.47864786719731356,0.15190396502336911,1.3741116476824546,1.7869724108369127,1.91009729921131,1.140826157729416,0.7614281749368428,0.8261578487938808,0.18731406924253813,1,0
2018-02-22,0.0,2.01716018959881,0.5397560811621305,1.4376982468030362,1.6745079563796161,2.294983449749575,3.2434752482928757,3.640913144565432,3.8031113039939703,3.6284471484200838,4.004591848208737,0.0,0.43069547184925017,0.10386552319809983,1.324924122956225,1.7377153244146317,1.861285338058996,1.0928862695327641,0.7135228262242314,0.7780359341577034,0.1401331005278904,1.1806079084736518,1,0
2018-02-23,0.0,-1.3807412731163393,-0.5247815983184001,-0.3185187640793933,0.28754250732714803,1.1954156760693757,1.5627812368978298,1.7217998176858265,1.5615715032841664,1.9431579135383534,1.9928823761829602,0.0,-0.3252789860510533,0.8768706460435057,1.2861134129730778,1.412776534171955,0.6576051703500287,0.2812407172485193,0.3433648705508432,-0.28162170640876183,0.7362465298094609,0.28709226185660097,0,0
2018-02-26,0.0,0.9240255648239015,1.162006660818331,1.8047831576398043,2.7819190505905222,3.187534254311024,3.3557345566552783,3.1778341542647457,3.571653803353107,3.625552524721713,4.150493326800726,0.0,1.1879140592906956,1.5901725643559268,1.7115716860986665,0.9643441046077275,0.5945984773992052,0.6570319329908314,0.03716238718372655,1.0478595952892655,0.6080161926132337,1.2530647290165997,1,0
2018-02-27,0.0,0.21980947408960838,0.8450225928660484,1.7868003953420795,2.171623156831367,2.335501671698183,2.167297579624532,2.5569629590545846,2.608683594096977,3.106305835483915,2.7915803960046803,0.0,0.4157835122974163,0.5529487870263252,-0.20078108910827108,-0.5836955314946598,-0.5243210050806443,-1.144132181438489,-0.13787002527054643,-0.5986994905484571,0.04842140526940519,0.6575153549865732,1,0
2018-02-28,0.0,0.6147337639498258,1.5386707804466493,1.9147385962110737,2.0759353825250284,1.9116984277075049,2.296400815894217,2.347087110884318,2.833288536574963,2.520923003972734,3.762031358751736,0.0,0.14370234052849096,-0.6173885405506928,-1.0075587353442095,-0.9488771471969103,-1.5728149283686887,-0.5614001665928341,-1.0327929017270638,-0.3806032445345071,0.23547837833695628,-1.011238688408033,1,0
2018-03-01,0.0,0.9077459754230519,1.2730945124586408,1.4326580106230655,1.2734996471191171,1.6582778171718005,1.7079221122634665,2.1799831937428067,1.8629386615686059,3.1013517458355873,3.5083184229778555,0.0,-0.7709846669960303,-1.1674612968050329,-1.1084637203094394,-1.7398360174351875,-0.7169145255462417,-1.1965635808121355,-0.5363350181150808,0.08812017789338622,-1.1727356039942338,-0.9183204953177067,1,0
2018-03-02,0.0,0.34660128013849834,0.5023211025290972,0.3519124124829718,0.7331425840255756,0.78083024312687,1.2282548253784715,0.9075547434693143,2.1303599802963378,2.5383965669820863,2.652733444820787,0.0,-0.3889973764718081,-0.327781332723569,-0.9612029214189522,0.06792006620867008,-0.39932530227958374,0.26163000987783436,0.8826500892165585,-0.3860879065107925,-0.13161734273758263,-0.41132705552203364,1,0
2018-03-05,0.0,0.15321023715622123,0.007096826494108921,0.38436082835422236,0.43099034831805294,0.8661545523432757,0.5463240591183969,1.7548371650411168,2.1604369409411275,2.277543437440295,1.51566093424161,0.0,0.06180116563681526,-0.5673159580624711,0.4562366278059755,-0.0009384556789444609,0.6548258230173478,1.2689280589471008,0.0069401111019995465,0.2593009411458951,-0.01776091789409895,0.3367761938101995,1,0
2018-03-06,0.0,-0.14494225213756518,0.23243982249820838,0.2788334644054594,0.7107443199809259,0.3897143353365795,1.5979057316635563,2.0044383227274487,2.123345926284017,1.362152424052125,0.9887166750339071,0.0,-0.6270450154135605,0.39291001926174335,-0.06385574091978352,0.5898598914096893,1.202368457036791,-0.055165261721459746,0.19642487446316714,-0.07984323150888928,0.2744255955458267,2.8497246242475183,1,1
2018-03-07,0.0,0.37935117720113554,0.42622691437622706,0.8636395319669237,0.5419880082773081,1.7571542402365874,2.165035780175436,2.282872971750322,1.5168189598079302,1.142236484278887,1.2078642451680002,0.0,1.0297085718393848,0.5808570680034539,1.238196226252,1.850769794605202,0.5810195429835385,0.8338228108500281,0.5567595093770743,0.9043873132060178,3.498129750028405,2.7119113099285848,1,1
2018-03-08,0.0,0.046585754564522366,0.47864786719731356,0.15190396502336911,1.3741116476824546,1.7869724108369127,1.91009729921131,1.140826157729416,0.7614281749368428,0.8261578487938808,0.18731406924253813,0.0,-0.4599575862474068,0.1891354834288952,0.7993600504739508,-0.44605637423877353,-0.19613375505673725,-0.47090085707973844,-0.11384740478960853,2.4406784952032226,1.6677520757792141,1.7020586231439405,0,1
2018-03-09,0.0,0.43069547184925017,0.10386552319809983,1.324924122956225,1.7377153244146317,1.861285338058996,1.0928862695327641,0.7135228262242314,0.7780359341577034,0.1401331005278904,1.1806079084736518,0.0,0.6403242235950912,1.2399626119861527,0.007680881883769253,0.25409958568619406,-0.016437770153052922,0.3297394956396871,2.8526875509821914,2.0886973935055164,2.1114493401065175,2.772154961160987,0,1
2018-03-12,0.0,-0.3252789860510533,0.8768706460435057,1.2861134129730778,1.412776534171955,0.6576051703500287,0.2812407172485193,0.3433648705508432,-0.28162170640876183,0.7362465298094609,0.28709226185660097,0.0,0.6006323428920077,-0.6217373148922369,-0.37608397530630033,-0.6463120323686287,-0.29295328899429984,2.216199739173535,1.4572551193894536,1.4955116663672912,2.165534028105106,2.0842319868089016,0,1
2018-03-13,0.0,1.1879140592906956,1.5901725643559268,1.7115716860986665,0.9643441046077275,0.5945984773992052,0.6570319329908314,0.03716238718372655,1.0478595952892655,0.6080161926132337,1.2530647290165997,0.0,-1.2193669474033726,-0.973158684917142,-1.2445001725689468,-0.8825216452205027,1.6266546355920812,0.8685273592714498,0.9216247740402252,1.6039304130266192,1.5073266853798426,1.4274843609035042,0,0
2018-03-14,0.0,0.4157835122974163,0.5529487870263252,-0.20078108910827108,-0.5836955314946598,-0.5243210050806443,-1.144132181438489,-0.13787002527054643,-0.5986994905484571,0.04842140526940519,0.6575153549865732,0.0,0.24972950328410323,-0.024449269091213116,0.3264812341033754,2.8832530808554946,2.1090312603921646,2.1322815227852607,2.8020047692907464,2.7353801807485074,2.633340014472947,2.6038048177906594,0,1
2018-03-15,0.0,0.14370234052849096,-0.6173885405506928,-1.0075587353442095,-0.9488771471969103,-1.5728149283686887,-0.5614001665928341,-1.0327929017270638,-0.3806032445345071,0.23547837833695628,-1.011238688408033,0.0,-0.2741339337719262,0.07974279098945036,2.6317715625045874,1.859330165373052,1.888732936839507,2.5623392273038057,2.489450376815928,2.39175278148921,2.362959636429695,3.0188199698459153,0,1
2018-03-16,0.0,-0.7709846669960303,-1.1674612968050329,-1.1084637203094394,-1.7398360174351875,-0.7169145255462417,-1.1965635808121355,-0.5363350181150808,0.08812017789338622,-1.1727356039942338,-0.9183204953177067,0.0,0.3503464946869719,2.905427608109809,2.1316840902493692,2.154312808305993,2.8230917184594455,2.757136162790653,2.6547571248171478,2.6251742188044824,3.285292787516829,3.127650063592789,0,1
2018-03-19,0.0,-0.3889973764718081,-0.327781332723569,-0.9612029214189522,0.06792006620867008,-0.39932530227958374,0.26163000987783436,0.8826500892165585,-0.3860879065107925,-0.13161734273758263,-0.41132705552203364,0.0,2.5821933227728247,1.800734618658802,1.8325159327311273,2.515764321415255,2.439919919184201,2.342429049334431,2.313520866629542,2.9760972191424937,2.824449755805659,2.973327168896617,0,1
2018-03-20,0.0,0.06180116563681526,-0.5673159580624711,0.4562366278059755,-0.0009384556789444609,0.6548258230173478,1.2689280589471008,0.0069401111019995465,0.2593009411458951,-0.01776091789409895,0.3367761938101995,0.0,-0.7560540631810811,-0.6619855430360051,0.054384159047565106,-0.0844729305304952,-0.13688083175920696,-0.15797097712102204,0.45381031977230224,0.3607678770640925,0.47555637886639435,-0.5045647745715134,0,0
2018-03-21,0.0,-0.6270450154135605,0.39291001926174335,-0.06385574091978352,0.5898598914096893,1.202368457036791,-0.055165261721459746,0.19642487446316714,-0.07984323150888928,0.2744255955458267,2.8497246242475183,0.0,0.07575647015979392,0.7833273331681285,0.6629340345822767,0.5971022937868926,0.573667355077145,1.2013518957788276,1.0908242108473987,1.215868849489497,0.23495319730224873,-0.28984652172017045,1,0
2018-03-22,0.0,1.0297085718393848,0.5808570680034539,1.238196226252,1.850769794605202,0.5810195429835385,0.8338228108500281,0.5567595093770743,0.9043873132060178,3.498129750028405,2.7119113099285848,0.0,0.7268994564155995,0.6014298290808567,0.5353003251941428,0.5115029630398517,1.1538359696603495,1.0422760276465517,1.1694921015336954,0.16314979512415698,-0.3753113453181472,0.5527113936166909,1,0
2018-03-23,0.0,-0.4599575862474068,0.1891354834288952,0.7993600504739508,-0.44605637423877353,-0.19613375505673725,-0.47090085707973844,-0.11384740478960853,2.4406784952032226,1.6677520757792141,1.7020586231439405,0.0,-0.14722691936486365,-0.20119650844670423,-0.22315457919690151,0.4178853826802116,0.321573270989091,0.4412819654565783,-0.5876472411591129,-1.1387547646147531,-0.18122291750153668,-0.2756692894798154,1,0
2018-03-26,0.0,0.6403242235950912,1.2399626119861527,0.007680881883769253,0.25409958568619406,-0.016437770153052922,0.3297394956396871,2.8526875509821914,2.0886973935055164,2.1114493401065175,2.772154961160987,0.0,-0.05509793703386823,-0.07691756281096351,0.5500063066554601,0.452921029317102,0.5713905229306955,-0.43013974236219754,-0.9664665873528958,-0.03606456219591081,-0.12767664189216932,0.18343011270560544,1,0
2018-03-27,0.0,0.6006323428920077,-0.6217373148922369,-0.37608397530630033,-0.6463120323686287,-0.29295328899429984,2.216199739173535,1.4572551193894536,1.4955116663672912,2.165534028105106,2.0842319868089016,0.0,-0.022379289615321207,0.6166939937187896,0.516579899685051,0.6378990599823038,-0.3811605387702709,-0.9268324632545863,0.01920384770510236,-0.07388448097704706,0.24380767428939998,-0.29079918629042956,1,0
2018-03-28,0.0,-1.2193669474033726,-0.973158684917142,-1.2445001725689468,-0.8825216452205027,1.6266546355920812,0.8685273592714498,0.9216247740402252,1.6039304130266192,1.5073266853798426,1.4274843609035042,0.0,0.6413957110574156,0.5404578476102363,0.6624398925673836,-0.3595694869294144,-0.9068040481663198,0.04170957071669132,-0.05159712859379878,0.26747255901184674,-0.2689450100508155,0.3465723512456451,0,0
2018-03-29,0.0,0.24972950328410323,-0.024449269091213116,0.3264812341033754,2.8832530808554946,2.1090312603921646,2.1322815227852607,2.8020047692907464,2.7353801807485074,2.633340014472947,2.6038048177906594,0.0,-0.08489719825368569,0.026917626474002865,-0.9820711244774123,-1.522799968247197,-0.5791560345677726,-0.6726855161742438,-0.37033440836803244,-0.8926444249293513,-0.29449456692487264,-0.7412948734991487,1,0
2018-04-02,0.0,-0.2741339337719262,0.07974279098945036,2.6317715625045874,1.859330165373052,1.888732936839507,2.5623392273038057,2.489450376815928,2.39175278148921,2.362959636429695,3.0188199698459153,0.0,0.11556533506442546,-0.9163555934064216,-1.4693086127194506,-0.5052305049115566,-0.6006875492444971,-0.2896882118040005,-0.8248903493610444,-0.21180850550582342,-0.6694732684281317,-1.0215081429331088,1,0
2018-04-03,0.0,0.3503464946869719,2.905427608109809,2.1316840902493692,2.154312808305993,2.8230917184594455,2.757136162790653,2.6547571248171478,2.6251742188044824,3.285292787516829,3.127650063592789,0.0,-1.01922239141472,-1.5654557760386552,-0.6119281313833358,-0.7064674378852678,-0.40159840747867426,-0.9288905572695259,-0.32508701921249705,-0.7761998098287293,-1.1243920212926246,-1.006036571471859,1,0
2018-04-04,0.0,2.5821933227728247,1.800734618658802,1.8325159327311273,2.515764321415255,2.439919919184201,2.342429049334431,2.313520866629542,2.9760972191424937,2.824449755805659,2.973327168896617,0.0,-0.5384985639108588,0.39125642095677327,0.3001912299291739,0.6214639819778578,0.08924572628098003,0.7006104908487343,0.24715727843473245,-0.0922672796222479,0.036913293572328865,0.3318652352669016,1,0
2018-04-05,0.0,-0.7560540631810811,-0.6619855430360051,0.054384159047565106,-0.0844729305304952,-0.13688083175920696,-0.15797097712102204,0.45381031977230224,0.3607678770640925,0.47555637886639435,-0.5045647745715134,0.0,0.9165963447893668,0.827420287187949,1.1570452839318184,0.6226480720066252,1.2375127034123055,0.7831758305355789,0.4486017129394618,0.5833566803865573,0.8783277019814528,1.076054135132093,0,0
2018-04-06,0.0,0.07575647015979392,0.7833273331681285,0.6629340345822767,0.5971022937868926,0.573667355077145,1.2013518957788276,1.0908242108473987,1.215868849489497,0.23495319730224873,-0.28984652172017045,0.0,-0.09342590679667767,0.22487578027227784,-0.3111921715371275,0.30384468042441837,-0.15362049734373295,-0.5001955613804898,-0.3738770820778847,-0.07589738947689506,0.12991247021877195,0.4894586792325559,0,0
2018-04-09,0.0,0.7268994564155995,0.6014298290808567,0.5353003251941428,0.5115029630398517,1.1538359696603495,1.0422760276465517,1.1694921015336954,0.16314979512415698,-0.3753113453181472,0.5527113936166909,0.0,0.31909785236910704,-0.21620898411655753,0.39813144121786004,-0.0585116788415736,-0.4034879087527865,-0.27645388703734364,0.020891936899229968,0.22565538032050547,0.5835199548966257,0.09313677485507599,0,0
2018-04-10,0.0,-0.14722691936486365,-0.20119650844670423,-0.22315457919690151,0.4178853826802116,0.321573270989091,0.4412819654565783,-0.5876472411591129,-1.1387547646147531,-0.18122291750153668,-0.2756692894798154,0.0,-0.5231241530764973,0.07665172740623732,-0.37016808154712144,-0.7109437855868844,-0.5897525573866254,-0.29847854115244754,-0.09588749505083705,0.25769560026723054,-0.223128589148804,-0.434366195409549,0,0
2018-04-11,0.0,-0.05509793703386823,-0.07691756281096351,0.5500063066554601,0.452921029317102,0.5713905229306955,-0.43013974236219754,-0.9664665873528958,-0.03606456219591081,-0.12767664189216932,0.18343011270560544,0.0,0.6106606835026925,0.15744327073118503,-0.18272682136238538,-0.054503805647327486,0.2403877174342557,0.44207745151548483,0.7949040012478381,0.30888158754382977,0.0881960157216459,0.1742179707692621,0,0
2018-04-12,0.0,-0.022379289615321207,0.6166939937187896,0.516579899685051,0.6378990599823038,-0.3811605387702709,-0.9268324632545863,0.01920384770510236,-0.07388448097704706,0.24380767428939998,-0.29079918629042956,0.0,-0.4450647111763219,-0.7852876774448732,-0.6653313280428059,-0.3751222035867443,-0.17278221088731438,0.1802457365176648,-0.2989313780890822,-0.5084189555847283,-0.424708291370512,-1.1098487422151448,0,0
2018-04-13,0.0,0.6413957110574156,0.5404578476102363,0.6624398925673836,-0.3595694869294144,-0.9068040481663198,0.04170957071669132,-0.05159712859379878,0.26747255901184674,-0.2689450100508155,0.3465723512456451,0.0,-0.3391020032783269,-0.21344010086230125,0.07929388150915906,0.2805115514041412,0.6322684480079962,0.14957483592314236,-0.06749200038317205,0.017654324431881308,-0.6679018887038,-2.4467227982337536,0,0
2018-04-16,0.0,-0.08489719825368569,0.026917626474002865,-0.9820711244774123,-1.522799968247197,-0.5791560345677726,-0.6726855161742438,-0.37033440836803244,-0.8926444249293513,-0.29449456692487264,-0.7412948734991487,0.0,0.12867017178625284,0.4203131009416812,0.6186310294752203,0.9658385112773301,0.4854304865187881,0.2648796308637582,0.3502361244452512,-0.32862971888271686,-2.0987231996034583,-0.4841107689309494,0,0
2018-04-17,0.0,0.11556533506442546,-0.9163555934064216,-1.4693086127194506,-0.5052305049115566,-0.6006875492444971,-0.2896882118040005,-0.8248903493610444,-0.21180850550582342,-0.6694732684281317,-1.0215081429331088,0.0,0.28809375353955413,0.48479880351466614,0.8289868707026519,0.3542440329362798,0.13797590760472023,0.2220972014164806,-0.45004706240079817,-2.1993803495315065,-0.6028048468116021,-0.11491492303988382,0,0
2018-04-18,0.0,-1.01922239141472,-1.5654557760386552,-0.6119281313833358,-0.7064674378852678,-0.40159840747867426,-0.9288905572695259,-0.32508701921249705,-0.7761998098287293,-1.1243920212926246,-1.006036571471859,0.0,0.19762108133082995,0.5429723391426954,0.06996946179976127,-0.14171255781429215,-0.058415259650752116,-0.7309919021261189,-2.4741698730301636,-0.8811829830828213,-0.3958128375356187,-0.7426153686327748,0,0
2018-04-19,0.0,-0.5384985639108588,0.39125642095677327,0.3001912299291739,0.6214639819778578,0.08924572628098003,0.7006104908487343,0.24715727843473245,-0.0922672796222479,0.036913293572328865,0.3318652352669016,0.0,0.3483445184997733,-0.12644981440577963,-0.33629688697644866,-0.2530425384918311,-0.9301792653690956,-2.6801373640107053,-1.0795443176280204,-0.5928444023358945,-0.9395432611869703,0.13179907975012117,0,0
2018-04-20,0.0,0.9165963447893668,0.827420287187949,1.1570452839318184,0.6226480720066252,1.2375127034123055,0.7831758305355789,0.4486017129394618,0.5833566803865573,0.8783277019814528,1.076054135132093,0.0,-0.4772253823380081,-0.6834532348121143,-0.6004106675145644,-1.2845975036486368,-3.043832630874079,-1.4322442661421566,-0.9439575958840976,-1.28990887416069,-0.2123465967048901,-0.15774458115711465,0,0
2018-04-23,0.0,-0.09342590679667767,0.22487578027227784,-0.3111921715371275,0.30384468042441837,-0.15362049734373295,-0.5001955613804898,-0.3738770820778847,-0.07589738947689506,0.12991247021877195,0.4894586792325559,0.0,-0.21362083671307386,-0.1293157238089675,-0.8117993031361095,-2.5788370360999515,-0.9635376057945655,-0.47172519972492655,-0.8227507953415176,0.25885077241096677,0.319760996551715,0.604903851159041,0,0
2018-04-24,0.0,0.31909785236910704,-0.21620898411655753,0.39813144121786004,-0.0585116788415736,-0.4034879087527865,-0.27645388703734364,0.020891936899229968,0.22565538032050547,0.5835199548966257,0.09313677485507599,0.0,0.08603249352028736,-0.604939683872778,-2.3995836776406287,-0.7606253951680372,-0.2605054251134703,-0.6186392493536073,0.47952057727166,0.5441656007429312,0.8345612387397852,1.6284193091018837,0,0
2018-04-25,0.0,-0.5231241530764973,0.07665172740623732,-0.37016808154712144,-0.7109437855868844,-0.5897525573866254,-0.29847854115244754,-0.09588749505083705,0.25769560026723054,-0.223128589148804,-0.434366195409549,0.0,-0.6900086394400371,-2.4799213579934745,-0.8446614675728839,-0.34610631192289865,-0.702654832136981,0.3927438981454282,0.4561198327105318,0.7454348737491352,1.5371804433991059,1.917932965646357,0,0
2018-04-26,0.0,0.6106606835026925,0.15744327073118503,-0.18272682136238538,-0.054503805647327486,0.2403877174342557,0.44207745151548483,0.7949040012478381,0.30888158754382977,0.0881960157216459,0.1742179707692621,0.0,-1.7828435276773753,-0.15897830006153957,0.33956136280317517,-0.02066355502216788,1.06934613040405,1.1411846673141521,1.431855306942542,2.220629569106019,2.6067109248585263,3.351317462638003,0,1
2018-04-27,0.0,-0.4450647111763219,-0.7852876774448732,-0.6653313280428059,-0.3751222035867443,-0.17278221088731438,0.1802457365176648,-0.2989313780890822,-0.5084189555847283,-0.424708291370512,-1.1098487422151448,0.0,1.6366240734006965,2.1482223451457916,1.7688826132235183,2.8733874670961534,2.969326201252589,3.2711924682914253,4.072892922136704,4.483105787265533,5.257537652282384,4.741260546062336,0,1
2018-04-30,0.0,-0.3391020032783269,-0.21344010086230125,0.07929388150915906,0.2805115514041412,0.6322684480079962,0.14957483592314236,-0.06749200038317205,0.017654324431881308,-0.6679018887038,-2.4467227982337536,0.0,0.5033099960390144,0.13877505559450548,1.2379611152104637,1.3124684457347213,1.606239825150254,2.4018717946915684,2.7928975638150506,3.5455493869154266,3.0306099748726134,2.4517990381063175,0,1
2018-05-01,0.0,0.12867017178625284,0.4203131009416812,0.6186310294752203,0.9658385112773301,0.4854304865187881,0.2648796308637582,0.3502361244452512,-0.32862971888271686,-2.0987231996034583,-0.4841107689309494,0.0,-0.3581922912337523,0.7338399443344126,0.80144755998444,1.0912753534149333,1.8810537064916735,2.264269295759364,3.0065007006281754,2.494561336042011,1.9196525583007622,2.2654387152833095,0,1
2018-05-02,0.0,0.28809375353955413,0.48479880351466614,0.8289868707026519,0.3542440329362798,0.13797590760472023,0.2220972014164806,-0.45004706240079817,-2.1993803495315065,-0.6028048468116021,-0.11491492303988382,0.0,1.1031252666669558,1.1760986270863452,1.4703524178684992,2.26864610785107,2.659594965457072,3.4133937926531233,2.8965103297401873,2.3156630064956456,2.6626537895902276,2.1332052244209065,0,1
2018-05-03,0.0,0.19762108133082995,0.5429723391426954,0.06996946179976127,-0.14171255781429215,-0.058415259650752116,-0.7309919021261189,-2.4741698730301636,-0.8811829830828213,-0.3958128375356187,-0.7426153686327748,0.0,0.05832903750731866,0.3461926668084476,1.1378354661039591,1.5146249672075092,2.2513525843038646,1.737033049561711,1.1602376773797123,1.5119769427861227,0.9825568989923124,0.796949708633262,0,1
2018-05-04,0.0,0.3483445184997733,-0.12644981440577963,-0.33629688697644866,-0.2530425384918311,-0.9301792653690956,-2.6801373640107053,-1.0795443176280204,-0.5928444023358945,-0.9395432611869703,0.13179907975012117,0.0,0.2838597795544916,1.0650544391169778,1.4363046832700945,2.162748339109901,1.6551262991103837,1.085902599121868,1.4333964601545963,0.9107360553302146,0.7276324691762226,1.131750489737707,0,1
2018-05-07,0.0,-0.4772253823380081,-0.6834532348121143,-0.6004106675145644,-1.2845975036486368,-3.043832630874079,-1.4322442661421566,-0.9439575958840976,-1.28990887416069,-0.2123465967048901,-0.15774458115711465,0.0,0.7763815444402167,1.142578351720572,1.8618083550651072,1.356871804210464,0.7909554644095604,1.1382465857202881,0.6176944875729831,0.4359825359779588,0.838327626875627,1.4847160179973948,0,0
2018-05-08,0.0,-0.21362083671307386,-0.1293157238089675,-0.8117993031361095,-2.5788370360999515,-0.9635376057945655,-0.47172519972492655,-0.8227507953415176,0.25885077241096677,0.319760996551715,0.604903851159041,0.0,0.3560102830735581,1.0625965447110681,0.5600768488265881,-0.0023227704634987134,0.3477711259831786,-0.17208220719668188,-0.35176977775346896,0.04964588899182987,0.6854439084114641,0.7033633881833805,0,0
2018-05-09,0.0,0.08603249352028736,-0.604939683872778,-2.3995836776406287,-0.7606253951680372,-0.2605054251134703,-0.6186392493536073,0.47952057727166,0.5441656007429312,0.8345612387397852,1.6284193091018837,0.0,0.6940592591624007,0.19750152305688973,-0.35786181631723346,-0.009910530816875318,-0.5244037005483375,-0.7014394212259677,-0.3043374586651732,0.32054115904361713,0.33934260173717357,0.47226409915871104,0,0
2018-05-10,0.0,-0.6900086394400371,-2.4799213579934745,-0.8446614675728839,-0.34610631192289865,-0.702654832136981,0.3927438981454282,0.4561198327105318,0.7454348737491352,1.5371804433991059,1.917932965646357,0.0,-0.4897544087142114,-1.0368088549339571,-0.6897572475602824,-1.1987542903099964,-1.37236432368992,-0.9798399915623384,-0.37001618252616314,-0.34936720127638604,-0.22079854081949624,-0.5759569495172332,0,0
2018-05-11,0.0,-1.7828435276773753,-0.15897830006153957,0.33956136280317517,-0.02066355502216788,1.06934613040405,1.1411846673141521,1.431855306942542,2.220629569106019,2.6067109248585263,3.351317462638003,0.0,-0.5483710286721717,-0.20357346372488383,-0.7122162346100942,-0.8868015450845215,-0.4943107294317036,0.12107425839820238,0.14024566390087756,0.2708198593333517,-0.08647119054994853,0.41926444931307966,1,0
2018-05-14,0.0,1.6366240734006965,2.1482223451457916,1.7688826132235183,2.8733874670961534,2.969326201252589,3.2711924682914253,4.072892922136704,4.483105787265533,5.257537652282384,4.741260546062336,0.0,0.34262166874657934,-0.16615010557196053,-0.3420124386481479,0.05084748693121455,0.6731202882569083,0.6906509637823233,0.8236144419086041,0.4635562891548984,0.9703316984263102,0.5356399330861594,1,0
2018-05-15,0.0,0.5033099960390144,0.13877505559450548,1.2379611152104637,1.3124684457347213,1.606239825150254,2.4018717946915684,2.7928975638150506,3.5455493869154266,3.0306099748726134,2.4517990381063175,0.0,-0.5119116618599715,-0.688081345992943,-0.2929670059902332,0.32889775743060956,0.34757515637882935,0.47987224359486114,0.1192811194334048,0.6286088462305927,0.19641732629094266,0.10636466827088453,1,0
2018-05-16,0.0,-0.3581922912337523,0.7338399443344126,0.80144755998444,1.0912753534149333,1.8810537064916735,2.264269295759364,3.0065007006281754,2.494561336042011,1.9196525583007622,2.2654387152833095,0.0,-0.17679496233576036,0.21739034643375105,0.8436862623560385,0.860770292076854,0.9948734431390649,0.6328592804229292,1.1415164109419678,0.7029432517533918,0.6192232719443246,0.2882933615714259,1,0
2018-05-17,0.0,1.1031252666669558,1.1760986270863452,1.4703524178684992,2.26864610785107,2.659594965457072,3.4133937926531233,2.8965103297401873,2.3156630064956456,2.6626537895902276,2.1332052244209065,0.0,0.394755718681765,1.0240051763668458,1.040575672145121,1.1756083373670714,0.8122814450787186,1.321857699263633,0.8800800019171953,0.7983651914120997,0.46534348488157384,0.813043279054101,1,0
2018-05-18,0.0,0.05832903750731866,0.3461926668084476,1.1378354661039591,1.5146249672075092,2.2513525843038646,1.737033049561711,1.1602376773797123,1.5119769427861227,0.9825568989923124,0.796949708633262,0.0,0.6255107215078911,0.6433048152711948,0.776874038733526,0.4148280252552403,0.9246692526454277,0.48804497075029535,0.40147498636504636,0.07161396354751062,0.41459197708748496,0.5339898226490756,1,0
2018-05-21,0.0,0.2838597795544916,1.0650544391169778,1.4363046832700945,2.162748339109901,1.6551262991103837,1.085902599121868,1.4333964601545963,0.9107360553302146,0.7276324691762226,1.131750489737707,0.0,0.01948967101525534,0.1492630012341501,-0.20666186358841687,0.29776961435895155,-0.12587278752896958,-0.21898847287642303,-0.5401787945765066,-0.2084436939306245,-0.09341869100309619,0.7880161985497122,1,0
2018-05-22,0.0,0.7763815444402167,1.142578351720572,1.8618083550651072,1.356871804210464,0.7909554644095604,1.1382465857202881,0.6176944875729831,0.4359825359779588,0.838327626875627,1.4847160179973948,0.0,0.13009260457667537,-0.22684239807486534,0.27912305343646704,-0.14554310940109993,-0.23917845989463363,-0.5611816904489222,-0.22867870350377603,-0.11340232041482623,0.7706185492008049,1.321007623037313,0,0
2018-05-23,0.0,0.3560102830735581,1.0625965447110681,0.5600768488265881,-0.0023227704634987134,0.3477711259831786,-0.17208220719668188,-0.35176977775346896,0.04964588899182987,0.6854439084114641,0.7033633881833805,0.0,-0.355056526123877,0.14892219340043583,-0.27232972053846516,-0.3671590459805571,-0.686816107923208,-0.35720954772627683,-0.2430356263738211,0.6368903082923393,1.183671014092716,0.8181663725242834,0,0
2018-05-24,0.0,0.6940592591624007,0.19750152305688973,-0.35786181631723346,-0.009910530816875318,-0.5244037005483375,-0.7014394212259677,-0.3043374586651732,0.32054115904361713,0.33934260173717357,0.47226409915871104,0.0,0.5059618926744683,0.07822963218727175,-0.012661206130156838,-0.336562899094655,-0.0012671444265399678,0.11515017196259525,1.0002607249124527,1.5531887006879193,1.1853762313431113,1.448427125363488,0,0
2018-05-25,0.0,-0.4897544087142114,-1.0368088549339571,-0.6897572475602824,-1.1987542903099964,-1.37236432368992,-0.9798399915623384,-0.37001618252616314,-0.34936720127638604,-0.22079854081949624,-0.5759569495172332,0.0,-0.4207442038969449,-0.5177222718283324,-0.8372761797654494,-0.5083262805930503,-0.3944941588962184,0.48787306465485725,1.034944105779914,0.6684900681217665,0.9292262593554566,1.2942345394155197,0,0
2018-05-29,0.0,-0.5483710286721717,-0.20357346372488383,-0.7122162346100942,-0.8868015450845215,-0.4943107294317036,0.12107425839820238,0.14024566390087756,0.2708198593333517,-0.08647119054994853,0.41926444931307966,0.0,-0.09310480178281888,-0.42075761178474597,-0.08187203313131852,0.03573100822729902,0.9325443160902771,1.4921245148099884,1.1194836172311668,1.3857742165865634,1.757103523551815,1.6122937905141819,0,0
2018-05-30,0.0,0.34262166874657934,-0.16615010557196053,-0.3420124386481479,0.05084748693121455,0.6731202882569083,0.6906509637823233,0.8236144419086041,0.4635562891548984,0.9703316984263102,0.5356399330861594,0.0,-0.3244759537969655,0.011460584048734845,0.12810997194756013,1.0145603821159468,1.568429378904501,1.2000546411386799,1.46354137659503,1.830653218581916,1.687691170355337,2.0294237202006373,0,1
2018-05-31,0.0,-0.5119116618599715,-0.688081345992943,-0.2929670059902332,0.32889775743060956,0.34757515637882935,0.47987224359486114,0.1192811194334048,0.6286088462305927,0.19641732629094266,0.10636466827088453,0.0,0.3429287726829189,0.4622555546184044,1.3580063118437677,1.9203937426072226,1.5480114039115573,1.8152423595884106,2.1864688418209686,2.0426322774921077,2.3865004820055264,2.102531151160351,0,1
2018-06-01,0.0,-0.17679496233576036,0.21739034643375105,0.8436862623560385,0.860770292076854,0.9948734431390649,0.6328592804229292,1.1415164109419678,0.7029432517533918,0.6192232719443246,0.2882933615714259,0.0,0.11613240016428683,0.9990346036418793,1.5505933528860156,1.1836980306052802,1.4460963506760587,1.8117296883063938,1.6693183317214124,2.009732965076651,1.7289130504056853,2.5262932195007552,0,1
2018-06-04,0.0,0.394755718681765,1.0240051763668458,1.040575672145121,1.1756083373670714,0.8122814450787186,1.321857699263633,0.8800800019171953,0.7983651914120997,0.46534348488157384,0.813043279054101,0.0,0.877868620868603,1.4253434561340743,1.060589393008935,1.3211517764101715,1.684609313598811,1.5427928796912775,1.8817697400328308,1.6022366178385379,2.395263036689018,2.0743072810690624,0,1
2018-06-05,0.0,0.6255107215078911,0.6433048152711948,0.776874038733526,0.4148280252552403,0.9246692526454277,0.48804497075029535,0.40147498636504636,0.07161396354751062,0.41459197708748496,0.5339898226490756,0.0,0.5348824206974174,0.174180607255643,0.42955603807745124,0.788660304824456,0.6466414433181717,0.985984236034458,0.7069062566280073,1.4933797268757814,1.177308149107235,1.4062740244898206,0,0
2018-06-06,0.0,0.01948967101525534,0.1492630012341501,-0.20666186358841687,0.29776961435895155,-0.12587278752896958,-0.21898847287642303,-0.5401787945765066,-0.2084436939306245,-0.09341869100309619,0.7880161985497122,0.0,-0.3553743402661627,-0.105151856928584,0.24845848144705412,0.10746595061172148,0.4442862474225189,0.16773328645626528,0.9439507662283587,0.633341915405812,0.8612887668510276,0.23963195334402954,0,0
2018-06-07,0.0,0.13009260457667537,-0.22684239807486534,0.27912305343646704,-0.14554310940109993,-0.23917845989463363,-0.5611816904489222,-0.22867870350377603,-0.11340232041482623,0.7706185492008049,1.321007623037313,0.0,0.2524106208809989,0.6079192242289729,0.46694718958316805,0.8037657111275726,0.5269111466839831,1.3060910798304852,0.9933895352355786,1.2208757239110235,0.5971636969411787,1.4063610374788944,0,0
2018-06-08,0.0,-0.355056526123877,0.14892219340043583,-0.27232972053846516,-0.3671590459805571,-0.686816107923208,-0.35720954772627683,-0.2430356263738211,0.6368903082923393,1.183671014092716,0.8181663725242834,0.0,0.35324302335616364,0.21262496301442346,0.5485645195863965,0.272645816600382,1.047703711586077,0.7372927709604657,0.9645088065999283,0.3438737648355824,1.150110782972319,0.8108960545225422,0,0
2018-06-11,0.0,0.5059618926744683,0.07822963218727175,-0.012661206130156838,-0.336562899094655,-0.0012671444265399678,0.11515017196259525,1.0002607249124527,1.5531887006879193,1.1853762313431113,1.448427125363488,0.0,-0.1405870386523797,0.19523204901304253,-0.08028999766311927,0.6915757841373014,0.3833335167505732,0.6109194223708734,-0.0074709070549495715,0.7972929609813334,0.4589847420456664,0.6609952189449264,0,0
2018-06-12,0.0,-0.4207442038969449,-0.5177222718283324,-0.8372761797654494,-0.5083262805930503,-0.3944941588962184,0.48787306465485725,1.034944105779914,0.6684900681217665,0.9292262593554566,1.2942345394155197,0.0,0.3351399515693034,0.060056818442640936,0.8315194524232554,0.523083152043845,0.7500294805860124,0.13208632744288595,0.9356931214845177,0.5977572409708002,0.7977928273054871,0.20211717809665597,0,0
2018-06-13,0.0,-0.09310480178281888,-0.42075761178474597,-0.08187203313131852,0.03573100822729902,0.9325443160902771,1.4921245148099884,1.1194836172311668,1.3857742165865634,1.757103523551815,1.6122937905141819,0.0,-0.27609773917249714,0.49622771892869416,0.18829723405131066,0.4167451925094047,-0.20218668708512177,0.6040843881784079,0.26530172874447133,0.47004075696644554,-0.12676082505456532,0.07594982482494039,0,0
2018-06-14,0.0,-0.3244759537969655,0.011460584048734845,0.12810997194756013,1.0145603821159468,1.568429378904501,1.2000546411386799,1.46354137659503,1.830653218581916,1.687691170355337,2.0294237202006373,0.0,0.7722681540695817,0.46366192801902256,0.6910683411582489,0.07242675070507198,0.877188316747219,0.538815751865271,0.7398612191069049,0.14348139620759826,0.34392515732110995,0.6417497370500549,1,0
2018-06-15,0.0,0.3429287726829189,0.4622555546184044,1.3580063118437677,1.9203937426072226,1.5480114039115573,1.8152423595884106,2.1864688418209686,2.0426322774921077,2.3865004820055264,2.102531151160351,0.0,-0.3049196227226099,-0.07594805719134101,-0.6917742986150428,0.11247300475235411,-0.2250586605046303,-0.014917674199220077,-0.6089781663721459,-0.40340333785538096,-0.11216589841110958,-0.09043872958613752,1,0
2018-06-18,0.0,0.11613240016428683,0.9990346036418793,1.5505933528860156,1.1836980306052802,1.4460963506760587,1.8117296883063938,1.6693183317214124,2.009732965076651,1.7289130504056853,2.5262932195007552,0.0,0.22892953574038602,-0.3895777121364814,0.41691305687756763,0.0781912264219371,0.28524734480192815,-0.31124168897515925,-0.10718649881760056,0.1874092284134996,0.20947706865722848,0.11593963202397917,1,0
2018-06-19,0.0,0.877868620868603,1.4253434561340743,1.060589393008935,1.3211517764101715,1.684609313598811,1.5427928796912775,1.8817697400328308,1.6022366178385379,2.395263036689018,2.0743072810690624,0.0,-0.6199743123181446,0.1893751171343122,-0.15036012275167793,0.060194332602951706,-0.5378281128645201,-0.3314734765067868,-0.037750650585334444,-0.015815484772597088,-0.11020771143893615,-0.38913017695811947,1,0
2018-06-20,0.0,0.5348824206974174,0.174180607255643,0.42955603807745124,0.788660304824456,0.6466414433181717,0.985984236034458,0.7069062566280073,1.4933797268757814,1.177308149107235,1.4062740244898206,0.0,0.809046041918004,0.4689315345819499,0.6719262555929866,0.07255604567950202,0.27456806846251336,0.5733687185290093,0.5958663681029015,0.5029254710510351,0.21970983114199827,0.3826752752659943,0,0
2018-06-21,0.0,-0.3553743402661627,-0.105151856928584,0.24845848144705412,0.10746595061172148,0.4442862474225189,0.16773328645626528,0.9439507662283587,0.633341915405812,0.8612887668510276,0.23963195334402954,0.0,-0.34102582509824725,-0.12727951686329275,-0.7273650079656946,-0.5188231546680049,-0.2254421517532712,-0.20358875443168234,-0.29881726666771735,-0.5775774020161506,-0.4217657864944939,-0.5110126670920738,0,0
2018-06-22,0.0,0.2524106208809989,0.6079192242289729,0.46694718958316805,0.8037657111275726,0.5269111466839831,1.3060910798304852,0.9933895352355786,1.2208757239110235,0.5971636969411787,1.4063610374788944,0.0,0.20939004525301086,-0.3908833641741589,-0.18492303263838483,0.11098095983898193,0.13312365531003167,0.038781457779857864,-0.24208346959575722,-0.08313028447424087,-0.16963795224937603,0.2597871338666182,0,0
2018-06-25,0.0,0.35324302335616364,0.21262496301442346,0.5485645195863965,0.272645816600382,1.047703711586077,0.7372927709604657,0.9645088065999283,0.3438737648355824,1.150110782972319,0.8108960545225422,0.0,-0.6078042565227726,-0.39759337263397554,-0.09950786851454695,-0.07726523177224669,-0.1733678841193933,-0.45648609250755534,-0.2974861687031613,-0.3868215429800159,0.04575826589810239,0.02326554988020879,0,0
2018-06-26,0.0,-0.1405870386523797,0.19523204901304253,-0.08028999766311927,0.6915757841373014,0.3833335167505732,0.6109194223708734,-0.0074709070549495715,0.7972929609813334,0.4589847420456664,0.6609952189449264,0.0,0.20577819496502636,0.5087604111682933,0.5315511451627181,0.4369435394751636,0.1497016582733567,0.31456098570187924,0.23007898362445944,0.6697970669165256,0.6493837228318968,1.219736435601859,0,0
2018-06-27,0.0,0.3351399515693034,0.060056818442640936,0.8315194524232554,0.523083152043845,0.7500294805860124,0.13208632744288595,0.9356931214845177,0.5977572409708002,0.7977928273054871,0.20211717809665597,0.0,0.30369896404932417,0.3264818205486879,0.23061088756888126,-0.05748879021175585,0.10666226037920445,0.019842717937098797,0.4605901286800962,0.4393003047150028,1.014932210568117,0.7649792367165973,0,0
2018-06-28,0.0,-0.27609773917249714,0.49622771892869416,0.18829723405131066,0.4167451925094047,-0.20218668708512177,0.6040843881784079,0.26530172874447133,0.47004075696644554,-0.12676082505456532,0.07594982482494039,0.0,0.02234659117155749,-0.07357282136361554,-0.35754722417847185,-0.1974863936534137,-0.28608445086676526,0.14794067089375362,0.12577394859756064,0.6983452178796763,0.4479859481474424,0.28770778299135324,0,0
2018-06-29,0.0,0.7722681540695817,0.46366192801902256,0.6910683411582489,0.07242675070507198,0.877188316747219,0.538815751865271,0.7398612191069049,0.14348139620759826,0.34392515732110995,0.6417497370500549,0.0,-0.09589381573705116,-0.3794788794961589,-0.21976714560483268,-0.308468908729739,0.12493050145286366,0.10270610619021614,0.6748785095346972,0.4245655007009712,0.26441975140464535,0.7725514978282124,0,0
2018-07-02,0.0,-0.3049196227226099,-0.07594805719134101,-0.6917742986150428,0.11247300475235411,-0.2250586605046303,-0.014917674199220077,-0.6089781663721459,-0.40340333785538096,-0.11216589841110958,-0.09043872958613752,0.0,-0.2834616579938002,-0.12326518966328248,-0.2109657352534482,0.22237609217663712,0.20053783773182499,0.7708104865201075,0.5218760211451485,0.3621732969904552,0.8691345631083287,1.009470119806993,0,0
2018-07-03,0.0,0.22892953574038602,-0.3895777121364814,0.41691305687756763,0.0781912264219371,0.28524734480192815,-0.31124168897515925,-0.10718649881760056,0.1874092284134996,0.20947706865722848,0.11593963202397917,0.0,0.16391572241248809,0.07797120296382287,0.5172756159404237,0.4962842911664329,1.0689426615706679,0.8206112819573863,0.6599739980431987,1.1706081028774942,1.3132151892986847,1.913248097524109,0,0
2018-07-05,0.0,-0.6199743123181446,0.1893751171343122,-0.15036012275167793,0.060194332602951706,-0.5378281128645201,-0.3314734765067868,-0.037750650585334444,-0.015815484772597088,-0.11020771143893615,-0.38913017695811947,0.0,-0.08644778396427588,0.34695147757488853,0.32560000069813144,0.8936177014788138,0.6463693699698836,0.4871844261574929,0.992803411965697,1.133302913326287,1.7268821408085522,0.6737094296732651,0,0
2018-07-06,0.0,0.809046041918004,0.4689315345819499,0.6719262555929866,0.07255604567950202,0.27456806846251336,0.5733687185290093,0.5958663681029015,0.5029254710510351,0.21970983114199827,0.3826752752659943,0.0,0.4308800602559205,0.40999059970828133,0.9730983810915418,0.7284735359040806,0.5705857902603197,1.0722931533004127,1.2120762772846057,1.8013572046046016,0.7557996632864836,1.3658189513554466,0,0
2018-07-09,0.0,-0.34102582509824725,-0.12727951686329275,-0.7273650079656946,-0.5188231546680049,-0.2254421517532712,-0.20358875443168234,-0.29881726666771735,-0.5775774020161506,-0.4217657864944939,-0.5110126670920738,0.0,-0.022095863952082906,0.5367407616507197,0.29157927971268716,0.1352766860480833,0.6309210831273503,0.7671937465736294,1.347909431535033,0.31760414538965,0.9201229351899703,0.9934232318365298,0,0
2018-07-10,0.0,0.20939004525301086,-0.3908833641741589,-0.18492303263838483,0.11098095983898193,0.13312365531003167,0.038781457779857864,-0.24208346959575722,-0.08313028447424087,-0.16963795224937603,0.2597871338666182,0.0,0.5568687640237739,0.31269336205313536,0.1569212719548575,0.6509362017706248,0.7868547626701914,1.3657357548657147,0.3386827363101476,0.9392273331316008,1.0123306048229956,0.6511747808089084,0,0
2018-07-11,0.0,-0.6078042565227726,-0.39759337263397554,-0.09950786851454695,-0.07726523177224669,-0.1733678841193933,-0.45648609250755534,-0.2974861687031613,-0.3868215429800159,0.04575826589810239,0.02326554988020879,0.0,-0.24942797672756256,-0.406045240615419,0.08930352040578937,0.22319403295157936,0.8017390726656051,-0.22464540125979993,0.3773515132699139,0.4495310823460268,0.08512537878402471,-0.04766093992516085,0,0
2018-07-12,0.0,0.20577819496502636,0.5087604111682933,0.5315511451627181,0.4369435394751636,0.1497016582733567,0.31456098570187924,0.23007898362445944,0.6697970669165256,0.6493837228318968,1.219736435601859,0.0,-0.1553762303806659,0.33663837336704966,0.4706816779825452,1.046168246391288,0.025177732671471914,0.623197084400516,0.6953841812522917,0.33443234208311,0.20474531717696132,-0.8012030453820324,0,0
2018-07-13,0.0,0.30369896404932417,0.3264818205486879,0.23061088756888126,-0.05748879021175585,0.10666226037920445,0.019842717937098797,0.4605901286800962,0.4393003047150028,1.014932210568117,0.7649792367165973,0.0,0.49208836403116046,0.6268123820596725,1.202909002346334,0.1808161414855108,0.7789717993999501,0.8514789449071627,0.49110044067540704,0.36277633292297606,-0.6441285057843827,-3.8484182217743954,0,0
2018-07-16,0.0,0.02234659117155749,-0.07357282136361554,-0.35754722417847185,-0.1974863936534137,-0.28608445086676526,0.14794067089375362,0.12577394859756064,0.6983452178796763,0.4479859481474424,0.28770778299135324,0.0,0.1322537765574266,0.7050532450936783,-0.31112671233807376,0.28517542245948213,0.3564993402045396,-0.00483240935505036,-0.13715537331517602,-1.1386441089342307,-4.327247195630843,-5.1568188252857565,0,0
2018-07-17,0.0,-0.09589381573705116,-0.3794788794961589,-0.21976714560483268,-0.308468908729739,0.12493050145286366,0.10270610619021614,0.6748785095346972,0.4245655007009712,0.26441975140464535,0.7725514978282124,0.0,0.5694975389883193,-0.44080767541440574,0.15247749077166134,0.22318450641089937,-0.13687201385792436,-0.2696998602885343,-1.265508313498975,-4.436440899485395,-5.260882569478297,-5.955119436743245,0,0
2018-07-18,0.0,-0.2834616579938002,-0.12326518966328248,-0.2109657352534482,0.22237609217663712,0.20053783773182499,0.7708104865201075,0.5218760211451485,0.3621732969904552,0.8691345631083287,1.009470119806993,0.0,-1.0001969593195579,-0.41100220201718085,-0.3418798143957608,-0.7018231660597114,-0.8387673896832473,-1.8250822971714713,-4.967563040265363,-5.782323657874429,-6.473896857368442,-7.6346585624255825,0,0
2018-07-19,0.0,0.16391572241248809,0.07797120296382287,0.5172756159404237,0.4962842911664329,1.0689426615706679,0.8206112819573863,0.6599739980431987,1.1706081028774942,1.3132151892986847,1.913248097524109,0.0,0.5965712523694782,0.6685345530414566,0.30835095104101506,0.17875323756801853,-0.8246418709527805,-4.018331043114878,-4.850489106933402,-5.546898271840683,-6.725147333249951,-7.43234610018184,0,0
2018-07-20,0.0,-0.08644778396427588,0.34695147757488853,0.32560000069813144,0.8936177014788138,0.6463693699698836,0.4871844261574929,0.992803411965697,1.133302913326287,1.7268821408085522,0.6737094296732651,0.0,0.07051299083849438,-0.29071562807290474,-0.4251048183728756,-1.421662389800266,-4.5954631823882135,-5.420030584657604,-6.115863461404065,-7.287609714673667,-7.994214328890119,-8.086067700326863,0,0
2018-07-23,0.0,0.4308800602559205,0.40999059970828133,0.9730983810915418,0.7284735359040806,0.5705857902603197,1.0722931533004127,1.2120762772846057,1.8013572046046016,0.7557996632864836,1.3658189513554466,0.0,-0.3606485413152115,-0.4953400366730287,-1.4891533686360945,-4.654436536104395,-5.476505813504126,-6.170916578493187,-7.339617015281095,-8.044776450481123,-8.136725814713799,-8.283359699562915,0,0
2018-07-24,0.0,-0.022095863952082906,0.5367407616507197,0.29157927971268716,0.1352766860480833,0.6309210831273503,0.7671937465736294,1.347909431535033,0.31760414538965,0.9201229351899703,0.9934232318365298,0.0,-0.1312548656783632,-1.1250046589031624,-4.28895295368915,-5.112129542011908,-5.803977231020457,-6.971680941043321,-7.674242988892608,-7.7644074936285765,-7.909585794546168,-6.458898324462677,0,0
2018-07-25,0.0,0.5568687640237739,0.31269336205313536,0.1569212719548575,0.6509362017706248,0.7868547626701914,1.3657357548657147,0.3386827363101476,0.9392273331316008,1.0123306048229956,0.6511747808089084,0.0,-0.9864641717609337,-4.12681083927326,-4.944367464436542,-5.630241490188762,-6.789054264542161,-7.485552063520808,-7.574418845578125,-7.718015190259563,-6.278171492343616,-6.661536112221161,0,0
2018-07-26,0.0,-0.24942797672756256,-0.406045240615419,0.08930352040578937,0.22319403295157936,0.8017390726656051,-0.22464540125979993,0.3773515132699139,0.4495310823460268,0.08512537878402471,-0.04766093992516085,0.0,-3.187934645928495,-4.021885720055848,-4.711899364752073,-5.886884468667775,-6.5876008440141,-6.6730042494552935,-6.814937179908898,-5.353446042368681,-5.7420836421219965,-5.78556147406416,0,0
2018-07-27,0.0,-0.1553762303806659,0.33663837336704966,0.4706816779825452,1.046168246391288,0.025177732671471914,0.623197084400516,0.6953841812522917,0.33443234208311,0.20474531717696132,-0.8012030453820324,0.0,-0.8863683716097234,-1.5878660883709899,-2.8132712690089456,-3.5256997390273703,-3.599074306017368,-3.7348613087469307,-2.205473969018811,-2.610530792868766,-2.660592427850813,-1.7589290186623416,0,0
2018-07-30,0.0,0.49208836403116046,0.6268123820596725,1.202909002346334,0.1808161414855108,0.7789717993999501,0.8514789449071627,0.49110044067540704,0.36277633292297606,-0.6441285057843827,-3.8484182217743954,0.0,-0.707510330371258,-1.9520344215530119,-2.670583121874422,-2.7408319575050077,-2.8754077535662503,-1.320748674046739,-1.7320551152420152,-1.7841817067338421,-0.8756578527734049,-0.8639471512934587,0,0
2018-07-31,0.0,0.1322537765574266,0.7050532450936783,-0.31112671233807376,0.28517542245948213,0.3564993402045396,-0.00483240935505036,-0.13715537331517602,-1.1386441089342307,-4.327247195630843,-5.1568188252857565,0.0,-1.2479937242707781,-1.9646302425174975,-2.031727486671731,-2.16406844010292,-0.6039698215116313,-1.0163679846480882,-1.0696462728989036,-0.16423903029595788,-0.15536026036365763,0.4716511329364411,0,0
2018-08-01,0.0,0.5694975389883193,-0.44080767541440574,0.15247749077166134,0.22318450641089937,-0.13687201385792436,-0.2696998602885343,-1.265508313498975,-4.436440899485395,-5.260882569478297,-5.955119436743245,0.0,-0.7202260096789375,-0.7823385690849689,-0.9119741859242265,0.6731264155055432,0.2547388348791102,0.19887773146828192,1.107565688490305,1.111462289997848,1.7551749025441237,1.8398268019653687,0,0
2018-08-02,0.0,-1.0001969593195579,-0.41100220201718085,-0.3418798143957608,-0.7018231660597114,-0.8387673896832473,-1.8250822971714713,-4.967563040265363,-5.782323657874429,-6.473896857368442,-7.6346585624255825,0.0,-0.058901747506392155,-0.18626706596607612,1.4045045642371414,0.9849711427298817,0.9279307002115715,1.8335082063693122,1.8345156965926963,2.484300195812715,2.5636326918596275,2.2658583659590725,0,1
2018-08-03,0.0,0.5965712523694782,0.6685345530414566,0.30835095104101506,0.17875323756801853,-0.8246418709527805,-4.018331043114878,-4.850489106933402,-5.546898271840683,-6.725147333249951,-7.43234610018184,0.0,-0.12664335092781767,1.4578697541937897,1.0400152487538947,0.9831200896748093,1.8846208886905669,1.8853898878952582,2.5329224331075455,2.611488611008971,2.315377920231527,2.1950612022476457,0,1
2018-08-06,0.0,0.07051299083849438,-0.29071562807290474,-0.4251048183728756,-1.421662389800266,-4.5954631823882135,-5.420030584657604,-6.115863461404065,-7.287609714673667,-7.994214328890119,-8.086067700326863,0.0,1.581278430267297,1.1643378054911409,1.1073889763373221,2.0059465060378914,2.0062106200595187,2.6530746981061943,2.730505731267041,2.436055640863325,2.316430104321142,2.4816488914446255,0,1
2018-08-07,0.0,-0.3606485413152115,-0.4953400366730287,-1.4891533686360945,-4.654436536104395,-5.476505813504126,-6.170916578493187,-7.339617015281095,-8.044776450481123,-8.136725814713799,-8.283359699562915,0.0,-0.4089049805475958,-0.46257448240056653,0.43056746351730085,0.43699067846032635,1.062228116519094,1.1499673368544923,0.8487832038870085,0.7262197557557686,0.8846575461731626,0.8905383206281265,0,0
2018-08-08,0.0,-0.1312548656783632,-1.1250046589031624,-4.28895295368915,-5.112129542011908,-5.803977231020457,-6.971680941043321,-7.674242988892608,-7.7644074936285765,-7.909585794546168,-6.458898324462677,0.0,-0.05449614587340801,0.839631824608405,0.8444519416069206,1.4750131183797954,1.5600330311251656,1.2607402645332522,1.1389978129706317,1.2991225735891825,1.305878387983841,0.6355568227269104,0,0
2018-08-09,0.0,-0.9864641717609337,-4.12681083927326,-4.944367464436542,-5.630241490188762,-6.789054264542161,-7.485552063520808,-7.574418845578125,-7.718015190259563,-6.278171492343616,-6.661536112221161,0.0,0.8955193619427573,0.9001318842502269,1.532293263382935,1.617069283929218,1.3176078485556018,1.1958036954380877,1.3563796195847373,1.3632619710461358,0.6915842576562361,0.8263682506190638,0,0
2018-08-10,0.0,-3.187934645928495,-4.021885720055848,-4.711899364752073,-5.886884468667775,-6.5876008440141,-6.6730042494552935,-6.814937179908898,-5.353446042368681,-5.7420836421219965,-5.78556147406416,0.0,0.00818489497940722,0.6334961047431337,0.7249277082888654,0.4189749628211919,0.29441646256396947,0.4525140128204014,0.45751919281852627,-0.21256440414591604,-0.07650113092390065,-0.7015703353221335,0,0
2018-08-13,0.0,-0.8863683716097234,-1.5878660883709899,-2.8132712690089456,-3.5256997390273703,-3.599074306017368,-3.7348613087469307,-2.205473969018811,-2.610530792868766,-2.660592427850813,-1.7589290186623416,0.0,0.6277221861549814,0.7195768610808677,0.41235379052098786,0.2872770912074776,0.4459773322764382,0.4509850217012803,-0.22173511924079348,-0.08512171697892956,-0.7127050151653489,-0.8208754674641758,0,0
2018-08-14,0.0,-0.707510330371258,-1.9520344215530119,-2.670583121874422,-2.7408319575050077,-2.8754077535662503,-1.320748674046739,-1.7320551152420152,-1.7841817067338421,-0.8756578527734049,-0.8639471512934587,0.0,0.09541811117991761,-0.21283388923118074,-0.33840655495549377,-0.18320178993199898,-0.17954667791625312,-0.8436036045117832,-0.7076425353832003,-1.3312415009000858,-1.4428717587500022,-1.9923242372107834,0,0
2018-08-15,0.0,-1.2479937242707781,-1.9646302425174975,-2.031727486671731,-2.16406844010292,-0.6039698215116313,-1.0163679846480882,-1.0696462728989036,-0.16423903029595788,-0.15536026036365763,0.4716511329364411,0.0,-0.3110756814777429,-0.43781047459843714,-0.28180286109944364,-0.27832471106743384,-0.9467869719440233,-0.8097510251334629,-1.4381270084543858,-1.5512558666560379,-2.1044121274334753,-1.1389090327990812,0,0
2018-08-16,0.0,-0.7202260096789375,-0.7823385690849689,-0.9119741859242265,0.6731264155055432,0.2547388348791102,0.19887773146828192,1.107565688490305,1.111462289997848,1.7551749025441237,1.8398268019653687,0.0,-0.12509949274807913,0.03091570523280729,0.03502129019826372,-0.6303661804227504,-0.49451352563478457,-1.117952243087098,-1.2281366263476483,-1.7785606708878778,-0.815877723992142,-0.6574267238815936,0,0
2018-08-17,0.0,-0.058901747506392155,-0.18626706596607612,1.4045045642371414,0.9849711427298817,0.9279307002115715,1.8335082063693122,1.8345156965926963,2.484300195812715,2.5636326918596275,2.2658583659590725,0.0,0.15599569983935513,0.1603516598926727,-0.5037098279121958,-0.3683500986750652,-0.9897239190156266,-1.098714627303945,-1.6479663185116937,-0.6865504355349961,-0.5289925741344854,0.1367562330221801,1,0
2018-08-20,0.0,-0.12664335092781767,1.4578697541937897,1.0400152487538947,0.9831200896748093,1.8846208886905669,1.8853898878952582,2.5329224331075455,2.611488611008971,2.315377920231527,2.1950612022476457,0.0,0.004017256547451525,-0.6573444988202838,-0.5222592161840347,-1.1421279841380327,-1.2518849231094449,-1.7989973336350418,-0.8422987380254261,-0.6846646195150332,-0.02158147278956446,0.49459726155050054,1,0
2018-08-21,0.0,1.581278430267297,1.1643378054911409,1.1073889763373221,2.0059465060378914,2.0062106200595187,2.6530746981061943,2.730505731267041,2.436055640863325,2.316430104321142,2.4816488914446255,0.0,-0.6599684744309247,-0.5251606706944146,-1.1437498643658737,-1.2533067200622516,-1.7992689496467302,-0.8446066396476132,-0.6872861489602848,-0.025598855615907468,0.48950041959535007,-0.5823935441439498,1,0
2018-08-22,0.0,-0.4089049805475958,-0.46257448240056653,0.43056746351730085,0.43699067846032635,1.062228116519094,1.1499673368544923,0.8487832038870085,0.7262197557557686,0.8846575461731626,0.8905383206281265,0.0,0.13463376915788597,-0.4842018149972273,-0.5894099059906516,-1.139038462671936,-0.17381194968353308,-0.018381008527860176,0.6480598993309308,1.1656744100476653,0.08434091560211421,1.4533827901206564,0,0
2018-08-23,0.0,-0.05449614587340801,0.839631824608405,0.8444519416069206,1.4750131183797954,1.5600330311251656,1.2607402645332522,1.1389978129706317,1.2991225735891825,1.305878387983841,0.6355568227269104,0.0,-0.619883970436303,-0.7261678189759985,-1.2760227925675858,-0.31124200086439213,-0.1551488346309582,0.5115036329526099,1.0295230211413942,-0.05180080330875292,1.318210787517085,1.472161388010813,0,0
2018-08-24,0.0,0.8955193619427573,0.9001318842502269,1.532293263382935,1.617069283929218,1.3176078485556018,1.1958036954380877,1.3563796195847373,1.3632619710461358,0.6915842576562361,0.8263682506190638,0.0,-0.10152908468881361,-0.6512158566073651,0.317127230685073,0.4704365144552426,1.1371731091979689,1.654157438515531,0.5710826846620989,1.9388193149568278,2.091396294776738,2.5771857958852897,0,1
2018-08-27,0.0,0.00818489497940722,0.6334961047431337,0.7249277082888654,0.4189749628211919,0.29441646256396947,0.4525140128204014,0.45751919281852627,-0.21256440414591604,-0.07650113092390065,-0.7015703353221335,0.0,-0.5460255674371153,0.4164908760514183,0.5683371115045186,1.230679413754223,1.7440787704993332,0.6678816392509852,2.0262086688970835,2.177555150957465,2.660322793836251,2.8814300234457972,0,1
2018-08-28,0.0,0.6277221861549814,0.7195768610808677,0.41235379052098786,0.2872770912074776,0.4459773322764382,0.4509850217012803,-0.22173511924079348,-0.08512171697892956,-0.7127050151653489,-0.8208754674641758,0.0,0.9706682893970422,1.1208613082882943,1.78673365846243,2.301902696826556,1.2185517591785013,2.5819681396546184,2.732897671469873,3.219216806539226,3.4435160474073228,3.6688706058510903,0,1
2018-08-29,0.0,0.09541811117991761,-0.21283388923118074,-0.33840655495549377,-0.18320178993199898,-0.17954667791625312,-0.8436036045117832,-0.7076425353832003,-1.3312415009000858,-1.4428717587500022,-1.9923242372107834,0.0,0.1521490681683041,0.8077892824464739,1.3167156230202988,0.2524674793498737,1.5986558586269317,1.7493848302374173,2.2265365737656886,2.443902450778717,2.6654995124565084,3.0532493022392346,0,1
2018-08-30,0.0,-0.3110756814777429,-0.43781047459843714,-0.28180286109944364,-0.27832471106743384,-0.9467869719440233,-0.8097510251334629,-1.4381270084543858,-1.5512558666560379,-2.1044121274334753,-1.1389090327990812,0.0,0.6575324091534304,1.1681959247784997,0.10127011117572077,1.4519406676027773,1.6034444184212708,2.081701513142818,2.299135564509496,2.521324919466926,2.909403258824252,3.893155839687696,0,1
2018-08-31,0.0,-0.12509949274807913,0.03091570523280729,0.03502129019826372,-0.6303661804227504,-0.49451352563478457,-1.117952243087098,-1.2281366263476483,-1.7785606708878778,-0.815877723992142,-0.6574267238815936,0.0,0.508340422670424,-0.5496464116946249,0.7943966976222039,0.9463246161260166,1.4201672715965252,1.6337299635557998,1.854206542740605,2.2362631872963408,3.213278882393289,2.515184388161498,0,1
2018-09-04,0.0,0.15599569983935513,0.1603516598926727,-0.5037098279121958,-0.3683500986750652,-0.9897239190156266,-1.098714627303945,-1.6479663185116937,-0.6865504355349961,-0.5289925741344854,0.1367562330221801,0.0,-1.0529512355488664,0.2883438727345104,0.44086665903190714,0.9121368876169358,1.1230879553789674,1.3426309455545904,1.7207131621984992,2.6942501199620397,2.0013709537337516,2.524850122397154,0,1
2018-09-05,0.0,0.004017256547451525,-0.6573444988202838,-0.5222592161840347,-1.1421279841380327,-1.2518849231094449,-1.7989973336350418,-0.8422987380254261,-0.6846646195150332,-0.02158147278956446,0.49459726155050054,0.0,1.355522095946192,1.5077524827294724,1.9874043503311885,2.20518119213765,2.4280713623235877,2.816900266433981,3.803888008951735,3.0956685061754734,3.63195144359636,3.2230010485084386,0,1
2018-09-06,0.0,-0.6599684744309247,-0.5251606706944146,-1.1437498643658737,-1.2533067200622516,-1.7992689496467302,-0.8446066396476132,-0.6872861489602848,-0.025598855615907468,0.48950041959535007,-0.5823935441439498,0.0,0.15370846262782392,0.6261152730804123,0.8367385136456682,1.0569626926433604,1.4348620360630266,2.4117984474608987,1.7180694108423764,2.241860289402541,1.8352224551013085,1.1058159402771381,0,1
2018-09-07,0.0,0.13463376915788597,-0.4842018149972273,-0.5894099059906516,-1.139038462671936,-0.17381194968353308,-0.018381008527860176,0.6480598993309308,1.1656744100476653,0.08434091560211421,1.4533827901206564,0.0,0.47243458711959474,0.6826240341967381,0.9029420725535785,1.2802797928982717,2.257834462499839,1.5645025940834254,2.0878171865112307,1.6807092137660968,0.9495878838250862,0.1944694811198966,0,1
2018-09-10,0.0,-0.619883970436303,-0.7261678189759985,-1.2760227925675858,-0.31124200086439213,-0.1551488346309582,0.5115036329526099,1.0295230211413942,-0.05180080330875292,1.318210787517085,1.472161388010813,0.0,0.20705148590332006,0.4257521165771389,0.7981182183920787,1.7691114324954564,1.082980044838454,1.6003219133178799,1.1952983934267267,0.46526760725949234,-0.2847069816794634,-0.483742681696833,0,0
2018-09-11,0.0,-0.10152908468881361,-0.6512158566073651,0.317127230685073,0.4704365144552426,1.1371731091979689,1.654157438515531,0.5710826846620989,1.9388193149568278,2.091396294776738,2.5771857958852897,0.0,0.21736381996247114,0.5864910721968783,1.5518180319813593,0.8708036245665405,1.3840513281675926,0.9811080847001703,0.2536692943234411,-0.4918958576069259,-0.6890475763316135,-2.2185282839896585,1,0
2018-09-12,0.0,-0.5460255674371153,0.4164908760514183,0.5683371115045186,1.230679413754223,1.7440787704993332,0.6678816392509852,2.0262086688970835,2.177555150957465,2.660322793836251,2.8814300234457972,0.0,0.36705033008250765,1.3298808339929857,0.651799568854221,1.1625878386083446,0.760388417027734,0.03307446911558065,-0.7105278726346281,-0.9064089887852551,-2.431743456403053,-2.833154747212188,1,0
2018-09-13,0.0,0.9706682893970422,1.1208613082882943,1.78673365846243,2.301902696826556,1.2185517591785013,2.5819681396546184,2.732897671469873,3.219216806539226,3.4435160474073228,3.6688706058510903,0.0,0.9541867851884801,0.2841491363012186,0.7884621516377203,0.3893756202673577,-0.3343406985871785,-1.0712095245949291,-1.2640623159494742,-2.7753847386791377,-3.172032873291294,-4.0385163397993145,1,0
2018-09-14,0.0,0.1521490681683041,0.8077892824464739,1.3167156230202988,0.2524674793498737,1.5986558586269317,1.7493848302374173,2.2265365737656886,2.443902450778717,2.6654995124565084,3.0532493022392346,0.0,-0.6582607178616751,-0.16389556698343027,-0.5602861736471445,-1.2843828204517054,-2.013736556975523,-2.201364207733018,-3.6967543879176237,-4.086426954092066,-4.947098497670666,-8.98473583660407,1,0
2018-09-17,0.0,0.6575324091534304,1.1681959247784997,0.10127011117572077,1.4519406676027773,1.6034444184212708,2.081701513142818,2.299135564509496,2.521324919466926,2.909403258824252,3.893155839687696,0.0,0.5040244332664313,0.10359711140791339,-0.6241479663002063,-1.3627232263010023,-1.5550348920822215,-3.0696999658875153,-3.4663783581982055,-4.335785448585184,-8.423097714441852,-6.888321794622618,1,0
2018-09-18,0.0,0.508340422670424,-0.5496464116946249,0.7943966976222039,0.9463246161260166,1.4201672715965252,1.6337299635557998,1.854206542740605,2.2362631872963408,3.213278882393289,2.515184388161498,0.0,-0.39692728304875813,-1.1210911541151747,-1.851872085496168,-2.040433501444904,-3.538840062011067,-3.9297847118060405,-4.791614354469244,-8.83681559870056,-7.319673322019259,-8.54875407659904,1,0
2018-09-19,0.0,-1.0529512355488664,0.2883438727345104,0.44086665903190714,0.9121368876169358,1.1230879553789674,1.3426309455545904,1.7207131621984992,2.6942501199620397,2.0013709537337516,2.524850122397154,0.0,-0.7230154362285645,-1.455934403337651,-1.6464190710748456,-3.1494278663557997,-3.5427497995555686,-4.4058274840773946,-8.462048156699709,-6.939321904462604,-8.171908723155568,-8.712989162509809,1,0
2018-09-20,0.0,1.355522095946192,1.5077524827294724,1.9874043503311885,2.20518119213765,2.4280713623235877,2.816900266433981,3.803888008951735,3.0956685061754734,3.63195144359636,3.2230010485084386,0.0,-0.7327381313060471,-0.9256460005860531,-2.4286772298763477,-2.8241236404995704,-3.6846949933507567,-7.738446042984628,-6.214032838418681,-7.446153734581397,-7.986391237829676,-8.442603034040282,1,0
2018-09-21,0.0,0.15370846262782392,0.6261152730804123,0.8367385136456682,1.0569626926433604,1.4348620360630266,2.4117984474608987,1.7180694108423764,2.241860289402541,1.8352224551013085,1.1058159402771381,0.0,-0.19700004321472442,-1.712648504870225,-2.1135790139443444,-2.9788006521889576,-7.0639960224676805,-5.525085808615762,-6.767054958995194,-7.310958046612213,-7.776731990608394,-6.94075779336701,1,0
2018-09-24,0.0,0.47243458711959474,0.6826240341967381,0.9029420725535785,1.2802797928982717,2.257834462499839,1.5645025940834254,2.0878171865112307,1.6807092137660968,0.9495878838250862,0.1944694811198966,0.0,-1.5242672203397591,-1.9280599526821476,-2.7975092496859757,-6.905239699316486,-5.357121015586804,-6.606019521474534,-7.152781611083744,-7.622746408589416,-6.783249379450243,-8.451285782978893,1,0
2018-09-25,0.0,0.20705148590332006,0.4257521165771389,0.7981182183920787,1.7691114324954564,1.082980044838454,1.6003219133178799,1.1952983934267267,0.46526760725949234,-0.2847069816794634,-0.483742681696833,0.0,-0.4156851324140135,-1.295495188866633,-5.472353793271421,-3.8925458035787663,-5.163075271369595,-5.7179315199231455,-6.2085092548991625,-5.363413579071052,-7.060122802056881,-7.978731920803449,0,0
2018-09-26,0.0,0.21736381996247114,0.5864910721968783,1.5518180319813593,0.8708036245665405,1.3840513281675926,0.9811080847001703,0.2536692943234411,-0.4918958576069259,-0.6890475763316135,-2.2185282839896585,0.0,-0.8852531083237765,-5.093449350345904,-3.5002605453736715,-4.780488712621568,-5.339207709902034,-5.836910168750344,-4.98778625738866,-6.697388491008742,-7.623478427922095,-7.118383650272858,0,0
2018-09-27,0.0,0.36705033008250765,1.3298808339929857,0.651799568854221,1.1625878386083446,0.760388417027734,0.03307446911558065,-0.7105278726346281,-0.9064089887852551,-2.431743456403053,-2.833154747212188,0.0,-4.233984085991115,-2.6277915050098732,-3.916217660961388,-4.47772389330319,-4.9857806593084675,-4.136357254854489,-5.856781939831638,-6.789795691462269,-6.31053971000401,-5.392698724710441,0,0
2018-09-28,0.0,0.9541867851884801,0.2841491363012186,0.7884621516377203,0.3893756202673577,-0.3343406985871785,-1.0712095245949291,-1.2640623159494742,-2.7753847386791377,-3.172032873291294,-4.0385163397993145,0.0,1.693315295526514,0.3461556644797638,-0.23702397454645752,-0.8038085237272872,0.0588391545498782,-1.7393912823905353,-2.7198674786381316,-2.3630413550911964,-1.491566885800835,0.4742750322093485,0,0
2018-10-01,0.0,-0.6582607178616751,-0.16389556698343027,-0.5602861736471445,-1.2843828204517054,-2.013736556975523,-2.201364207733018,-3.6967543879176237,-4.086426954092066,-4.947098497670666,-8.98473583660407,0.0,-1.3193433978940288,-1.8919465022056372,-2.4337460666375037,-1.5793890893448124,-3.340721292542012,-4.299111336436481,-3.8957760309846776,-3.0093570306680686,-1.1051346825648558,-1.6747577968926803,0,0
2018-10-02,0.0,0.5040244332664313,0.10359711140791339,-0.6241479663002063,-1.3627232263010023,-1.5550348920822215,-3.0696999658875153,-3.4663783581982055,-4.335785448585184,-8.423097714441852,-6.888321794622618,0.0,-0.5795403913204202,-1.1397391480178611,-0.2809499860837119,-2.0670703300626068,-3.040535634072711,-2.6749521145357846,-1.802540845600106,0.14564993231084955,-0.43929684995124685,0.4206443933795301,0,0
2018-10-03,0.0,-0.39692728304875813,-1.1210911541151747,-1.851872085496168,-2.040433501444904,-3.538840062011067,-3.9297847118060405,-4.791614354469244,-8.83681559870056,-7.319673322019259,-8.54875407659904,0.0,-0.5678200329612664,0.2921636720004468,-1.5033105146265004,-2.482564425745066,-2.133960720652026,-1.2685025754553099,0.6973606915392754,0.10617146623533014,0.9822803117411611,1.3846808524542138,0,0
2018-10-04,0.0,-0.7230154362285645,-1.455934403337651,-1.6464190710748456,-3.1494278663557997,-3.5427497995555686,-4.4058274840773946,-8.462048156699709,-6.939321904462604,-8.171908723155568,-8.712989162509809,0.0,0.868876737207255,-0.9520359858746907,-1.9458522969882894,-1.61113774588111,-0.7448992403763324,1.2562604016136896,0.6535271512548206,1.5536721260056188,1.9615823447607867,1.4325614887899967,0,0
2018-10-05,0.0,-0.7327381313060471,-0.9256460005860531,-2.4286772298763477,-2.8241236404995704,-3.6846949933507567,-7.738446042984628,-6.214032838418681,-7.446153734581397,-7.986391237829676,-8.442603034040282,0.0,-1.814833111614145,-2.804290460487258,-2.44221713728057,-1.561505761728462,0.4217143509768335,-0.17421518625832988,0.7053450295483563,1.1121830961887171,0.596964631890768,1.3650899346399905,0,0
2018-10-08,0.0,-0.19700004321472442,-1.712648504870225,-2.1135790139443444,-2.9788006521889576,-7.0639960224676805,-5.525085808615762,-6.767054958995194,-7.310958046612213,-7.776731990608394,-6.94075779336701,0.0,-1.010773839250406,-0.7025433835166375,0.1580683631703117,2.203606780576007,1.5859428797674324,2.5200277425708895,2.9340973930727374,2.383226065767329,3.1652231071955548,3.8882960974155045,0,1
2018-10-09,0.0,-1.5242672203397591,-1.9280599526821476,-2.7975092496859757,-6.905239699316486,-5.357121015586804,-6.606019521474534,-7.152781611083744,-7.622746408589416,-6.783249379450243,-8.451285782978893,0.0,0.2782188031488291,1.1285195544347157,3.2116692524278108,2.581002506714295,3.5469707324972912,3.9656164024377927,3.3939687283333235,4.184728866360229,4.912008198198811,2.7346644168651357,0,1
2018-10-10,0.0,-0.4156851324140135,-1.295495188866633,-5.472353793271421,-3.8925458035787663,-5.163075271369595,-5.7179315199231455,-6.2085092548991625,-5.363413579071052,-7.060122802056881,-7.978731920803449,0.0,0.8825741815300217,3.026341662767598,2.377797315577224,3.367636343302192,3.799339430291143,3.214125244265595,4.029513809156025,4.780575121094735,2.5372650854137735,2.2582719587572666,0,1
2018-10-11,0.0,-0.8852531083237765,-5.093449350345904,-3.5002605453736715,-4.780488712621568,-5.339207709902034,-5.836910168750344,-4.98778625738866,-6.697388491008742,-7.623478427922095,-7.118383650272858,0.0,2.1565631786984607,1.5056580952216543,2.487908523297742,2.924975611979205,2.3460387905728846,3.1714471269584497,3.9353314549564486,1.6703274632448624,1.4157063893108521,-0.7529589296464911,0,1
2018-10-12,0.0,-4.233984085991115,-2.6277915050098732,-3.916217660961388,-4.47772389330319,-4.9857806593084675,-4.136357254854489,-5.856781939831638,-6.789795691462269,-6.31053971000401,-5.392698724710441,0.0,-0.6161305077296682,0.28770517920499805,0.7102117432534001,0.18169017975843904,0.9793443183897969,1.7258009097221407,-0.4495485675375315,-0.6317276521481938,-2.7627179789184972,-4.157504979905412,0,0
2018-10-15,0.0,1.693315295526514,0.3461556644797638,-0.23702397454645752,-0.8038085237272872,0.0588391545498782,-1.7393912823905353,-2.7198674786381316,-2.3630413550911964,-1.491566885800835,0.4742750322093485,0.0,0.928280680336588,1.3557866333853141,0.8116436644444147,1.6188133587674551,2.3716889287571488,0.16632663330966205,-0.03725562897571422,-2.1830573711782586,-3.6055084272726847,-2.515536320127111,0,1
2018-10-16,0.0,-1.3193433978940288,-1.8919465022056372,-2.4337460666375037,-1.5793890893448124,-3.340721292542012,-4.299111336436481,-3.8957760309846776,-3.0093570306680686,-1.1051346825648558,-1.6747577968926803,0.0,0.41496842747674717,-0.09996921322395891,0.683419386378544,1.4176284834625181,-0.7170147683467691,-0.887407643025834,-2.9849919041063506,-4.3499446450051265,-3.286929033627959,-2.463498222175681,0,0
2018-10-17,0.0,-0.5795403913204202,-1.1397391480178611,-0.2809499860837119,-2.0670703300626068,-3.040535634072711,-2.6749521145357846,-1.802540845600106,0.14564993231084955,-0.43929684995124685,0.4206443933795301,0.0,-0.5069896973399368,0.2735050143776303,1.0066150211451508,-1.1175066673285778,-1.2747912318298216,-3.3715120877361633,-4.724268111021885,-3.6628128360782695,-2.8486672851450594,-0.8895707944383986,0,0
2018-10-18,0.0,-0.5678200329612664,0.2921636720004468,-1.5033105146265004,-2.482564425745066,-2.133960720652026,-1.2685025754553099,0.6973606915392754,0.10617146623533014,0.9822803117411611,1.3846808524542138,0.0,0.7957993045891217,1.5412378732141057,-0.6278802210320453,-0.8040832133191644,-2.93318178343121,-4.3215420154385376,-3.2422756714043723,-2.404243442415108,-0.4008264779000501,-1.1941174069268297,0,0
2018-10-19,0.0,0.868876737207255,-0.9520359858746907,-1.9458522969882894,-1.61113774588111,-0.7448992403763324,1.2562604016136896,0.6535271512548206,1.5536721260056188,1.9615823447607867,1.4325614887899967,0.0,0.743214063853878,-1.4052153407433283,-1.5559517237512042,-3.6831143500809094,-5.04762950587271,-3.971523769544863,-3.151617872066172,-1.171612472119588,-1.9670920916402186,-1.230183059008314,0,0
2018-10-22,0.0,-1.814833111614145,-2.804290460487258,-2.44221713728057,-1.561505761728462,0.4217143509768335,-0.17421518625832988,0.7053450295483563,1.1121830961887171,0.596964631890768,1.3650899346399905,0.0,-2.1376365467977845,-2.265160998847358,-4.39898040664185,-5.74663111903293,-4.669197309549548,-3.8629764426912168,-1.896980250407007,-2.6976726700366838,-1.9584112282552013,-2.3900294875319528,0,0
2018-10-23,0.0,-1.010773839250406,-0.7025433835166375,0.1580683631703117,2.203606780576007,1.5859428797674324,2.5200277425708895,2.9340973930727374,2.383226065767329,3.1652231071955548,3.8882960974155045,0.0,-0.1988480596112887,-2.351976461626486,-3.774439396454915,-2.6812132154634196,-1.8195489776653249,0.2241021090711557,-0.5757669074214813,0.17004691833203767,-0.2612743570800299,-0.7561245214764996,1,0
2018-10-24,0.0,0.2782188031488291,1.1285195544347157,3.2116692524278108,2.581002506714295,3.5469707324972912,3.9656164024377927,3.3939687283333235,4.184728866360229,4.912008198198811,2.7346644168651357,0.0,-2.222438428787113,-3.6968497376676552,-2.5678378614265283,-1.6737007212370392,0.4416242755251698,-0.38319921149366953,0.38660915078464164,-0.05818316226021425,-0.5685160779225416,-0.9296880545218817,1,0
2018-10-25,0.0,0.8825741815300217,3.026341662767598,2.377797315577224,3.367636343302192,3.799339430291143,3.214125244265595,4.029513809156025,4.780575121094735,2.5372650854137735,2.2582719587572666,0.0,-1.5183852776444189,-0.3996724729287351,0.5318080943130961,2.6787726928652487,1.8745722781465375,2.632891076545464,2.199064089651828,1.7010177685129777,1.3867188864763023,2.46043526085931,1,1
2018-10-26,0.0,2.1565631786984607,1.5056580952216543,2.487908523297742,2.924975611979205,2.3460387905728846,3.1714471269584497,3.9353314549564486,1.6703274632448624,1.4157063893108521,-0.7529589296464911,0.0,1.1460108995230212,2.1332188673891594,4.3695127412523975,3.555188481137664,4.328771504597826,3.8893683480983317,3.384703448136878,3.0943397317369286,4.199969484340228,4.0685079734001945,1,1
2018-10-29,0.0,-0.6161305077296682,0.28770517920499805,0.7102117432534001,0.18169017975843904,0.9793443183897969,1.7258009097221407,-0.4495485675375315,-0.6317276521481938,-2.7627179789184972,-4.157504979905412,0.0,0.9645269935468526,3.17734635249955,2.3546315000092455,3.131916087382547,2.6880711806675017,2.178466780776235,1.8642862264851763,2.9675724943897936,2.847900496273131,2.565260797869775,0,1
2018-10-30,0.0,0.928280680336588,1.3557866333853141,0.8116436644444147,1.6188133587674551,2.3716889287571488,0.16632663330966205,-0.03725562897571422,-2.1830573711782586,-3.6055084272726847,-2.515536320127111,0.0,2.147983100729763,1.3355390449139972,2.09970478135556,1.6614694434386017,1.1584353009134225,0.8315178896140827,1.9100428041472197,1.8023794702103708,1.54593052199768,0.4848213981060676,1,1
2018-10-31,0.0,0.41496842747674717,-0.09996921322395891,0.683419386378544,1.4176284834625181,-0.7170147683467691,-0.887407643025834,-2.9849919041063506,-4.3499446450051265,-3.286929033627959,-2.463498222175681,0.0,-0.8089672729018564,-0.05545217020412935,-0.4916638791772054,-0.9920950949832275,-1.3536147321344272,-0.3034507261388719,-0.38793052196430367,-0.5943075896970502,-1.6190843534384123,-1.4024342106439054,0,0
2018-11-01,0.0,-0.5069896973399368,0.2735050143776303,1.0066150211451508,-1.1175066673285778,-1.2747912318298216,-3.3715120877361633,-4.724268111021885,-3.6628128360782695,-2.8486672851450594,-0.8895707944383986,0.0,0.7465624663413387,0.3159155233776814,-0.17823628236511813,-0.52165661515855,0.5238428364219998,0.43196762578817194,0.209964280512195,-0.8134790843277449,-0.6034285342391101,-0.5425918588726417,0,0
2018-11-02,0.0,0.7957993045891217,1.5412378732141057,-0.6278802210320453,-0.8040832133191644,-2.93318178343121,-4.3215420154385376,-3.2422756714043723,-2.404243442415108,-0.4008264779000501,-1.1941174069268297,0.0,-0.4343289124467248,-0.9326073523363082,-1.2916372548367123,-0.2454043200262781,-0.33010330791219955,-0.5368477120994709,-1.5580101948145608,-1.342559465531644,-1.2896301145692575,-1.386849144537321,0,0
2018-11-05,0.0,0.743214063853878,-1.4052153407433283,-1.5559517237512042,-3.6831143500809094,-5.04762950587271,-3.971523769544863,-3.151617872066172,-1.171612472119588,-1.9670920916402186,-1.230183059008314,0.0,-0.4949376961985896,-0.8442592141153296,0.1995418619792373,0.11085897755341412,-0.1043053183047678,-1.1248257769727026,-0.9129088177990434,-0.8555121599322775,-0.9516475591531258,-1.499156220644176,0,0
2018-11-06,0.0,-2.1376365467977845,-2.265160998847358,-4.39898040664185,-5.74663111903293,-4.669197309549548,-3.8629764426912168,-1.896980250407007,-2.6976726700366838,-1.9584112282552013,-2.3900294875319528,0.0,-0.33838120365300894,0.7027879318577006,0.6095892940192522,0.3848778899578654,-0.6350322465881992,-0.4270878516071861,-0.364632264672352,-0.4595530114244495,-1.014514682405471,-0.21231519208270022,0,0
2018-11-07,0.0,-0.1988480596112887,-2.351976461626486,-3.774439396454915,-2.6812132154634196,-1.8195489776653249,0.2241021090711557,-0.5757669074214813,0.17004691833203767,-0.2612743570800299,-0.7561245214764996,0.0,1.0221011670614573,0.9274841186346899,0.7002347296449547,-0.30229116902867137,-0.1004223078895845,-0.03567912008264962,-0.12822036572819817,-0.6788435215307151,0.10353679468642607,0.9639107203723984,0,0
2018-11-08,0.0,-2.222438428787113,-3.6968497376676552,-2.5678378614265283,-1.6737007212370392,0.4416242755251698,-0.38319921149366953,0.38660915078464164,-0.05818316226021425,-0.5685160779225416,-0.9296880545218817,0.0,-0.0845625711753254,-0.2902738199249444,-1.2836674010633438,-1.0758994734006029,-1.0219938762264977,-1.1160203828977884,-1.645973184416622,-0.8519315792203503,-0.0010475155327549501,-0.9181309754857203,0,0
2018-11-09,0.0,-1.5183852776444189,-0.3996724729287351,0.5318080943130961,2.6787726928652487,1.8745722781465375,2.632891076545464,2.199064089651828,1.7010177685129777,1.3867188864763023,2.46043526085931,0.0,-0.20948142269997394,-1.2130786218734255,-1.0038353032316945,-0.9485036711709012,-1.0432977770130551,-1.5800265682195196,-0.7794283299754392,0.0803362333587394,-0.8465859943670209,-0.8942485384356327,1,0
2018-11-12,0.0,1.1460108995230212,2.1332188673891594,4.3695127412523975,3.555188481137664,4.328771504597826,3.8893683480983317,3.384703448136878,3.0943397317369286,4.199969484340228,4.0685079734001945,0.0,-1.026276671699442,-0.8139891526194099,-0.7551764846038087,-0.8516059757947718,-1.4038713860878684,-0.5892707129954786,0.29028265526604047,-0.6586576561910484,-0.7041702469544513,-1.2216005290466982,1,0
2018-11-13,0.0,0.9645269935468526,3.17734635249955,2.3546315000092455,3.131916087382547,2.6880711806675017,2.178466780776235,1.8642862264851763,2.9675724943897936,2.847900496273131,2.565260797869775,0.0,0.20695184656329613,0.27738153734479054,0.1821216980709769,-0.3940798617982113,0.4115699361861407,1.3046433097104433,0.3377991803316638,0.3073446227150487,-0.21290839139788464,0.9388037256428567,1,0
2018-11-14,0.0,2.147983100729763,1.3355390449139972,2.09970478135556,1.6614694434386017,1.1584353009134225,0.8315178896140827,1.9100428041472197,1.8023794702103708,1.54593052199768,0.4848213981060676,0.0,0.06861452924715694,-0.027639495813293724,-0.6035186278268849,0.21034706221257982,1.1077382968573526,0.13688713421529464,0.1031145692505705,-0.42068622985900717,0.7326464382906286,-0.6315131691304537,1,0
2018-11-15,0.0,-0.8089672729018564,-0.05545217020412935,-0.4916638791772054,-0.9920950949832275,-1.3536147321344272,-0.3034507261388719,-0.38793052196430367,-0.5943075896970502,-1.6190843534384123,-1.4024342106439054,0.0,-0.09533124928453371,-0.6636552462225525,0.14234626225979774,1.029528115764029,0.06993757141996237,0.03552553873538944,-0.48264944662183984,0.6562875106045228,-0.6925072896021056,-0.12588502804979684,0,0
2018-11-16,0.0,0.7465624663413387,0.3159155233776814,-0.17823628236511813,-0.52165661515855,0.5238428364219998,0.43196762578817194,0.209964280512195,-0.8134790843277449,-0.6034285342391101,-0.5425918588726417,0.0,-0.5691877408644797,0.23409202643720306,1.1204283528633754,0.16145053971370693,0.12850494560767078,-0.3887093787035967,0.7509270841866285,-0.5963653545350277,-0.02968341192233581,0.15708007109144462,0,0
2018-11-19,0.0,-0.4343289124467248,-0.9326073523363082,-1.2916372548367123,-0.2454043200262781,-0.33010330791219955,-0.5368477120994709,-1.5580101948145608,-1.342559465531644,-1.2896301145692575,-1.386849144537321,0.0,0.8110633930652693,1.7193878966974696,0.7347437063002158,0.7098927738292391,0.18274929994120195,1.3617537170662766,-0.017613981771021914,0.5668540929053285,0.7644186220803086,-0.15496401712231253,0,0
2018-11-20,0.0,-0.4949376961985896,-0.8442592141153296,0.1995418619792373,0.11085897755341412,-0.1043053183047678,-1.1248257769727026,-0.9129088177990434,-0.8555121599322775,-0.9516475591531258,-1.499156220644176,0.0,0.9150437969769101,-0.07420043383308395,-0.11198398255240916,-0.6471781724724699,0.5246749102813069,-0.8668253615407404,-0.2833665847305191,-0.09316380066492957,-0.9938647265590799,-3.1915606512860393,0,0
2018-11-21,0.0,-0.33838120365300894,0.7027879318577006,0.6095892940192522,0.3848778899578654,-0.6350322465881992,-0.4270878516071861,-0.364632264672352,-0.4595530114244495,-1.014514682405471,-0.21231519208270022,0.0,-0.9714012595079481,-1.022679173929808,-1.5544007764175771,-0.4176864409967833,-1.7903800635761187,-1.2215815725107557,-1.0439728900045386,-1.9030140541973035,-4.072832545129702,-4.14909801755113,0,0
2018-11-23,0.0,1.0221011670614573,0.9274841186346899,0.7002347296449547,-0.30229116902867137,-0.1004223078895845,-0.03567912008264962,-0.12822036572819817,-0.6788435215307151,0.10353679468642607,0.9639107203723984,0.0,-0.0367882550130576,-0.5740325827637349,0.604594169918192,-0.7930477624826788,-0.206451655140663,-0.01457768450677488,-0.9217006525821028,-3.128945091929731,-3.2300541561443064,-3.417751730326334,0,0
2018-11-26,0.0,-0.0845625711753254,-0.2902738199249444,-1.2836674010633438,-1.0758994734006029,-1.0219938762264977,-1.1160203828977884,-1.645973184416622,-0.8519315792203503,-0.0010475155327549501,-0.9181309754857203,0.0,-0.5291007942975314,0.632754942851951,-0.7440902657254751,-0.1659534827249569,0.02346364710747295,-0.871332911154846,-3.0456613354638433,-3.1461122400561106,-3.33094310158948,-4.603559335047068,0,0
2018-11-27,0.0,-0.20948142269997394,-1.2130786218734255,-1.0038353032316945,-0.9485036711709012,-1.0432977770130551,-1.5800265682195196,-0.7794283299754392,0.0803362333587394,-0.8465859943670209,-0.8942485384356327,0.0,1.1763985722359407,-0.20443039548784014,0.3793037827325332,0.5750756657202967,-0.33939173507458287,-2.5189539636889124,-2.632036433476923,-2.816325983895104,-4.091715804498748,-3.297116319678212,0,0
2018-11-28,0.0,-1.026276671699442,-0.8139891526194099,-0.7551764846038087,-0.8516059757947718,-1.4038713860878684,-0.5892707129954786,0.29028265526604047,-0.6586576561910484,-0.7041702469544513,-1.2216005290466982,0.0,-1.3319901352939827,-0.7771220181090058,-0.6004361605746471,-1.4467828094805277,-3.551470271482871,-3.634705879763895,-3.814731072823983,-5.046914353888788,-4.2849121230910905,-4.052701327628329,0,0
2018-11-29,0.0,0.20695184656329613,0.27738153734479054,0.1821216980709769,-0.3940798617982113,0.4115699361861407,1.3046433097104433,0.3377991803316638,0.3073446227150487,-0.21290839139788464,0.9388037256428567,0.0,0.5746604385278161,0.7690529155700334,-0.13525066671121966,-2.2751120630912283,-2.390727408026732,-2.5712945418941144,-3.8233456824161993,-3.04228225073214,-2.806676729663643,-2.5779124776950795,0,0
2018-11-30,0.0,0.06861452924715694,-0.027639495813293724,-0.6035186278268849,0.21034706221257982,1.1077382968573526,0.13688713421529464,0.1031145692505705,-0.42068622985900717,0.7326464382906286,-0.6315131691304537,0.0,0.1855228850197288,-0.6878236983424668,-2.797468708619474,-2.8985873996343603,-3.0776287657677717,-4.312300846970879,-3.544892852630482,-3.312412491795149,-3.076400177158135,-1.3001031662467755,0,0
2018-12-03,0.0,-0.09533124928453371,-0.6636552462225525,0.14234626225979774,1.029528115764029,0.06993757141996237,0.03552553873538944,-0.48264944662183984,0.6562875106045228,-0.6925072896021056,-0.12588502804979684,0.0,-0.8563833113880244,-2.9391032057074997,-3.0348170605019673,-3.2119008384111423,-4.430911171233457,-3.674137448628417,-3.4445596753771843,-3.208208292875378,-1.4508091576125075,-0.54075919416006,0,0
2018-12-04,0.0,-0.5691877408644797,0.23409202643720306,1.1204283528633754,0.16145053971370693,0.12850494560767078,-0.3887093787035967,0.7509270841866285,-0.5963653545350277,-0.02968341192233581,0.15708007109144462,0.0,-2.1729600123577986,-2.293550024111322,-2.4766564738369463,-3.747999388564149,-2.9542042338844263,-2.7150044251733885,-2.4852971718629253,-0.6707618594234237,0.2781975833223669,1.1782694631791957,0,0
2018-12-06,0.0,0.8110633930652693,1.7193878966974696,0.7347437063002158,0.7098927738292391,0.18274929994120195,1.3617537170662766,-0.017613981771021914,0.5668540929053285,0.7644186220803086,-0.15496401712231253,0.0,-0.1753406889014677,-0.35897722858338454,-1.661360537619418,-0.8368767263863501,-0.592420061688856,-0.39899130392517757,1.4141707863378157,2.3859020560669,3.275052801641148,3.905917431450666,0,1
2018-12-07,0.0,0.9150437969769101,-0.07420043383308395,-0.11198398255240916,-0.6471781724724699,0.5246749102813069,-0.8668253615407404,-0.2833665847305191,-0.09316380066492957,-0.9938647265590799,-3.1915606512860393,0.0,-0.18804244956993887,-1.5239851441161119,-0.6773208799409145,-0.4266133899957454,-0.23166546916279662,1.6244391003710994,2.62117674518186,3.530517486554768,4.17490618332069,3.7629475150606906,0,1
2018-12-10,0.0,-0.9714012595079481,-1.022679173929808,-1.5544007764175771,-0.4176864409967833,-1.7903800635761187,-1.2215815725107557,-1.0439728900045386,-1.9030140541973035,-4.072832545129702,-4.14909801755113,0.0,-1.3361677319797058,-0.4883844664574532,-0.23768511184059593,-0.04632111401282413,1.8061521873020923,2.803023414233053,3.7096768304635694,4.351322614714263,3.9356932833817853,4.882283906161326,0,1
2018-12-11,0.0,-0.0367882550130576,-0.5740325827637349,0.604594169918192,-0.7930477624826788,-0.206451655140663,-0.01457768450677488,-0.9217006525821028,-3.128945091929731,-3.2300541561443064,-3.417751730326334,0.0,0.8669170194941276,1.12083098361918,1.2888639285313674,3.1393531326538566,4.1502026859399805,5.049326027509952,5.679581058410626,5.232070359647761,6.158163389043417,5.285268262234454,0,1
2018-12-12,0.0,-0.5291007942975314,0.632754942851951,-0.7440902657254751,-0.1659534827249569,0.02346364710747295,-0.871332911154846,-3.0456613354638433,-3.1461122400561106,-3.33094310158948,-4.603559335047068,0.0,0.25055726749751284,0.4325691909731426,2.274765908057449,3.2715008558880956,4.170773278560899,4.80502242796459,4.380110045127234,5.314464725335428,4.416097496915302,6.113883948754144,0,1
2018-12-13,0.0,1.1763985722359407,-0.20443039548784014,0.3793037827325332,0.5750756657202967,-0.33939173507458287,-2.5189539636889124,-2.632036433476923,-2.816325983895104,-4.091715804498748,-3.297116319678212,0.0,0.186364547274382,2.029417444765315,3.0238388185883327,3.9247396828608143,4.561258991903506,4.142115143331136,5.080499893821415,4.173202309425143,5.86509042777104,5.48621760114127,0,1
2018-12-14,0.0,-1.3319901352939827,-0.7771220181090058,-0.6004361605746471,-1.4467828094805277,-3.551470271482871,-3.634705879763895,-3.814731072823983,-5.046914353888788,-4.2849121230910905,-4.052701327628329,0.0,1.8792914956502986,2.891123957289671,3.8106721129054595,4.461230258631145,4.038446104105564,4.998054733917777,4.066352498673691,5.786349629225798,5.401062474907143,5.573394896537785,0,1
2018-12-17,0.0,0.5746604385278161,0.7690529155700334,-0.13525066671121966,-2.2751120630912283,-2.390727408026732,-2.5712945418941144,-3.8233456824161993,-3.04228225073214,-2.806676729663643,-2.5779124776950795,0.0,1.0136777450267305,1.9640436979886329,2.645137366304014,2.2590866070347606,3.269059309012322,2.24926885851934,3.9570511114492417,3.5732848384220914,3.730345854753516,3.551323670227894,0,1
2018-12-18,0.0,0.1855228850197288,-0.6878236983424668,-2.797468708619474,-2.8985873996343603,-3.0776287657677717,-4.312300846970879,-3.544892852630482,-3.312412491795149,-3.076400177158135,-1.3001031662467755,0.0,0.956196875263003,1.6459804523241823,1.283856183359212,2.309429115271784,1.2540076667861249,2.9361804371994498,2.557515549209978,2.704667840849003,2.5262041275522673,1.7046421218062444,0,1
2018-12-19,0.0,-0.8563833113880244,-2.9391032057074997,-3.0348170605019673,-3.2119008384111423,-4.430911171233457,-3.674137448628417,-3.4445596753771843,-3.208208292875378,-1.4508091576125075,-0.54075919416006,0.0,0.7090009471340925,0.3642413418649495,1.420969398801323,0.3146206392335351,1.9985576829382028,1.6188563254728905,1.7587731044807906,1.5780421732344718,0.7754996361268469,2.147099256654619,0,1
2018-12-20,0.0,-2.1729600123577986,-2.293550024111322,-2.4766564738369463,-3.747999388564149,-2.9542042338844263,-2.7150044251733885,-2.4852971718629253,-0.6707618594234237,0.2781975833223669,1.1782694631791957,0.0,-0.333054140201289,0.7519206272706573,-0.39791551397095876,1.2946448650970943,0.9125137296192732,1.047536907667941,0.8643013700606821,0.07274210056676855,1.4319914888748153,1.5461542042564371,0,0
2018-12-21,0.0,-0.1753406889014677,-0.35897722858338454,-1.661360537619418,-0.8368767263863501,-0.592420061688856,-0.39899130392517757,1.4141707863378157,2.3859020560669,3.275052801641148,3.905917431450666,0.0,1.1023108379604007,-0.05923855842673431,1.677781314196034,1.285849788584159,1.4271623453164617,1.2398856314483955,0.42015538356757665,1.8245805163592443,1.9440469952951958,1.9050405403866968,1,0
2018-12-24,0.0,-0.18804244956993887,-1.5239851441161119,-0.6773208799409145,-0.4266133899957454,-0.23166546916279662,1.6244391003710994,2.62117674518186,3.530517486554768,4.17490618332069,3.7629475150606906,0.0,-1.2361049903090877,0.519250210480827,0.1223822020059746,0.25594623809387773,0.06409184319593475,-0.739432079920531,0.6479073820632371,0.7608692519671916,0.7094455002255593,-0.7266990795036268,1,0
2018-12-26,0.0,-1.3361677319797058,-0.4883844664574532,-0.23768511184059593,-0.04632111401282413,1.8061521873020923,2.803023414233053,3.7096768304635694,4.351322614714263,3.9356932833817853,4.882283906161326,0.0,1.702549085994769,1.3184348183737256,1.457399181399025,1.2739673203309783,0.46927732007818357,1.8474071285338387,1.9648861579831518,1.9272464101782623,0.5477489026631206,2.1906080733447357,1,1
2018-12-27,0.0,0.8669170194941276,1.12083098361918,1.2888639285313674,3.1393531326538566,4.1502026859399805,5.049326027509952,5.679581058410626,5.232070359647761,6.158163389043417,5.285268262234454,0.0,-0.37246959648948874,-0.25105298185424646,-0.4320293048297664,-1.1751944866525408,0.11248922335291245,0.2151977785118997,0.1620087016527738,-1.190107656298832,0.4039719696253936,-0.27249809860034624,1,0
2018-12-28,0.0,0.25055726749751284,0.4325691909731426,2.274765908057449,3.2715008558880956,4.170773278560899,4.80502242796459,4.380110045127234,5.314464725335428,4.416097496915302,6.113883948754144,0.0,0.1252015927477088,-0.05619912768332347,-0.8124312045763686,0.49433655089280837,0.6002307110431397,0.5504987546641011,-0.8067773683547075,0.7970172991379334,0.1171137177864976,1.2841912549881283,1,0
2018-12-31,0.0,0.186364547274382,2.029417444765315,3.0238388185883327,3.9247396828608143,4.561258991903506,4.142115143331136,5.080499893821415,4.173202309425143,5.86509042777104,5.48621760114127,0.0,-0.17980740499786352,-0.9256679300733719,0.36433164652760297,0.4683259320983726,0.4178512175730158,-0.926848389460234,0.6608912093747339,-0.012432199195148819,1.1440576504433686,2.746318843305323,1,1
2019-01-02,0.0,1.8792914956502986,2.891123957289671,3.8106721129054595,4.461230258631145,4.038446104105564,4.998054733917777,4.066352498673691,5.786349629225798,5.401062474907143,5.573394896537785,0.0,-0.7507095271170421,0.5459977282406414,0.6513193208951347,0.6025896291668307,-0.7420663182485696,0.8473516984454825,0.17364429672906656,1.3297685849553886,2.934863383745508,4.693782477686524,1,1
2019-01-03,0.0,1.0136777450267305,1.9640436979886329,2.645137366304014,2.2590866070347606,3.269059309012322,2.24926885851934,3.9570511114492417,3.5732848384220914,3.730345854753516,3.551323670227894,0.0,1.3665743190500201,1.4810322651610104,1.4385117243606116,0.05236895705067379,1.6984787293102315,1.002189884686878,2.1925330989196627,3.8599158909512283,5.679314480639457,5.062696254142444,1,1
2019-01-04,0.0,0.956196875263003,1.6459804523241823,1.283856183359212,2.309429115271784,1.2540076667861249,2.9361804371994498,2.557515549209978,2.704667840849003,2.5262041275522673,1.7046421218062444,0.0,0.10007396945635838,0.04676989105161655,-1.2813169908788211,0.2833809421639817,-0.3808202416355697,0.762031729611556,2.338782958483977,4.071860801070409,3.473257366703514,4.028106576664846,1,1
2019-01-07,0.0,0.7090009471340925,0.3642413418649495,1.420969398801323,0.3146206392335351,1.9985576829382028,1.6188563254728905,1.7587731044807906,1.5780421732344718,0.7754996361268469,2.147099256654619,0.0,-0.05384297856284492,-1.3717856752977948,0.1800220243223687,-0.47888562509219335,0.6554150171079296,2.2185568286697346,3.937635185663699,3.3430158614550454,3.8921023249636004,4.597555885697254,1,1
2019-01-08,0.0,-0.333054140201289,0.7519206272706573,-0.39791551397095876,1.2946448650970943,0.9125137296192732,1.047536907667941,0.8643013700606821,0.07274210056676855,1.4319914888748153,1.5461542042564371,0.0,-1.3057653415545465,0.23220368048981277,-0.42073306678087086,0.7029923014547317,2.2525243983874677,3.9561244426017423,3.3673121501496905,3.912136521150314,4.610405349747249,4.562026771418399,0,1
2019-01-09,0.0,1.1023108379604007,-0.05923855842673431,1.677781314196034,1.285849788584159,1.4271623453164617,1.2398856314483955,0.42015538356757665,1.8245805163592443,1.9440469952951958,1.9050405403866968,0.0,1.5578265316911895,0.8987932104180241,2.0257202989415455,3.6033748448313956,5.32533279084806,4.741319973602726,5.30878218059169,5.994091760863858,5.94823213191202,6.366362913579813,0,1
2019-01-10,0.0,-1.2361049903090877,0.519250210480827,0.1223822020059746,0.25594623809387773,0.06409184319593475,-0.739432079920531,0.6479073820632371,0.7608692519671916,0.7094455002255593,-0.7266990795036268,0.0,-0.6458264445735895,0.46692710142755356,1.9972156357348134,3.6818385691239413,3.0976512654772264,3.6334968593257084,4.327542173346389,4.279174888726461,4.686933223824898,4.240846799981059,0,1
2019-01-11,0.0,1.702549085994769,1.3184348183737256,1.457399181399025,1.2739673203309783,0.46927732007818357,1.8474071285338387,1.9648861579831518,1.9272464101782623,0.5477489026631206,2.1906080733447357,0.0,1.1167336340595582,2.6641299890757564,4.361405461304319,3.7783072419036445,4.326417013957904,5.015608787347059,4.968372303692392,5.379750616019887,4.936314997975272,5.088221002471396,1,1
2019-01-14,0.0,-0.37246959648948874,-0.25105298185424646,-0.4320293048297664,-1.1751944866525408,0.11248922335291245,0.2151977785118997,0.1620087016527738,-1.190107656298832,0.4039719696253936,-0.27249809860034624,0.0,1.526402335142783,3.211212924564281,2.623003407308257,3.1529551891634924,3.8543511051367996,3.8048989042893915,4.212299868645398,3.761827640854298,3.9218296153347794,3.0484254578503016,0,1
2019-01-15,0.0,0.1252015927477088,-0.05619912768332347,-0.8124312045763686,0.49433655089280837,0.6002307110431397,0.5504987546641011,-0.8067773683547075,0.7970172991379334,0.1171137177864976,1.2841912549881283,0.0,1.6388327107870884,1.0542019612043476,1.5509255727133326,2.256106712063217,2.204601272885677,2.5996147726151033,2.147767951183633,2.3156350851395278,1.466546487339476,1.3585185361048921,0,1
2019-01-16,0.0,-0.17980740499786352,-0.9256679300733719,0.36433164652760297,0.4683259320983726,0.4178512175730158,-0.926848389460234,0.6608912093747339,-0.012432199195148819,1.1440576504433686,2.746318843305323,0.0,-0.5861631062109691,-0.11988588886576745,0.5956644116797658,0.5415329860908747,0.9270969589166351,0.4697111976752948,0.6473708588463731,-0.18383684422703772,-0.31513670316520237,0.23080563295849466,1,0
2019-01-17,0.0,-0.7507095271170421,0.5459977282406414,0.6513193208951347,0.6025896291668307,-0.7420663182485696,0.8473516984454825,0.17364429672906656,1.3297685849553886,2.934863383745508,4.693782477686524,0.0,0.47318613381276275,1.1791074633018996,1.1263570509348546,1.5120610825490988,1.0604442979707007,1.2331554343597437,0.4025283714306155,0.280567848454359,0.8306842904010789,1.9148482114081045,1,0
2019-01-18,0.0,1.3665743190500201,1.4810322651610104,1.4385117243606116,0.05236895705067379,1.6984787293102315,1.002189884686878,2.1925330989196627,3.8599158909512283,5.679314480639457,5.062696254142444,0.0,0.7000785236430409,0.6472469539481803,1.0255308892948989,0.5779582805401365,0.7512693027258037,-0.06406890057845938,-0.19102805123554642,0.3453945073725133,1.4100546078719844,1.030807453261536,1,0
2019-01-22,0.0,0.10007396945635838,0.04676989105161655,-1.2813169908788211,0.2833809421639817,-0.3808202416355697,0.762031729611556,2.338782958483977,4.071860801070409,3.473257366703514,4.028106576664846,0.0,-0.05476571359302643,0.3252727373056562,-0.1315330489962132,0.04862716322197691,-0.7715569780677423,-0.9104249995523492,-0.3763089525617249,0.6953745634485577,0.30848204163384807,0.08281410132399092,1,0
2019-01-23,0.0,-0.05384297856284492,-1.3717856752977948,0.1800220243223687,-0.47888562509219335,0.6554150171079296,2.2185568286697346,3.937635185663699,3.3430158614550454,3.8921023249636004,4.597555885697254,0.0,0.37948564773231525,-0.07610049808504304,0.10332873165612866,-0.7155798146866402,-0.8533677759470862,-0.31965675776679836,0.7503061289097221,0.36443297083747384,0.13940379209882847,-0.6692506260852236,1,0
2019-01-24,0.0,-1.3057653415545465,0.23220368048981277,-0.42073306678087086,0.7029923014547317,2.2525243983874677,3.9561244426017423,3.3673121501496905,3.912136521150314,4.610405349747249,4.562026771418399,0.0,-0.4564473847354662,-0.2749535480706698,-1.0890995431828543,-1.2320439167699149,-0.704371668668053,0.3597401590620941,-0.026768487526050322,-0.25247323396252375,-1.0560978352266814,0.9983634556402752,1,0
2019-01-25,0.0,1.5578265316911895,0.8987932104180241,2.0257202989415455,3.6033748448313956,5.32533279084806,4.741319973602726,5.30878218059169,5.994091760863858,5.94823213191202,6.366362913579813,0.0,0.1772167352819789,-0.6344037664079678,-0.7697853998885574,-0.24024294457091355,0.8201239933645621,0.43825536145847144,0.21562190309683826,-0.5859004786400774,1.4561690929361468,0.642689177352598,1,0
2019-01-28,0.0,-0.6458264445735895,0.46692710142755356,1.9972156357348134,3.6818385691239413,3.0976512654772264,3.6334968593257084,4.327542173346389,4.279174888726461,4.686933223824898,4.240846799981059,0.0,-0.8163213049190463,-0.9552987556187369,-0.42407433256562976,0.6426094691185757,0.2571700916213482,0.03231070775597766,-0.7736997123631815,1.2825743105977847,0.46399917587032347,0.678365864310913,1,0
2019-01-29,0.0,1.1167336340595582,2.6641299890757564,4.361405461304319,3.7783072419036445,4.326417013957904,5.015608787347059,4.968372303692392,5.379750616019887,4.936314997975272,5.088221002471396,0.0,-0.12751084314274008,0.41606989879686385,1.4938729489254348,1.110415908453958,0.887378168577341,0.07163770953258553,2.1399038424867483,1.3139492789339133,1.5309975944384342,0.8089110700791267,1,1
2019-01-30,0.0,1.526402335142783,3.211212924564281,2.623003407308257,3.1529551891634924,3.8543511051367996,3.8048989042893915,4.212299868645398,3.761827640854298,3.9218296153347794,3.0484254578503016,0.0,0.5370116174306554,1.599760397063985,1.2225598302848293,1.0032625604740937,0.19871667882553679,2.2366770177695035,1.4224321367851425,1.6365159110202998,0.9262293936093329,1.6377535250429451,1,1
2019-01-31,0.0,1.6388327107870884,1.0542019612043476,1.5509255727133326,2.256106712063217,2.204601272885677,2.5996147726151033,2.147767951183633,2.3156350851395278,1.466546487339476,1.3585185361048921,0.0,1.047633383588012,0.6720367791800389,0.4532475530302662,-0.33902288967286964,1.675870416025396,0.8724834623616183,1.0832421334250901,0.3758986529623658,1.0759958481963174,0.6624216278002757,1,0
2019-02-01,0.0,-0.5861631062109691,-0.11988588886576745,0.5956644116797658,0.5415329860908747,0.9270969589166351,0.4697111976752948,0.6473708588463731,-0.18383684422703772,-0.31513670316520237,0.23080563295849466,0.0,-0.3783914347499536,-0.5996302057864673,-1.3806592532351023,0.6213549438117946,-0.17369662800387398,0.033956746980286695,-0.6787997142251705,0.010246863388109873,-0.39588198885894044,-0.23551295270362615,0,0
2019-02-04,0.0,0.47318613381276275,1.1791074633018996,1.1263570509348546,1.5120610825490988,1.0604442979707007,1.2331554343597437,0.4025283714306155,0.280567848454359,0.8306842904010789,1.9148482114081045,0.0,-0.2188024177473304,-0.9983444954717453,0.9941580722269028,0.20173179667442942,0.40903150961789586,-0.2967624136833472,0.3913776206068047,-0.0145502920725189,0.1494758645010026,-0.3478281153069869,0,0
2019-02-05,0.0,0.7000785236430409,0.6472469539481803,1.0255308892948989,0.5779582805401365,0.7512693027258037,-0.06406890057845938,-0.19102805123554642,0.3453945073725133,1.4100546078719844,1.030807453261536,0.0,-0.7780677511297274,1.207387871113858,0.41709967888405874,0.6240313056237576,-0.07720355847611807,0.6098681393061506,0.2043787860499311,0.370373848393166,-0.12534824689161428,-0.11594327401476323,0,0
2019-02-06,0.0,-0.05476571359302643,0.3252727373056562,-0.1315330489962132,0.04862716322197691,-0.7715569780677423,-0.9104249995523492,-0.3763089525617249,0.6953745634485577,0.30848204163384807,0.08281410132399092,0.0,1.9981670251124979,1.2004184736768173,1.409993863622717,0.7117220995389685,1.4081255679875553,0.9964378970103479,1.1727046886147812,0.6731695901419543,0.6840909177088776,1.1109579470937097,0,0
2019-02-07,0.0,0.37948564773231525,-0.07610049808504304,0.10332873165612866,-0.7155798146866402,-0.8533677759470862,-0.31965675776679836,0.7503061289097221,0.36443297083747384,0.13940379209882847,-0.6692506260852236,0.0,-0.7906989097773338,-0.5847297103348227,-1.301182020690201,-0.6181641129501452,-1.0201900382645297,-0.8676007478141861,-1.3649237326002461,-1.3577265602482453,-0.9281721349336312,0.3272367896956583,0,0
2019-02-08,0.0,-0.4564473847354662,-0.2749535480706698,-1.0890995431828543,-1.2320439167699149,-0.704371668668053,0.3597401590620941,-0.026768487526050322,-0.25247323396252375,-1.0560978352266814,0.9983634556402752,0.0,0.20803413723487774,-0.5033626182168639,0.18707127874607843,-0.22002991784275006,-0.05754367181209741,-0.5572653468559077,-0.5485627889396008,-0.11876806171419485,1.151017088315895,1.0549656580103255,0,0
2019-02-11,0.0,0.1772167352819789,-0.6344037664079678,-0.7697853998885574,-0.24024294457091355,0.8201239933645621,0.43825536145847144,0.21562190309683826,-0.5859004786400774,1.4561690929361468,0.642689177352598,0.0,-0.712092021084075,-0.0242141246027181,-0.42962402054097426,-0.26987654085721546,-0.7685266199268195,-0.7602264592311934,-0.330875485954758,0.9340155611387404,0.8379679437452152,0.6825732741532433,0,0
2019-02-12,0.0,-0.8163213049190463,-0.9552987556187369,-0.42407433256562976,0.6426094691185757,0.2571700916213482,0.03231070775597766,-0.7736997123631815,1.2825743105977847,0.46399917587032347,0.678365864310913,0.0,0.686073094343526,0.2811056561426675,0.4476418332177219,-0.047074828275341485,-0.03754801358141391,0.38680701039047904,1.6490313439494977,1.5544220770578479,1.3993486582225092,1.5776503710881702,0,0
2019-02-13,0.0,-0.12751084314274008,0.41606989879686385,1.4938729489254348,1.110415908453958,0.887378168577341,0.07163770953258553,2.1399038424867483,1.3139492789339133,1.5309975944384342,0.8089110700791267,0.0,-0.3992022139256246,-0.24166705726963567,-0.7325679751990806,-0.7243534247987151,-0.3017287049389545,0.9437510092681063,0.8492188500866185,0.6962086922426554,0.8731402836863189,0.47507295904734725,1,0
2019-02-14,0.0,0.5370116174306554,1.599760397063985,1.2225598302848293,1.0032625604740937,0.19871667882553679,2.2366770177695035,1.4224321367851425,1.6365159110202998,0.9262293936093329,1.6377535250429451,0.0,0.1629606344326755,-0.3306146210745291,-0.3216221084059139,0.1023918761270941,1.3588052756482945,1.2641443906249978,1.1097873946664143,1.2876798478083205,0.8857954252107796,0.9370280295956745,1,0
2019-02-15,0.0,1.047633383588012,0.6720367791800389,0.4532475530302662,-0.33902288967286964,1.675870416025396,0.8724834623616183,1.0832421334250901,0.3758986529623658,1.0759958481963174,0.6624216278002757,0.0,-0.4877189282470752,-0.4791239576860292,-0.05977873922707363,1.1800815564451224,1.0863906117093087,0.9340686784120302,1.1098516186086438,0.7133895165353346,0.7628758631568096,0.17160114169870944,0,0
2019-02-19,0.0,-0.3783914347499536,-0.5996302057864673,-1.3806592532351023,0.6213549438117946,-0.17369662800387398,0.033956746980286695,-0.6787997142251705,0.010246863388109873,-0.39588198885894044,-0.23551295270362615,0.0,0.009493775320135428,0.4285317244029987,1.6757269282472251,1.5823240198054127,1.429096627584288,1.605207857139272,1.206012785955854,1.2590470065679185,0.6638525380473579,-0.19893285149555825,0,0
2019-02-20,0.0,-0.2188024177473304,-0.9983444954717453,0.9941580722269028,0.20173179667442942,0.40903150961789586,-0.2967624136833472,0.3913776206068047,-0.0145502920725189,0.1494758645010026,-0.3478281153069869,0.0,0.4182883721588537,1.6630925911962393,1.5698525042217377,1.4169189462105918,1.5927062755050159,1.194283968926908,1.247153757042347,0.6531084625135648,-0.20805401529381656,0.12231618144306255,0,0
2019-02-21,0.0,-0.7780677511297274,1.207387871113858,0.41709967888405874,0.6240313056237576,-0.07720355847611807,0.6098681393061506,0.2043787860499311,0.370373848393166,-0.12534824689161428,-0.11594327401476323,0.0,1.2413076768383178,1.1476105198128468,0.9951102388290493,1.1710112278348985,0.7740388434365344,0.8239816255166217,0.23196500369604967,-0.6281564846549537,-0.2952613357409072,0.092378891399587,0,0
2019-02-22,0.0,1.9981670251124979,1.2004184736768173,1.409993863622717,0.7117220995389685,1.4081255679875553,0.9964378970103479,1.1727046886147812,0.6731695901419543,0.6840909177088776,1.1109579470937097,0.0,-0.09346684093079649,-0.24218521149548328,-0.06887108847342746,-0.4550666966499259,-0.41442313999275304,-0.9907548160383577,-1.8336056778957248,-1.4989210365905055,-1.1086180687718223,-0.9730864662570342,0,0
2019-02-25,0.0,-0.7906989097773338,-0.5847297103348227,-1.301182020690201,-0.6181641129501452,-1.0201900382645297,-0.8676007478141861,-1.3649237326002461,-1.3577265602482453,-0.9281721349336312,0.3272367896956583,0.0,-0.14874804504203767,0.024463790051699255,-0.3618807378053568,-0.3206076417940146,-0.8971316650445618,-1.7398377155610876,-1.4058607082958778,-1.0164262650280618,-0.8811307518577947,-1.8692838875502908,0,0
2019-02-26,0.0,0.20803413723487774,-0.5033626182168639,0.18707127874607843,-0.22002991784275006,-0.05754367181209741,-0.5572653468559077,-0.5485627889396008,-0.11876806171419485,1.151017088315895,1.0549656580103255,0.0,0.17352619063599894,-0.2141214344816954,-0.17172956143510357,-0.7501504394535632,-1.5949491362812513,-1.261180796286761,-0.8720589301124777,-0.7367672116858306,-1.7250296917035712,-1.890198701829242,0,0
2019-02-27,0.0,-0.712092021084075,-0.0242141246027181,-0.42962402054097426,-0.26987654085721546,-0.7685266199268195,-0.7602264592311934,-0.330875485954758,0.9340155611387404,0.8379679437452152,0.6825732741532433,0.0,-0.3866966874880963,-0.34554697044179994,-0.9226043445545719,-1.7662017567553034,-1.4317008832058604,-1.0416442012832823,-0.9061497374853187,-1.8957334150267924,-2.061216111752494,-1.6653413503366796,0,0
2019-02-28,0.0,0.686073094343526,0.2811056561426675,0.4476418332177219,-0.047074828275341485,-0.03754801358141391,0.38680701039047904,1.6490313439494977,1.5544220770578479,1.3993486582225092,1.5776503710881702,0.0,0.044111328651548654,-0.538355134038476,-1.388078163961088,-1.0538681203895326,-0.6643319502015965,-0.528743856309428,-1.519370329157485,-1.6848187349129546,-1.2835644230726224,-0.24768793430841174,0,0
2019-03-01,0.0,-0.3992022139256246,-0.24166705726963567,-0.7325679751990806,-0.7243534247987151,-0.3017287049389545,0.9437510092681063,0.8492188500866185,0.6962086922426554,0.8731402836863189,0.47507295904734725,0.0,-0.5780544280089099,-1.4215395652689846,-1.0894793142625867,-0.7024284029993577,-0.5677362739487282,-1.5517763526593211,-1.7161481827157121,-1.3181192088412188,-0.28974890247432117,-0.0062992339849842205,0,0
2019-03-04,0.0,0.1629606344326755,-0.3306146210745291,-0.3216221084059139,0.1023918761270941,1.3588052756482945,1.2641443906249978,1.1097873946664143,1.2876798478083205,0.8857954252107796,0.9370280295956745,0.0,-0.8523740985860532,-0.520878248890772,-0.13475817427447123,2.3220110298982632e-05,-0.9852085023047491,-1.1494658742913684,-0.7434994348465279,0.2943930395312725,0.5835338400021228,1.4797052333559535,0,0
2019-03-05,0.0,-0.4877189282470752,-0.4791239576860292,-0.05977873922707363,1.1800815564451224,1.0863906117093087,0.9340686784120302,1.1098516186086438,0.7133895165353346,0.7628758631568096,0.17160114169870944,0.0,0.3291125487585696,0.7120490155270953,0.8463365184996245,-0.13608856602228492,-0.2994112614078285,0.1164985171432622,1.1637570381931013,1.460036177670503,2.368171898269347,3.4624567854833215,0,1
2019-03-06,0.0,0.009493775320135428,0.4285317244029987,1.6757269282472251,1.5823240198054127,1.429096627584288,1.605207857139272,1.206012785955854,1.2590470065679185,0.6638525380473579,-0.19893285149555825,0.0,0.3868614550880184,0.5222826359309815,-0.46812175119646804,-0.6329534731404951,-0.21800593881810237,0.8329400078423181,1.1285122098344185,2.0383472715912876,3.1362254924397575,2.6364235000569467,0,1
2019-03-07,0.0,0.4182883721588537,1.6630925911962393,1.5698525042217377,1.4169189462105918,1.5927062755050159,1.194283968926908,1.247153757042347,0.6531084625135648,-0.20805401529381656,0.12231618144306255,0.0,0.1368283414366651,-0.8634961618206438,-1.0301943451725397,-0.6162146369267727,0.4395692675579661,0.7344264638559954,1.646673005509192,2.749297264251563,2.2485371990495495,2.9098264903896367,0,1
2019-03-08,0.0,1.2413076768383178,1.1476105198128468,0.9951102388290493,1.1710112278348985,0.7740388434365344,0.8239816255166217,0.23196500369604967,-0.6281564846549537,-0.2952613357409072,0.092378891399587,0.0,-1.003097003144921,-1.1703328794180436,-0.7570053301386681,0.29970698210884406,0.5940905719912957,1.5065119029179672,2.6099970180017467,2.1092707113813325,2.7695351903177423,2.5643245434040285,0,1
2019-03-11,0.0,-0.09346684093079649,-0.24218521149548328,-0.06887108847342746,-0.4550666966499259,-0.41442313999275304,-0.9907548160383577,-1.8336056778957248,-1.4989210365905055,-1.1086180687718223,-0.9730864662570342,0.0,-0.16351550551830699,0.2548645168953887,1.3058261951837524,1.6038738907841525,2.5158379563871263,3.6140992498107627,3.1126912505982944,3.780904689317633,3.5572081365111616,3.3982711125273304,0,1
2019-03-12,0.0,-0.14874804504203767,0.024463790051699255,-0.3618807378053568,-0.3206076417940146,-0.8971316650445618,-1.7398377155610876,-1.4058607082958778,-1.0164262650280618,-0.8811307518577947,-1.8692838875502908,0.0,0.41896412405489236,1.4683995537235528,1.7668738726113378,2.678249297246019,3.7750431717937807,3.27380735588113,3.9429341187680373,3.7163631771669485,3.5574979189734437,3.404559203889274,0,1
2019-03-13,0.0,0.17352619063599894,-0.2141214344816954,-0.17172956143510357,-0.7501504394535632,-1.5949491362812513,-1.261180796286761,-0.8720589301124777,-0.7367672116858306,-1.7250296917035712,-1.890198701829242,0.0,1.0382339779659255,1.3313564569752314,2.23114983646367,3.315915392470192,2.821430831116645,3.4786681497110292,3.26257824181897,3.1058095085752644,2.951592790017609,2.9415513870231944,0,1
2019-03-14,0.0,-0.3866966874880963,-0.34554697044179994,-0.9226043445545719,-1.7662017567553034,-1.4317008832058604,-1.0416442012832823,-0.9061497374853187,-1.8957334150267924,-2.061216111752494,-1.6653413503366796,0.0,0.2852331843927286,1.1727159510490697,2.2473934185521593,1.7606232918207427,2.400442564369158,2.206225937295189,2.051795196878573,1.8916714675343587,1.8865181256639407,2.7581315827658286,0,1
2019-03-15,0.0,0.044111328651548654,-0.538355134038476,-1.388078163961088,-1.0538681203895326,-0.6643319502015965,-0.528743856309428,-1.519370329157485,-1.6848187349129546,-1.2835644230726224,-0.24768793430841174,0.0,0.8795326041367053,1.9458901556867028,1.4637415702555316,2.095512101844138,1.9082374748049264,1.755243256656581,1.594349247537539,1.590548521651781,2.4543743402976497,3.2050098964646896,0,1
2019-03-18,0.0,-0.5780544280089099,-1.4215395652689846,-1.0894793142625867,-0.7024284029993577,-0.5677362739487282,-1.5517763526593211,-1.7161481827157121,-1.3181192088412188,-0.28974890247432117,-0.0062992339849842205,0.0,1.0533047347149305,0.5796665464353302,1.1942383835628871,1.0258863111992986,0.875501643341252,0.7104308999111523,0.7106908803235861,1.560763368911199,2.2963171362597308,2.2811858564492837,0,1
2019-03-19,0.0,-0.8523740985860532,-0.520878248890772,-0.13475817427447123,2.3220110298982632e-05,-0.9852085023047491,-1.1494658742913684,-0.7434994348465279,0.2943930395312725,0.5835338400021228,1.4797052333559535,0.0,-0.4656925267943493,0.13127208161981407,-0.015410779692749843,-0.16338237090114083,-0.33415092360250276,-0.3290762117700804,0.5085384894662642,1.2295416791741385,1.202498581862525,1.3546849737170454,0,0
2019-03-20,0.0,0.3291125487585696,0.7120490155270953,0.8463365184996245,-0.13608856602228492,-0.2994112614078285,0.1164985171432622,1.1637570381931013,1.460036177670503,2.368171898269347,3.4624567854833215,0.0,0.6066296891760032,0.4498227153005569,0.30032729600952146,0.13159042950655891,0.1345290701186661,0.9802326319898279,1.7099086356605593,1.6881066256312092,1.8414670051425943,1.8075755655760952,1,0
2019-03-21,0.0,0.3868614550880184,0.5222826359309815,-0.46812175119646804,-0.6329534731404951,-0.21800593881810237,0.8329400078423181,1.1285122098344185,2.0383472715912876,3.1362254924397575,2.6364235000569467,0.0,-0.14287913768330163,-0.28939634753864785,-0.45952582279070886,-0.4539009051477021,0.37562831233024396,1.0892027315764061,1.0609118561096031,1.2117102758337412,1.177095563242477,0.5143969517856315,1,0
2019-03-22,0.0,0.1368283414366651,-0.8634961618206438,-1.0301943451725397,-0.6162146369267727,0.4395692675579661,0.7344264638559954,1.646673005509192,2.749297264251563,2.2485371990495495,2.9098264903896367,0.0,-0.1496912834621172,-0.32231750132786724,-0.317257117874728,0.5300741630578794,1.2594984888942968,1.2323259997835638,1.386267894284504,1.3512530127570859,0.6750634899190535,1.1132838716215443,1,0
2019-03-25,0.0,-1.003097003144921,-1.1703328794180436,-0.7570053301386681,0.29970698210884406,0.5940905719912957,1.5065119029179672,2.6099970180017467,2.1092707113813325,2.7695351903177423,2.5643245434040285,0.0,-0.17195269647559053,-0.1675823125884823,0.6822728335357477,1.4144216260055693,1.3889436432495912,1.5432486612472607,1.5084820764002909,0.8310304912788267,1.2709927256249376,0.733464230305326,1,0
2019-03-26,0.0,-0.16351550551830699,0.2548645168953887,1.3058261951837524,1.6038738907841525,2.5158379563871263,3.6140992498107627,3.1126912505982944,3.780904689317633,3.5572081365111616,3.3982711125273304,0.0,0.003552372381964375,0.8494008345730026,1.5787219376152204,1.5553720223903649,1.7088416586917412,1.6746377494634421,1.0012305677338862,1.439612317524189,0.9051883470763791,2.091334284245914,1,1
2019-03-27,0.0,0.41896412405489236,1.4683995537235528,1.7668738726113378,2.678249297246019,3.7750431717937807,3.27380735588113,3.9429341187680373,3.7163631771669485,3.5574979189734437,3.404559203889274,0.0,0.8497520492521329,1.5824258918145593,1.5589261497168754,1.7131063083375904,1.6787361939381045,1.0022034222008647,1.4425979579353143,0.9056956747654645,2.0973559859205118,0.7024246808926153,1,1
2019-03-28,0.0,1.0382339779659255,1.3313564569752314,2.23114983646367,3.315915392470192,2.821430831116645,3.4786681497110292,3.26257824181897,3.1058095085752644,2.951592790017609,2.9415513870231944,0.0,0.718269647634201,0.6852721043000836,0.8375960178046855,0.8017994013337151,0.1315599252290265,0.562713795909743,0.03131995210334848,1.2139883211489422,-0.1672689314791298,0.045526476184116316,1,0
2019-03-29,0.0,0.2852331843927286,1.1727159510490697,2.2473934185521593,1.7606232918207427,2.400442564369158,2.206225937295189,2.051795196878573,1.8916714675343587,1.8865181256639407,2.7581315827658286,0.0,-0.04073994086956567,0.10948067293320318,0.07263583242026317,-0.5899010659013457,-0.1680018258494056,-0.6928590878716909,0.4779673749150555,-0.8868326399891344,-0.6769855715362942,-0.49559321761348807,1,0
2019-04-01,0.0,0.8795326041367053,1.9458901556867028,1.4637415702555316,2.095512101844138,1.9082374748049264,1.755243256656581,1.594349247537539,1.590548521651781,2.4543743402976497,3.2050098964646896,0.0,0.1485631814600274,0.11221159457952382,-0.5429280468546048,-0.1254981341241841,-0.6445194414324542,0.5131365372760746,-0.8364581480951178,-0.6289258250370449,-0.4492674267087654,0.3379006692544284,1,0
2019-04-02,0.0,1.0533047347149305,0.5796665464353302,1.1942383835628871,1.0258863111992986,0.875501643341252,0.7104308999111523,0.7106908803235861,1.560763368911199,2.2963171362597308,2.2811858564492837,0.0,-0.03661571995326385,-0.6910820066503973,-0.2749692697824593,-0.7933683758102253,0.3634591654308894,-0.9846278857913415,-0.7774127303540234,-0.5990116057513715,0.18706975215518673,0.36057043942110667,1,0
2019-04-03,0.0,-0.4656925267943493,0.13127208161981407,-0.015410779692749843,-0.16338237090114083,-0.33415092360250276,-0.3290762117700804,0.5085384894662642,1.2295416791741385,1.202498581862525,1.3546849737170454,0.0,-0.6532257644685007,-0.23768349498728314,-0.7551218006348943,0.3994241907270514,-0.9461372169686066,-0.7392893068496207,-0.560962737589326,0.22369686696127222,0.39690771383011936,-0.10338338832758254,0,0
2019-04-04,0.0,0.6066296891760032,0.4498227153005569,0.30032729600952146,0.13159042950655891,0.1345290701186661,0.9802326319898279,1.7099086356605593,1.6881066256312092,1.8414670051425943,1.8075755655760952,0.0,0.42044086911870754,-0.09861861700649466,1.0570815015804493,-0.29221014966134123,-0.08441305725353415,0.09906030310206693,0.8868083930094081,1.0611303101294345,0.5570978760477644,1.2491964496454115,0,0
2019-04-05,0.0,-0.14287913768330163,-0.28939634753864785,-0.45952582279070886,-0.4539009051477021,0.37562831233024396,1.0892027315764061,1.0609118561096031,1.2117102758337412,1.177095563242477,0.5143969517856315,0.0,-0.5149473135386125,0.6331562977499898,-0.7057531568306273,-0.49979292953451604,-0.32067768281829945,0.460430706080127,0.633011756001117,0.13434865925281397,0.8197222689757064,0.6994482675746428,0,0
2019-04-08,0.0,-0.1496912834621172,-0.32231750132786724,-0.317257117874728,0.5300741630578794,1.2594984888942968,1.2323259997835638,1.386267894284504,1.3512530127570859,0.6750634899190535,1.1132838716215443,0.0,1.149695236364817,-0.1929416783198697,0.013886541177752787,0.19714822742239568,0.9811471957654545,1.1547033564547733,0.6528060118296366,1.3418204312628765,1.2215759877669028,0.7222172963826363,0,0
2019-04-09,0.0,-0.17195269647559053,-0.1675823125884823,0.6822728335357477,1.4144216260055693,1.3889436432495912,1.5432486612472607,1.5084820764002909,0.8310304912788267,1.2709927256249376,0.733464230305326,0.0,-1.339363389823146,-1.1336958161160449,-0.9590080165213434,-0.1785157719334568,-0.006484823355493274,-0.5030457081004168,0.180428308439061,0.05966518542042243,-0.4472112699595725,-0.04225461373718087,0,0
2019-04-10,0.0,0.003552372381964375,0.8494008345730026,1.5787219376152204,1.5553720223903649,1.7088416586917412,1.6746377494634421,1.0012305677338862,1.439612317524189,0.9051883470763791,2.091334284245914,0.0,0.2077789207435202,0.3931575147712585,1.1806093873302301,1.3550564297268277,0.8504264170464504,1.542890686192107,1.4222951192529938,0.9223842695916136,1.3283849491722566,1.7513331045260414,1,0
2019-04-11,0.0,0.8497520492521329,1.5824258918145593,1.5589261497168754,1.7131063083375904,1.6787361939381045,1.0022034222008647,1.4425979579353143,0.9056956747654645,2.0973559859205118,0.7024246808926153,0.0,0.1836167987385856,0.9695373662550297,1.1435098318784074,0.6404198290187647,1.331093213873987,1.210541231915396,0.7098403076471722,1.1154453166991654,1.5375779746486862,1.5649533745174478,1,0
2019-04-12,0.0,0.718269647634201,0.6852721043000836,0.8375960178046855,0.8017994013337151,0.1315599252290265,0.562713795909743,0.03131995210334848,1.2139883211489422,-0.1672689314791298,0.045526476184116316,0.0,0.7794532638008012,0.9518760661690869,0.45341328662534275,1.1380156140947535,1.0182891100738176,0.5201713290176047,0.9227821721772634,1.3414472099014543,1.3677347491590484,0.9941798142693399,0,0
2019-04-15,0.0,-0.04073994086956567,0.10948067293320318,0.07263583242026317,-0.5899010659013457,-0.1680018258494056,-0.6928590878716909,0.4779673749150555,-0.8868326399891344,-0.6769855715362942,-0.49559321761348807,0.0,0.17080195765196737,-0.3223540457142707,0.3561579766924982,0.2365001693671343,-0.2649218160990081,0.1365374047596527,0.5525116615420514,0.5749605059392966,0.20322406261001125,0.5503386476244914,0,0
2019-04-16,0.0,0.1485631814600274,0.11221159457952382,-0.5429280468546048,-0.1254981341241841,-0.6445194414324542,0.5131365372760746,-0.8364581480951178,-0.6289258250370449,-0.4492674267087654,0.3379006692544284,0.0,-0.49167739742412797,0.18506493293337947,0.06549951341406643,-0.436320315930759,-0.03537236265234567,0.3797448815743225,0.4013403230803898,0.03024166130027295,0.3764241145047498,0.5789103869455927,0,0
2019-04-17,0.0,-0.03661571995326385,-0.6910820066503973,-0.2749692697824593,-0.7933683758102253,0.3634591654308894,-0.9846278857913415,-0.7774127303540234,-0.5990116057513715,0.18706975215518673,0.36057043942110667,0.0,0.6824257754023577,0.5624963650681792,0.06143188018170864,0.46418588390047133,0.8821252648054477,0.90621802745303,0.5329694954555411,0.8821373275382318,1.0823166504223563,0.23787561393704182,0,0
2019-04-18,0.0,-0.6532257644685007,-0.23768349498728314,-0.7551218006348943,0.3994241907270514,-0.9461372169686066,-0.7392893068496207,-0.560962737589326,0.22369686696127222,0.39690771383011936,-0.10338338832758254,0.0,-0.11961487156828193,-0.6224930676388595,-0.22159746332250374,0.19311070277596432,0.21380889989923957,-0.15706307162212374,0.18854274931901327,0.3922022236334608,-0.44375517722122004,-1.0848362748360252,0,0
2019-04-22,0.0,0.42044086911870754,-0.09861861700649466,1.0570815015804493,-0.29221014966134123,-0.08441305725353415,0.09906030310206693,0.8868083930094081,1.0611303101294345,0.5570978760477644,1.2491964496454115,0.0,-0.5019130742093563,-0.10120817298425278,0.3135319323362612,0.33479798335591116,-0.03601268953271353,0.3097719768395284,0.5125597371766699,-0.32380710206017305,-0.9638493836765685,0.28568684195848504,0,0
2019-04-23,0.0,-0.5149473135386125,0.6331562977499898,-0.7057531568306273,-0.49979292953451604,-0.32067768281829945,0.460430706080127,0.633011756001117,0.13434865925281397,0.8197222689757064,0.6994482675746428,0.0,0.3980833222996184,0.811060212152908,0.8345819507533521,0.4657200433388182,0.8106653534434445,1.0089143625116028,0.17467361345228277,-0.4581390794931974,0.784394892025078,0.13661104306212524,0,0
2019-04-24,0.0,1.149695236364817,-0.1929416783198697,0.013886541177752787,0.19714822742239568,0.9811471957654545,1.1547033564547733,0.6528060118296366,1.3418204312628765,1.2215759877669028,0.7222172963826363,0.0,0.4123859846972705,0.4340045976098151,0.0653738009949989,0.40932297698237663,0.6102180128286268,-0.22168988814384283,-0.8571897122751817,0.38491305772670903,-0.2551409555108983,-0.03744318043595074,0,0
2019-04-25,0.0,-1.339363389823146,-1.1336958161160449,-0.9590080165213434,-0.1785157719334568,-0.006484823355493274,-0.5030457081004168,0.180428308439061,0.05966518542042243,-0.4472112699595725,-0.04225461373718087,0.0,0.01961282019171362,-0.3480812779974073,-0.005811896288107743,0.19743454553953194,-0.630489423536635,-1.267560061873258,-0.028254701509718594,-0.6591160683297357,-0.44158258159241015,-0.878756611442651,0,0
2019-04-26,0.0,0.2077789207435202,0.3931575147712585,1.1806093873302301,1.3550564297268277,0.8504264170464504,1.542890686192107,1.4222951192529938,0.9223842695916136,1.3283849491722566,1.7513331045260414,0.0,-0.36592886117394946,-0.025340713343245697,0.17706513682784852,-0.6467957922382269,-1.280958412364953,-0.047585801655737725,-0.6750611736134937,-0.4585536620820987,-0.8935462701833785,-0.7074952285477352,0,0
2019-04-29,0.0,0.1836167987385856,0.9695373662550297,1.1435098318784074,0.6404198290187647,1.331093213873987,1.210541231915396,0.7098403076471722,1.1154453166991654,1.5375779746486862,1.5649533745174478,0.0,0.3418208512999323,0.5419968402990543,-0.2847757137667941,-0.9170782317035295,0.3178525769482118,-0.3172867971784856,-0.10079475299869989,-0.5380004771787239,-0.3501353690112836,-0.5593044289922711,0,0
2019-04-30,0.0,0.7794532638008012,0.9518760661690869,0.45341328662534275,1.1380156140947535,1.0182891100738176,0.5201713290176047,0.9227821721772634,1.3414472099014543,1.3677347491590484,0.9941798142693399,0.0,0.20185833941843567,-0.620599804658894,-1.2534001255513936,-0.02232049546711684,-0.6491026367498711,-0.4330175444315034,-0.8673160436643754,-0.6815021238975891,-0.8817283472251098,-0.219331045499493,0,0
2019-05-01,0.0,0.17080195765196737,-0.3223540457142707,0.3561579766924982,0.2365001693671343,-0.2649218160990081,0.1365374047596527,0.5525116615420514,0.5749605059392966,0.20322406261001125,0.5503386476244914,0.0,-0.8265619179761113,-1.464803522279331,-0.22602166363671317,-0.8528983552042895,-0.6353003766974534,-1.0713895490621097,-0.8852925085145493,-1.0817958415225855,-0.4173109624563538,-1.0334959697185253,0,0
2019-05-02,0.0,-0.49167739742412797,0.18506493293337947,0.06549951341406643,-0.436320315930759,-0.03537236265234567,0.3797448815743225,0.4013403230803898,0.03024166130027295,0.3764241145047498,0.5789103869455927,0.0,-0.6368920261738287,0.6111250695890474,-0.03619485710869541,0.18236208146380029,-0.2607961105987573,-0.06968780126197593,-0.28815943550387324,0.3897544450414059,-0.22816167614225868,0.546473069129636,0,0
2019-05-03,0.0,0.6824257754023577,0.5624963650681792,0.06143188018170864,0.46418588390047133,0.8821252648054477,0.90621802745303,0.5329694954555411,0.8821373275382318,1.0823166504223563,0.23787561393704182,0.0,1.241111918315753,0.585466410662711,0.8023132952157177,0.3587242934910697,0.5515114755171973,0.31876737111123266,0.9993296945788042,0.38699389063822753,1.1645697012464231,0.6559948873367891,0,0
2019-05-06,0.0,-0.11961487156828193,-0.6224930676388595,-0.22159746332250374,0.19311070277596432,0.21380889989923957,-0.15706307162212374,0.18854274931901327,0.3922022236334608,-0.44375517722122004,-1.0848362748360252,0.0,-0.6301492330139142,-0.4130664017073873,-0.8495079125650165,-0.6627238971729081,-0.8644392018188025,-0.19870245297856926,-0.8131638452570762,-0.052362081336660316,-0.5498804707614084,-0.3971722895845855,0,0
2019-05-07,0.0,-0.5019130742093563,-0.10120817298425278,0.3135319323362612,0.33479798335591116,-0.03601268953271353,0.3097719768395284,0.5125597371766699,-0.32380710206017305,-0.9638493836765685,0.28568684195848504,0.0,0.22111551377167055,-0.22746031387536786,-0.033927704331796565,-0.25589874573855953,0.4304199117433276,-0.19468601635506078,0.5895476277961116,0.07666013005263517,0.22861799219134604,1.768453062022225,0,0
2019-05-08,0.0,0.3980833222996184,0.811060212152908,0.8345819507533521,0.4657200433388182,0.8106653534434445,1.0089143625116028,0.17467361345228277,-0.4581390794931974,0.784394892025078,0.13661104306212524,0.0,-0.44763659688131063,-0.25504077833826755,-0.4715413693717294,0.21263199501851937,-0.4133656538056252,0.36844697768266826,-0.1428414819652274,0.010505576597925392,1.5475566156132567,2.1405450407263693,0,1
2019-05-09,0.0,0.4123859846972705,0.4340045976098151,0.0653738009949989,0.40932297698237663,0.6102180128286268,-0.22168988814384283,-0.8571897122751817,0.38491305772670903,-0.2551409555108983,-0.03744318043595074,0.0,0.19572869255996012,-0.03333124813150112,0.6595518803829725,0.03142534943998865,0.8231284530316035,0.30533961958366224,0.4568129013543254,2.0092665680345627,2.605463652076893,2.096999877033305,0,1
2019-05-10,0.0,0.01961282019171362,-0.3480812779974073,-0.005811896288107743,0.19743454553953194,-0.630489423536635,-1.267560061873258,-0.028254701509718594,-0.6591160683297357,-0.44158258159241015,-0.878756611442651,0.0,-0.22307039732013578,0.4643785909910254,-0.1613197024470734,0.6242008721268855,0.11046931222633039,0.2623910655996029,1.8044504410537474,2.397828119558241,1.8945334455641458,1.9205887980001042,0,1
2019-05-13,0.0,-0.36592886117394946,-0.025340713343245697,0.17706513682784852,-0.6467957922382269,-1.280958412364953,-0.047585801655737725,-0.6750611736134937,-0.4585536620820987,-0.8935462701833785,-0.7074952285477352,0.0,0.7078981975131585,0.06660761892324762,0.875462488031979,0.3464536046877602,0.5009160782538105,2.08669281200239,2.6954770094198484,2.175782883235747,2.2028549417401395,3.13569903982308,0,1
2019-05-14,0.0,0.3418208512999323,0.5419968402990543,-0.2847757137667941,-0.9170782317035295,0.3178525769482118,-0.3172867971784856,-0.10079475299869989,-0.5380004771787239,-0.3501353690112836,-0.5593044289922711,0.0,-0.6358262283256122,0.15476105828721964,-0.36225023964791425,-0.20533615601999114,1.3509224326879847,1.9526441960890712,1.449050826520248,1.4747804306433885,2.3995764606639196,4.036549043654297,0,1
2019-05-15,0.0,0.20185833941843567,-0.620599804658894,-1.2534001255513936,-0.02232049546711684,-0.6491026367498711,-0.4330175444315034,-0.8673160436643754,-0.6815021238975891,-0.8817283472251098,-0.219331045499493,0.0,0.7966568371777981,0.2756304321254013,0.428319473548336,1.9907709677303442,2.5910001564905287,2.0795517598506983,2.106147133140814,3.0261419416155504,4.65964287675261,4.747641008826859,0,1
2019-05-16,0.0,-0.8265619179761113,-1.464803522279331,-0.22602166363671317,-0.8528983552042895,-0.6353003766974534,-1.0713895490621097,-0.8852925085145493,-1.0817958415225855,-0.4173109624563538,-1.0334959697185253,0.0,-0.5078133777351591,-0.35239935403818134,1.1775706648127564,1.7700502667275257,1.2763518675628955,1.3014657269737062,2.212652187219206,3.8243419331192365,3.9092901465406547,3.665178509718386,0,1
2019-05-17,0.0,-0.6368920261738287,0.6111250695890474,-0.03619485710869541,0.18236208146380029,-0.2607961105987573,-0.06968780126197593,-0.28815943550387324,0.3897544450414059,-0.22816167614225868,0.546473069129636,0.0,0.15366391268787527,1.7048510438118438,2.3024166647872426,1.7971598846165553,1.8232367773250606,2.740229140194769,4.366227594551723,4.453161855684046,4.199748913451202,4.038528175464332,0,1
2019-05-20,0.0,1.241111918315753,0.585466410662711,0.8023132952157177,0.3587242934910697,0.5515114755171973,0.31876737111123266,0.9993296945788042,0.38699389063822753,1.1645697012464231,0.6559948873367891,0.0,1.5580030909302964,2.159139976500803,1.6530863852410889,1.679092163532533,2.6021769444868172,4.237749170709824,4.324821352264088,4.072081924852496,3.9104302658209895,2.7175316806135688,0,1
2019-05-21,0.0,-0.6301492330139142,-0.4130664017073873,-0.8495079125650165,-0.6627238971729081,-0.8644392018188025,-0.19870245297856926,-0.8131638452570762,-0.052362081336660316,-0.5498804707614084,-0.3971722895845855,0.0,0.5913012145258059,0.1152195568980976,0.13858495429088813,1.0525403128393278,2.659948590853406,2.741871817656968,2.5146202134254674,2.3608109884335087,1.1647156066647872,2.873660046760366,0,1
2019-05-22,0.0,0.22111551377167055,-0.22746031387536786,-0.033927704331796565,-0.25589874573855953,0.4304199117433276,-0.19468601635506078,0.5895476277961116,0.07666013005263517,0.22861799219134604,1.768453062022225,0.0,-0.4675925923726725,-0.44508752993681777,0.47093874152823667,2.077395217818531,2.1578609097899184,1.9389038768210787,1.787138830068641,0.5825869940746489,2.2815474350530227,2.474086740116049,0,1
2019-05-23,0.0,-0.44763659688131063,-0.25504077833826755,-0.4715413693717294,0.21263199501851937,-0.4133656538056252,0.36844697768266826,-0.1428414819652274,0.010505576597925392,1.5475566156132567,2.1405450407263693,0.0,0.023528313100384723,0.9510200370640189,2.5813139865319585,2.6641210477022312,2.435270280581923,2.2796628415754294,1.064700070632843,2.796176609114873,2.994885438273677,3.1802618915439003,1,1
2019-05-24,0.0,0.19572869255996012,-0.03333124813150112,0.6595518803829725,0.03142534943998865,0.8231284530316035,0.30533961958366224,0.4568129013543254,2.0092665680345627,2.605463652076893,2.096999877033305,0.0,0.9262171766333046,2.5540859631136685,2.636713121224793,2.4085312771899794,2.2532339389533544,1.0397095612376974,2.7682492369850515,2.9664987144247634,3.151332978766423,3.8252981887156987,1,1
2019-05-28,0.0,-0.22307039732013578,0.4643785909910254,-0.1613197024470734,0.6242008721268855,0.11046931222633039,0.2623910655996029,1.8044504410537474,2.397828119558241,1.8945334455641458,1.9205887980001042,0.0,1.6328232289633675,1.7134487070280815,1.497620968028163,1.3449741650799458,0.1131012304095446,1.8325545953174114,2.0249024892654415,2.1997160340529196,2.8686627361811925,0.8349655670188816,1,1
2019-05-29,0.0,0.7078981975131585,0.06660761892324762,0.875462488031979,0.3464536046877602,0.5009160782538105,2.08669281200239,2.6954770094198484,2.175782883235747,2.2028549417401395,3.13569903982308,0.0,0.07647889547715664,-0.11594598497104736,-0.26274555673579436,-1.5173153314989065,0.17279953500369882,0.353274431843448,0.5091072801069059,1.1640310384269696,-0.8501077731533333,0.05849751658515867,1,0
2019-05-30,0.0,-0.6358262283256122,0.15476105828721964,-0.36225023964791425,-0.20533615601999114,1.3509224326879847,1.9526441960890712,1.449050826520248,1.4747804306433885,2.3995764606639196,4.036549043654297,0.0,-0.1908692046854621,-0.3370415550216721,-1.5896378429178228,0.09502595762802635,0.27451142371473414,0.4290831139222786,1.0817708663319592,-0.9265897883342298,-0.020417860747923733,-0.3284003053068498,1,0
2019-05-31,0.0,0.7966568371777981,0.2756304321254013,0.428319473548336,1.9907709677303442,2.5910001564905287,2.0795517598506983,2.106147133140814,3.0261419416155504,4.65964287675261,4.747641008826859,0.0,-0.1489498984826753,-1.4166135935068065,0.2954968694428488,0.47895593545636483,0.6380000933224901,1.3016401647980214,-0.73759122224957,0.1820634293977923,-0.1298112142107275,0.2499102147237906,1,0
2019-06-03,0.0,-0.5078133777351591,-0.35239935403818134,1.1775706648127564,1.7700502667275257,1.2763518675628955,1.3014657269737062,2.212652187219206,3.8243419331192365,3.9092901465406547,3.665178509718386,0.0,-1.2698743298200126,0.4507989121269107,0.6359870061059905,0.7973377275616462,1.4645432962178022,-0.5834566129229843,0.3398071657424566,0.02724305570605612,0.40833301503526265,-0.0324501218797808,1,0
2019-06-04,0.0,0.15366391268787527,1.7048510438118438,2.3024166647872426,1.7971598846165553,1.8232367773250606,2.740229140194769,4.366227594551723,4.453161855684046,4.199748913451202,4.038528175464332,0.0,1.7160504270115258,1.9074221681164594,2.080780859197128,2.748222826441637,0.7175009533239782,1.6301305926296585,1.3255716688200847,1.7012694948034102,1.2655106499693014,1.2227171433352941,1,1
2019-06-05,0.0,1.5580030909302964,2.159139976500803,1.6530863852410889,1.679092163532533,2.6021769444868172,4.237749170709824,4.324821352264088,4.072081924852496,3.9104302658209895,2.7175316806135688,0.0,0.17637649588776172,0.3277762790769796,0.97080484547753,-1.0091662074346754,-0.11559364319983279,-0.41961882457619226,-0.050439959606614515,-0.4770298852165542,-0.5353957745612288,1.1267268646105908,1,0
2019-06-06,0.0,0.5913012145258059,0.1152195568980976,0.13858495429088813,1.0525403128393278,2.659948590853406,2.741871817656968,2.5146202134254674,2.3608109884335087,1.1647156066647872,2.873660046760366,0.0,0.14837616061808223,0.7855409873510357,-1.1788500011886154,-0.2919188992657622,-0.5942874851915227,-0.22771525733033515,-0.6511273540286049,-0.7107639092603097,0.9377959130790527,0.28274015256131646,1,0
2019-06-07,0.0,-0.4675925923726725,-0.44508752993681777,0.47093874152823667,2.077395217818531,2.1578609097899184,1.9389038768210787,1.787138830068641,0.5825869940746489,2.2815474350530227,2.474086740116049,0.0,0.6289377947814752,-1.312144045334057,-0.43541381996045075,-0.7348045966447762,-0.3723346547571621,-0.7908709812426622,-0.8512343203267801,0.7773627598360542,0.12864811807324328,-0.8902385876053325,1,0
2019-06-10,0.0,0.023528313100384723,0.9510200370640189,2.5813139865319585,2.6641210477022312,2.435270280581923,2.2796628415754294,1.064700070632843,2.796176609114873,2.994885438273677,3.1802618915439003,0.0,-1.9198406410637654,-1.0513389454681454,-1.3500300745118803,-0.9904817148624453,-1.4050646606125858,-1.470825817355302,0.1382550990606497,-0.5094074192054998,-1.5164570355779963,-1.2733993655375082,1,0
2019-06-11,0.0,0.9262171766333046,2.5540859631136685,2.636713121224793,2.4085312771899794,2.2532339389533544,1.0397095612376974,2.7682492369850515,2.9664987144247634,3.151332978766423,3.8252981887156987,0.0,0.8818280967639476,0.5851884632004052,0.9487435081501163,0.5277198626119597,0.4797014228370755,2.1267744447296417,1.4850083175759963,0.455355901313077,0.6997923440576281,1.2783730266877549,1,1
2019-06-12,0.0,1.6328232289633675,1.7134487070280815,1.497620968028163,1.3449741650799458,0.1131012304095446,1.8325545953174114,2.0249024892654415,2.1997160340529196,2.8686627361811925,0.8349655670188816,0.0,-0.29823060723339917,0.0642931712369986,-0.3547129981337905,-0.41094844738201175,1.2223823913652456,0.5765076902182558,-0.44507857197274525,-0.20073427752448847,0.382456645692667,-0.19727024763480316,1,0
2019-06-13,0.0,0.07647889547715664,-0.11594598497104736,-0.26274555673579436,-1.5173153314989065,0.17279953500369882,0.353274431843448,0.5091072801069059,1.1640310384269696,-0.8501077731533333,0.05849751658515867,0.0,0.36163992035857007,-0.05662242643309924,-0.10990241271307077,1.522506472143242,0.8802068956348479,-0.14062472276690574,0.10292099164487278,0.6825808292386659,0.10312879632949501,-0.01924606170809806,0,0
2019-06-14,0.0,-0.1908692046854621,-0.3370415550216721,-1.5896378429178228,0.09502595762802635,0.27451142371473414,0.4290831139222786,1.0817708663319592,-0.9265897883342298,-0.020417860747923733,-0.3284003053068498,0.0,-0.41776173930772964,-0.4744455549937746,1.1536082051395846,0.50912837314509,-0.5091956351976636,-0.2654984150232762,0.3164982967088381,-0.2613442883307837,-0.38486694516331954,-0.6124702703217781,0,0
2019-06-17,0.0,-0.1489498984826753,-1.4166135935068065,0.2954968694428488,0.47895593545636483,0.6380000933224901,1.3016401647980214,-0.73759122224957,0.1820634293977923,-0.1298112142107275,0.2499102147237906,0.0,-0.05279562545375782,1.5818230970909553,0.9392651034416688,-0.08291456427350896,0.16083509841617727,0.7406702035946521,0.160423781661863,0.03811462803486765,-0.18778736110900596,1.0251751619876592,0,0
2019-06-18,0.0,-1.2698743298200126,0.4507989121269107,0.6359870061059905,0.7973377275616462,1.4645432962178022,-0.5834566129229843,0.3398071657424566,0.02724305570605612,0.40833301503526265,-0.0324501218797808,0.0,1.6198904343108746,0.983680439330278,-0.029258197413395193,0.21218031852898644,0.7862340781819587,0.2112066998792148,0.090211001704495,-0.1333320360304543,1.0689902117431598,1.9738198398644675,0,0
2019-06-19,0.0,1.7160504270115258,1.9074221681164594,2.080780859197128,2.748222826441637,0.7175009533239782,1.6301305926296585,1.3255716688200847,1.7012694948034102,1.2655106499693014,1.2227171433352941,0.0,-0.6392897197777295,-1.631141480656751,-1.3914723192422351,-0.8130329591192191,-1.3752814878839952,-1.5000499117287036,-1.728531281780152,-0.5610984098068438,0.3219854540405027,0.9130615261178106,1,0
2019-06-20,0.0,0.17637649588776172,0.3277762790769796,0.97080484547753,-1.0091662074346754,-0.11559364319983279,-0.41961882457619226,-0.050439959606614515,-0.4770298852165542,-0.5353957745612288,1.1267268646105908,0.0,-0.9896094764865764,-0.7517784486787171,-0.18114902445096104,-0.7424481661244215,-0.8644302796148897,-1.0885772121459496,0.08014104212792433,0.9623865703478176,1.5565691199303813,1.246795990688445,0,0
2019-06-21,0.0,0.14837616061808223,0.7855409873510357,-1.1788500011886154,-0.2919188992657622,-0.5942874851915227,-0.22771525733033515,-0.6511273540286049,-0.7107639092603097,0.9377959130790527,0.28274015256131646,0.0,0.23878081179224997,0.8063603166292,0.2375080253811659,0.11792837808984546,-0.10303516357479298,1.0865231855792985,1.981665635309385,2.5902882519706063,2.2751854381524397,0.7495357515458019,0,1
2019-06-24,0.0,0.6289377947814752,-1.312144045334057,-0.43541381996045075,-0.7348045966447762,-0.3723346547571621,-0.7908709812426622,-0.8512343203267801,0.7773627598360542,0.12864811807324328,-0.8902385876053325,0.0,0.569473532593623,0.0012857693806627157,-0.11911801845495551,-0.3413010588138462,0.8456489795109307,1.7395014467124108,2.345877107420499,2.0314191569266713,0.50794102709633,-0.014641319544876241,0,1
2019-06-25,0.0,-1.9198406410637654,-1.0513389454681454,-1.3500300745118803,-0.9904817148624453,-1.4050646606125858,-1.470825817355302,0.1382550990606497,-0.5094074192054998,-1.5164570355779963,-1.2733993655375082,0.0,-0.569650689989657,-0.6926967681985507,-0.9190274320557593,0.26802971140293175,1.1635924799959123,1.7678126504808693,1.4532147694883752,-0.07324385087100094,-0.5985415256220803,0.3794869532715399,0,0
2019-06-26,0.0,0.8818280967639476,0.5851884632004052,0.9487435081501163,0.5277198626119597,0.4797014228370755,2.1267744447296417,1.4850083175759963,0.455355901313077,0.6997923440576281,1.2783730266877549,0.0,-0.12171171946537745,-0.34630664928337274,0.8534780309188104,1.7569995483468333,2.3699269949869537,2.0520685166973585,0.5121103520816899,-0.01612881779800812,0.9713710575315604,2.3620750491487894,1,1
2019-06-27,0.0,-0.29823060723339917,0.0642931712369986,-0.3547129981337905,-0.41094844738201175,1.2223823913652456,0.5765076902182558,-0.44507857197274525,-0.20073427752448847,0.382456645692667,-0.19727024763480316,0.0,-0.22331221569243298,0.9742906269221014,1.875823885237969,2.4881048636971754,2.170848047852123,0.634292528935696,0.1075791341561445,1.0930700354630987,2.480443071447308,3.2489222242020004,0,1
2019-06-28,0.0,0.36163992035857007,-0.05662242643309924,-0.10990241271307077,1.522506472143242,0.8802068956348479,-0.14062472276690574,0.10292099164487278,0.6825808292386659,0.10312879632949501,-0.01924606170809806,0.0,1.195104218942669,2.0941279237137986,2.705984055427942,2.389432182125044,0.8571791578017907,0.3325939223825687,1.3156405018410218,2.6986585452034655,3.465487275990322,3.2850416847665613,0,1
2019-07-01,0.0,-0.41776173930772964,-0.4744455549937746,1.1536082051395846,0.50912837314509,-0.5091956351976636,-0.2654984150232762,0.3164982967088381,-0.2613442883307837,-0.38486694516331954,-0.6124702703217781,0.0,0.8782893164646122,1.469350706690172,1.1610302785167057,-0.33601599125972964,-0.8519602821053369,0.10685261533866319,1.460549046295422,2.207139316130874,2.0299569478445236,2.0057976155080954,0,1
2019-07-02,0.0,-0.05279562545375782,1.5818230970909553,0.9392651034416688,-0.08291456427350896,0.16083509841617727,0.7406702035946521,0.160423781661863,0.03811462803486765,-0.18778736110900596,1.0251751619876592,0.0,0.5775590173492597,0.27438731206402756,-1.201107633504375,-1.7121541772857756,-0.7683645301974065,0.5676650006188939,1.301565976623009,1.12627980628097,1.1053960652344748,1.9313085554263962,0,0
2019-07-03,0.0,1.6198904343108746,0.983680439330278,-0.029258197413395193,0.21218031852898644,0.7862340781819587,0.2112066998792148,0.090211001704495,-0.1333320360304543,1.0689902117431598,1.9738198398644675,0.0,-0.29811958760594987,-1.7512847028845857,-2.2562499376355323,-1.3275406543961936,-0.010540739166649549,0.710985113292389,0.5379240789093988,0.5192692175583766,1.3379545812557536,1.270864432466668,0,0
2019-07-05,0.0,-0.6392897197777295,-1.631141480656751,-1.3914723192422351,-0.8130329591192191,-1.3752814878839952,-1.5000499117287036,-1.728531281780152,-0.5610984098068438,0.3219854540405027,0.9130615261178106,0.0,-1.4616034943730505,-1.9686290505782313,-1.034106238172344,0.28991376676475006,1.016298634562745,0.8424582489260384,0.8226858957254555,1.6433438627259995,1.5770018529696266,1.697752494044329,0,0
2019-07-08,0.0,-0.9896094764865764,-0.7517784486787171,-0.18114902445096104,-0.7424481661244215,-0.8644302796148897,-1.0885772121459496,0.08014104212792433,0.9623865703478176,1.5565691199303813,1.246795990688445,0.0,-0.5152403880006987,0.4445528141900297,1.7982638110211084,2.5460004954085154,2.3689770598430373,2.343673428112879,3.1707837196230133,3.1084801750879336,3.222359883334217,3.597809691093146,0,1
2019-07-09,0.0,0.23878081179224997,0.8063603166292,0.2375080253811659,0.11792837808984546,-0.10303516357479298,1.0865231855792985,1.981665635309385,2.5902882519706063,2.2751854381524397,0.7495357515458019,0.0,0.9658996066488692,2.326119769590999,3.0792021118921964,2.901574768002262,2.8743905164132766,3.7013463111942473,3.640653660419704,3.7517694437489775,4.130156939787732,4.290889408852159,1,1
2019-07-10,0.0,0.569473532593623,0.0012857693806627157,-0.11911801845495551,-0.3413010588138462,0.8456489795109307,1.7395014467124108,2.345877107420499,2.0314191569266713,0.50794102709633,-0.014641319544876241,0.0,1.339039100179595,2.0771892637941844,1.9018750208108237,1.87833534719646,2.699980337842793,2.6367340164797066,2.752184080558575,3.122605610187237,3.2745883178304998,2.6632614083573607,1,1
2019-07-11,0.0,-0.569650689989657,-0.6926967681985507,-0.9190274320557593,0.26802971140293175,1.1635924799959123,1.7678126504808693,1.4532147694883752,-0.07324385087100094,-0.5985415256220803,0.3794869532715399,0.0,0.7206666739464624,0.5478252434026064,0.5291578483427091,1.3467442973517365,1.27977607546731,1.4015745292986141,1.7625787798957766,1.9032330769872225,1.2951490124648704,1.5144896290515892,0,0
2019-07-12,0.0,-0.12171171946537745,-0.34630664928337274,0.8534780309188104,1.7569995483468333,2.3699269949869537,2.0520685166973585,0.5121103520816899,-0.01612881779800812,0.9713710575315604,2.3620750491487894,0.0,-0.17094641746123035,-0.18697087268077217,0.6256959482957116,0.5569840839445133,0.6817309818712612,1.0365257206082723,1.1707054022503265,0.566399085417735,0.7869312266099654,0.8796191669096117,1,0
2019-07-15,0.0,-0.22331221569243298,0.9742906269221014,1.875823885237969,2.4881048636971754,2.170848047852123,0.634292528935696,0.1075791341561445,1.0930700354630987,2.480443071447308,3.2489222242020004,0.0,-0.01663182544780678,0.7961688101096651,0.7279585987126761,0.8518463217092207,1.207664250061851,1.3432109916195616,0.7387767919452531,0.9587451170121463,1.0528357999404472,0.7791821859936927,1,0
2019-07-16,0.0,1.195104218942669,2.0941279237137986,2.705984055427942,2.389432182125044,0.8571791578017907,0.3325939223825687,1.3156405018410218,2.6986585452034655,3.465487275990322,3.2850416847665613,0.0,0.8156037935287797,0.7472085907006405,0.8714373975702179,1.228576965522313,1.3647229267857528,0.7582013961233887,0.9788695523449484,1.0734206474835817,0.7987593921011102,0.4873118277878805,1,0
2019-07-17,0.0,0.8782893164646122,1.469350706690172,1.1610302785167057,-0.33601599125972964,-0.8519602821053369,0.10685261533866319,1.460549046295422,2.207139316130874,2.0299569478445236,2.0057976155080954,0.0,-0.07120100681451996,0.05787389326722314,0.41213679988807617,0.5424849975774989,-0.06689705336829488,0.15774867087452182,0.24609193248483452,-0.02678953480729085,-0.3356064171498486,2.019573150979792,1,1
2019-07-18,0.0,0.5775590173492597,0.27438731206402756,-1.201107633504375,-1.7121541772857756,-0.7683645301974065,0.5676650006188939,1.301565976623009,1.12627980628097,1.1053960652344748,1.9313085554263962,0.0,0.12826698569160305,0.4817156608515273,0.6121753476555578,0.004871207578303172,0.22849738049361346,0.31711382833413837,0.04489736856772786,-0.26322040760019944,2.0844416627837847,8.06886066359792,0,1
2019-07-19,0.0,-0.29811958760594987,-1.7512847028845857,-2.2562499376355323,-1.3275406543961936,-0.010540739166649549,0.710985113292389,0.5379240789093988,0.5192692175583766,1.3379545812557536,1.270864432466668,0.0,0.35482237061641453,0.4850385534178685,-0.1258625409942271,0.09955155499849189,0.18764291636084107,-0.0857005801844728,-0.39499638452754193,1.9656321622316726,7.980644733516117,7.340379838917742,0,1
2019-07-22,0.0,-1.4616034943730505,-1.9686290505782313,-1.034106238172344,0.28991376676475006,1.016298634562745,0.8424582489260384,0.8226858957254555,1.6433438627259995,1.5770018529696266,1.697752494044329,0.0,0.1269768219063182,-0.481717528450749,-0.25585492274164867,-0.1709427263237897,-0.44197658480799573,-0.7483924196311552,1.6011521250316767,7.581218300255397,6.947551086054631,5.82626125561251,0,1
2019-07-23,0.0,-0.5152403880006987,0.4445528141900297,1.7982638110211084,2.5460004954085154,2.3689770598430373,2.343673428112879,3.1707837196230133,3.1084801750879336,3.222359883334217,3.597809691093146,0.0,-0.6043837023373491,-0.37967378775832206,-0.29637525017583954,-0.565021835619121,-0.8686439753122386,1.463356888562136,7.396396194523476,6.768732650039224,5.6601303481354135,5.101781198989116,1,1
2019-07-24,0.0,0.9658996066488692,2.326119769590999,3.0792021118921964,2.901574768002262,2.8743905164132766,3.7013463111942473,3.640653660419704,3.7517694437489775,4.130156939787732,4.290889408852159,0.0,0.22183013770314963,0.30968928845209015,0.03969788737691269,-0.26589776971628054,2.0626948081484078,7.9984129479031205,7.365586124943095,6.237979488474743,5.686294216017534,6.789619016303149,1,1
2019-07-25,0.0,1.339039100179595,2.0771892637941844,1.9018750208108237,1.87833534719646,2.699980337842793,2.6367340164797066,2.752184080558575,3.122605610187237,3.2745883178304998,2.6632614083573607,0.0,0.08648360294245361,-0.1839699342845577,-0.4899216208553751,1.8482108489653402,7.804039852612237,7.170874189607171,6.046292326347706,5.490179410594348,6.596709386351427,8.550145248072495,1,1
2019-07-26,0.0,0.7206666739464624,0.5478252434026064,0.5291578483427091,1.3467442973517365,1.27977607546731,1.4015745292986141,1.7625787798957766,1.9032330769872225,1.2951490124648704,1.5144896290515892,0.0,-0.2681012569170824,-0.5713279063812142,1.7485967962977176,7.65643773299161,7.029064274689151,5.916162118592871,5.363551265332119,6.46096166798444,8.396874806294436,8.388638453670445,0,1
2019-07-29,0.0,-0.17094641746123035,-0.18697087268077217,0.6256959482957116,0.5569840839445133,0.6817309818712612,1.0365257206082723,1.1707054022503265,0.566399085417735,0.7869312266099654,0.8796191669096117,0.0,-0.30522960049927056,2.021783676545469,7.95273047375516,7.320732295516444,6.19524529498521,5.643550031647333,6.745893471094565,8.694984196127951,8.684979599255428,9.015972854232754,0,1
2019-07-30,0.0,-0.01663182544780678,0.7961688101096651,0.7279585987126761,0.8518463217092207,1.207664250061851,1.3432109916195616,0.7387767919452531,0.9587451170121463,1.0528357999404472,0.7791821859936927,0.0,2.3368493764036793,8.298649981210586,7.660881636185804,6.520126752093506,5.969079643582832,7.077890608140451,9.043531012453183,9.03148935445549,9.360694684371433,9.678019579294936,0,1
2019-07-31,0.0,0.8156037935287797,0.7472085907006405,0.8714373975702179,1.228576965522313,1.3647229267857528,0.7582013961233887,0.9788695523449484,1.0734206474835817,0.7987593921011102,0.4873118277878805,0.0,5.909066741663834,5.295819066320053,4.2367424702479255,3.66381280435943,4.7572417496946215,6.656744198308094,6.659905691289286,7.012892256037523,7.2925249443985045,6.184182948080215,0,1
2019-08-01,0.0,-0.07120100681451996,0.05787389326722314,0.41213679988807617,0.5424849975774989,-0.06689705336829488,0.15774867087452182,0.24609193248483452,-0.02678953480729085,-0.3356064171498486,2.019573150979792,0.0,-0.5430129433595997,-1.385223950875603,-2.0013739720633783,-0.964314649580837,0.7414852105535004,0.7815337793691681,1.1861747175516133,1.3693622174280464,0.47720641428083344,2.0130048280560793,1,1
2019-08-02,0.0,0.12826698569160305,0.4817156608515273,0.6121753476555578,0.004871207578303172,0.22849738049361346,0.31711382833413837,0.04489736856772786,-0.26322040760019944,2.0844416627837847,8.06886066359792,0.0,-0.8694337468440128,-1.486571431796067,-0.4357437920982963,1.302171094542667,1.3390886876046855,1.742196383728876,1.9359251370913297,1.0162017518116548,2.5730890640898014,2.5541869334347753,1,1
2019-08-05,0.0,0.35482237061641453,0.4850385534178685,-0.1258625409942271,0.09955155499849189,0.18764291636084107,-0.0857005801844728,-0.39499638452754193,1.9656321622316726,7.980644733516117,7.340379838917742,0.0,-0.6300600192170351,0.4635152474965496,2.288165977817764,2.3203814957155235,2.7281911788850617,2.9435362757139507,1.9597666816918968,3.581172368707687,3.574571456653499,3.983422000921796,1,1
2019-08-06,0.0,0.1269768219063182,-0.481717528450749,-0.25585492274164867,-0.1709427263237897,-0.44197658480799573,-0.7483924196311552,1.6011521250316767,7.581218300255397,6.947551086054631,5.82626125561251,0.0,1.086759316046768,2.910988207252071,2.938766818901926,3.336048224140414,3.5594299445538704,2.5636071996741627,4.175715748738378,4.178080503819347,4.591798059360977,5.622581017118609,1,1
2019-08-07,0.0,-0.6043837023373491,-0.37967378775832206,-0.29637525017583954,-0.565021835619121,-0.8686439753122386,1.463356888562136,7.396396194523476,6.768732650039224,5.6601303481354135,5.101781198989116,0.0,1.7830934371632985,1.8177938992640343,2.2238973905880415,2.4284619068948285,1.4760218307014972,3.0669826116130765,3.0540182411167973,3.449951718359338,4.477499422387931,5.0072712229877805,1,1
2019-08-08,0.0,0.22183013770314963,0.30968928845209015,0.03969788737691269,-0.26589776971628054,2.0626948081484078,7.9984129479031205,7.365586124943095,6.237979488474743,5.686294216017534,6.789619016303149,0.0,0.044857025662258576,0.45767190035177907,0.6294769605402654,-0.23915459974637843,1.291544716767915,1.2549872197211052,1.6164699945879057,2.621291368609092,3.1183571929427,2.664428123651639,1,1
2019-08-09,0.0,0.08648360294245361,-0.1839699342845577,-0.4899216208553751,1.8482108489653402,7.804039852612237,7.170874189607171,6.046292326347706,5.490179410594348,6.596709386351427,8.550145248072495,0.0,0.4159328821581695,0.5881296562707938,-0.2845672913888868,1.2555237787323146,1.2181041157282884,1.581289574597726,2.5927050350396574,3.0924858980781793,2.6357624882781034,2.782913667518836,1,1
2019-08-12,0.0,-0.2681012569170824,-0.5713279063812142,1.7485967962977176,7.65643773299161,7.029064274689151,5.916162118592871,5.363551265332119,6.46096166798444,8.396874806294436,8.388638453670445,0.0,0.16726757514362145,-0.7001374762639383,0.8516026786130504,0.8078992435225079,1.1689847628705081,2.1920854313958844,2.692497344662693,2.2322326387249483,2.3916267723945794,1.3698563824089742,1,1
2019-08-13,0.0,-0.30522960049927056,2.021783676545469,7.95273047375516,7.320732295516444,6.19524529498521,5.643550031647333,6.745893471094565,8.694984196127951,8.684979599255428,9.015972854232754,0.0,-0.8482510049458103,0.6774505870170828,0.6321601184911455,0.9853122675434025,1.9928053252272635,2.4836024493918307,2.0310275717078143,2.1920507951692985,1.1854090092870746,1.5237010557478357,1,1
2019-08-14,0.0,2.3368493764036793,8.298649981210586,7.660881636185804,6.520126752093506,5.969079643582832,7.077890608140451,9.043531012453183,9.03148935445549,9.360694684371433,9.678019579294936,0.0,1.5877703523768383,1.5534505751660557,1.9313194419260524,2.971183683335766,3.488671954332178,3.01787048007512,3.16167905636723,2.125222534104038,2.4739340098054026,2.4000668264137324,1,1
2019-08-15,0.0,5.909066741663834,5.295819066320053,4.2367424702479255,3.66381280435943,4.7572417496946215,6.656744198308094,6.659905691289286,7.012892256037523,7.2925249443985045,6.184182948080215,0.0,-0.05619443354078868,0.2957209869051667,1.3295255994374997,1.824595987309027,1.3630847494111915,1.5458283736372989,0.5109186739955098,0.8583975903385437,0.7755780751959054,0.2907080324742899,1,0
2019-08-16,0.0,-0.5430129433595997,-1.385223950875603,-2.0013739720633783,-0.964314649580837,0.7414852105535004,0.7815337793691681,1.1861747175516133,1.3693622174280464,0.47720641428083344,2.0130048280560793,0.0,0.34777409986779584,1.3669978624834438,1.855757323106032,1.4005286668434376,1.5793181837339345,0.5591604362078947,0.9017108132546696,0.8203841595435878,0.3428475431210958,0.05960042965779522,1,0
2019-08-19,0.0,-0.8694337468440128,-1.486571431796067,-0.4357437920982963,1.302171094542667,1.3390886876046855,1.742196383728876,1.9359251370913297,1.0162017518116548,2.5730890640898014,2.5541869334347753,0.0,1.0062946008096851,1.484752636346066,1.0366825742965586,1.221611534641973,0.21344505347954668,0.5518190771545373,0.4695406947121902,-0.004959909764983339,-0.28408092701454823,-0.17659395173833636,1,0
2019-08-20,0.0,-0.6300600192170351,0.4635152474965496,2.288165977817764,2.3203814957155235,2.7281911788850617,2.9435362757139507,1.9597666816918968,3.581172368707687,3.574571456653499,3.983422000921796,0.0,0.46915148677613616,0.022554273248575618,0.23334207263569895,-0.783488679928247,-0.4426481061289811,-0.5312516381850141,-1.0174196711995473,-1.2965931639496033,-1.1823469742366226,-2.065829862371915,1,0
2019-08-21,0.0,1.086759316046768,2.910988207252071,2.938766818901926,3.336048224140414,3.5594299445538704,2.5636071996741627,4.175715748738378,4.178080503819347,4.591798059360977,5.622581017118609,0.0,-0.44065841110140114,-0.220551817679556,-1.229346914795565,-0.8913996948453116,-0.9818457919572507,-1.4676068872675156,-1.7435122105401346,-1.627527694776174,-2.504716233948448,-1.6840670894747627,1,0
2019-08-22,0.0,1.7830934371632985,1.8177938992640343,2.2238973905880415,2.4284619068948285,1.4760218307014972,3.0669826116130765,3.0540182411167973,3.449951718359338,4.477499422387931,5.0072712229877805,0.0,0.2097033228037124,-0.7993346615715269,-0.4611158734175258,-0.549163275662065,-1.0317714626392867,-1.3087540995677032,-1.1952558027910745,-2.072001103100982,-1.2415100688389182,-0.22530131032174516,1,0
2019-08-23,0.0,0.044857025662258576,0.45767190035177907,0.6294769605402654,-0.23915459974637843,1.291544716767915,1.2549872197211052,1.6164699945879057,2.621291368609092,3.1183571929427,2.664428123651639,0.0,-1.0360502297968353,-0.6888723970424924,-0.7804880070619642,-1.27765192922817,-1.5615436483247755,-1.4437489438094533,-2.3442924428027405,-1.496394722716249,-0.4555624408160277,-3.165144090325333,1,0
2019-08-26,0.0,0.4159328821581695,0.5881296562707938,-0.2845672913888868,1.2555237787323146,1.2181041157282884,1.581289574597726,2.5927050350396574,3.0924858980781793,2.6357624882781034,2.782913667518836,0.0,0.343645262549017,0.2588421652551811,-0.22483234715873346,-0.5078712296205252,-0.3974124948807618,-1.2860610425831207,-0.4249423780796411,0.6162172262823375,-2.091779529028515,-5.394960462724475,1,0
2019-08-27,0.0,0.16726757514362145,-0.7001374762639383,0.8516026786130504,0.8078992435225079,1.1689847628705081,2.1920854313958844,2.692497344662693,2.2322326387249483,2.3916267723945794,1.3698563824089742,0.0,-0.08703211838845748,-0.5749812714723956,-0.8581792492609219,-0.7453286480435318,-1.6375430866510643,-0.7812018681162898,0.259390417543206,-2.447941253429509,-5.750466776947849,-6.637262039483187,1,0
2019-08-28,0.0,-0.8482510049458103,0.6774505870170828,0.6321601184911455,0.9853122675434025,1.9928053252272635,2.4836024493918307,2.0310275717078143,2.1920507951692985,1.1854090092870746,1.5237010557478357,0.0,-0.4840976202449385,-0.7656411408897756,-0.6540323892677176,-1.5402677032587062,-0.6876136198108762,0.34718767247196647,-2.344874556438198,-5.628734721676322,-6.509880204240492,-6.855440436782374,1,0
2019-08-29,0.0,1.5877703523768383,1.5534505751660557,1.9313194419260524,2.971183683335766,3.488671954332178,3.01787048007512,3.16167905636723,2.125222534104038,2.4739340098054026,2.4000668264137324,0.0,-0.2790428902817805,-0.17161900530692265,-1.0457796148491063,-0.19348644693993178,0.8337037591238763,-1.8374461371808675,-5.095583032431326,-5.966330889647374,-6.307781812646798,-6.927385736157903,1,0
2019-08-30,0.0,-0.05619443354078868,0.2957209869051667,1.3295255994374997,1.824595987309027,1.3630847494111915,1.5458283736372989,0.5109186739955098,0.8583975903385437,0.7755780751959054,0.2907080324742899,0.0,0.10572580116185326,-0.7673052336407047,0.0904744763270009,1.1201344223131078,-1.556791252313032,-4.821848787200924,-5.6924124241033525,-6.03377261486352,-6.6549184204091905,-6.551761922383799,0,0
2019-09-03,0.0,0.34777409986779584,1.3669978624834438,1.855757323106032,1.4005286668434376,1.5793181837339345,0.5591604362078947,0.9017108132546696,0.8203841595435878,0.3428475431210958,0.05960042965779522,0.0,-0.8793141370077684,-0.017892523607882183,1.017718715759838,-1.674926782718566,-4.959205478422342,-5.835672894659965,-6.179355138340725,-6.804071124716829,-6.6999633987998966,-4.407040458854779,0,0
2019-09-04,0.0,1.0062946008096851,1.484752636346066,1.0366825742965586,1.221611534641973,0.21344505347954668,0.5518190771545373,0.4695406947121902,-0.004959909764983339,-0.28408092701454823,-0.17659395173833636,0.0,0.8710765447588795,1.9053796863255406,-0.7818436747712024,-4.059120106513088,-4.9273613485565875,-5.2677600359987,-5.891849854881304,-5.790771727703307,-3.5002252995782817,-4.086981463505816,0,0
2019-09-05,0.0,0.46915148677613616,0.022554273248575618,0.23334207263569895,-0.783488679928247,-0.4426481061289811,-0.5312516381850141,-1.0174196711995473,-1.2965931639496033,-1.1823469742366226,-2.065829862371915,0.0,1.0115387278353123,-1.6184771996002556,-4.826357592556324,-5.682311792861643,-6.017949213093866,-6.628147043308512,-6.52651625055029,-4.286881485119254,-4.861458983099293,-4.09316833639523,0,0
2019-09-06,0.0,-0.44065841110140114,-0.220551817679556,-1.229346914795565,-0.8913996948453116,-0.9818457919572507,-1.4676068872675156,-1.7435122105401346,-1.627527694776174,-2.504716233948448,-1.6840670894747627,0.0,-2.6012395844449845,-5.774458086895205,-6.628312467095927,-6.963191612409091,-7.566002489576316,-7.462312673849209,-5.249702550570179,-5.818359824915864,-5.058468133520202,-6.039556786718888,0,0
2019-09-09,0.0,0.2097033228037124,-0.7993346615715269,-0.4611158734175258,-0.549163275662065,-1.0317714626392867,-1.3087540995677032,-1.1952558027910745,-2.072001103100982,-1.2415100688389182,-0.22530131032174516,0.0,-3.2574196313517825,-4.114846142053798,-4.450953909171066,-5.071878985409287,-4.973866124970913,-2.695003290351748,-3.277980416603002,-2.497665042426306,-3.5182534139414123,-3.63123058971187,0,0
2019-09-10,0.0,-1.0360502297968353,-0.6888723970424924,-0.7804880070619642,-1.27765192922817,-1.5615436483247755,-1.4437489438094533,-2.3442924428027405,-1.496394722716249,-0.4555624408160277,-3.165144090325333,0.0,-0.8616667894652157,-1.199214701169495,-1.8432962506718962,-1.7526704475631427,0.6108837497982179,0.00964157512479935,0.8160301702709791,-0.2552010386061596,-0.3722710485215895,0.20339598097704778,0,0
2019-09-11,0.0,0.343645262549017,0.2588421652551811,-0.22483234715873346,-0.5078712296205252,-0.3974124948807618,-1.2860610425831207,-0.4249423780796411,0.6162172262823375,-2.091779529028515,-5.394960462724475,0.0,-0.3355324201011437,-0.9811354133479254,-0.8930951465579606,1.4759673175607393,0.8741862361962911,1.6817121038046436,0.6047605843365279,0.4874445788200674,1.0566711221485796,1.5589715110596578,0,0
2019-09-12,0.0,-0.08703211838845748,-0.5749812714723956,-0.8581792492609219,-0.7453286480435318,-1.6375430866510643,-0.7812018681162898,0.259390417543206,-2.447941253429509,-5.750466776947849,-6.637262039483187,0.0,-0.6461537374867676,-0.5591233581773504,1.8119310533462787,1.2099781758281778,2.017895446133682,0.9387889800577047,0.8213847340153767,1.3880738457844775,1.8926513968184675,2.697309375749932,0,1
2019-09-13,0.0,-0.4840976202449385,-0.7656411408897756,-0.6540323892677176,-1.5402677032587062,-0.6876136198108762,0.34718767247196647,-2.344874556438198,-5.628734721676322,-6.509880204240492,-6.855440436782374,0.0,0.08561956633870782,2.475510597599012,1.8694237162843317,2.6832016595233292,1.5930991049896441,1.4747823238307445,2.040123910521097,2.5523073983921853,3.361220486617417,0.028676196189729497,0,1
2019-09-16,0.0,-0.2790428902817805,-0.17161900530692265,-1.0457796148491063,-0.19348644693993178,0.8337037591238763,-1.8374461371808675,-5.095583032431326,-5.966330889647374,-6.307781812646798,-6.927385736157903,0.0,2.39512941918539,1.7876283885976165,2.603263768551502,1.5110921194977112,1.3925133342284781,1.9598672629787428,2.4726979138877354,3.283666571524879,-0.05603811614032117,-1.103811279613117,0,1
2019-09-17,0.0,0.10572580116185326,-0.7673052336407047,0.0904744763270009,1.1201344223131078,-1.556791252313032,-4.821848787200924,-5.6924124241033525,-6.03377261486352,-6.6549184204091905,-6.551761922383799,0.0,-0.5925983817974337,0.20190845288022072,-0.8506069637374858,-0.9658956672316695,-0.393659953369625,0.09173304990528641,0.8873683322921067,-2.3537258575262943,-3.3860221111160023,-3.00363311638435,0,0
2019-09-18,0.0,-0.8793141370077684,-0.017892523607882183,1.017718715759838,-1.674926782718566,-4.959205478422342,-5.835672894659965,-6.179355138340725,-6.804071124716829,-6.6999633987998966,-4.407040458854779,0.0,0.7989796079814018,-0.26236276148478455,-0.37835625448944354,0.19210176373970422,0.6838411415840978,1.482506699604444,-1.7799225452259553,-2.815051731471013,-2.4377479758466025,-3.2037988871270193,0,0
2019-09-19,0.0,0.8710765447588795,1.9053796863255406,-0.7818436747712024,-4.059120106513088,-4.9273613485565875,-5.2677600359987,-5.891849854881304,-5.790771727703307,-3.5002252995782817,-4.086981463505816,0.0,-1.049028426401308,-1.1640237624597094,-0.591460901460835,-0.10844517181809299,0.6857852892787927,-2.546547263430992,-3.5773921954294563,-3.193467283755059,-3.939554466560962,-3.466495019863443,0,0
2019-09-20,0.0,1.0115387278353123,-1.6184771996002556,-4.826357592556324,-5.682311792861643,-6.017949213093866,-6.628147043308512,-6.52651625055029,-4.286881485119254,-4.861458983099293,-4.09316833639523,0.0,-0.11689556345836755,0.4556482195608076,0.9527173067058455,1.7567770480569451,-1.5317016513087978,-2.573331458349545,-2.196400637740725,-2.9728904839189365,-2.4842419591675093,-1.960435874460878,0,0
2019-09-23,0.0,-2.6012395844449845,-5.774458086895205,-6.628312467095927,-6.963191612409091,-7.566002489576316,-7.462312673849209,-5.249702550570179,-5.818359824915864,-5.058468133520202,-6.039556786718888,0.0,0.5722843965351604,1.0706982722822236,1.8754935233651453,-1.4177726104809665,-2.4601378106638627,-2.084156784702607,-2.863690194440255,-2.3735217352635165,-1.8474328646243903,-0.9540000089484895,0,0
2019-09-24,0.0,-3.2574196313517825,-4.114846142053798,-4.450953909171066,-5.071878985409287,-4.973866124970913,-2.695003290351748,-3.277980416603002,-2.497665042426306,-3.5182534139414123,-3.63123058971187,0.0,0.4962260195930801,1.3045972322171469,-1.994501346489924,-3.0425735406429433,-2.658518798580135,-3.4299754292681084,-2.9429358416661633,-2.4234302749901273,-1.5250272925765418,-1.464983058793901,0,0
2019-09-25,0.0,-0.8616667894652157,-1.199214701169495,-1.8432962506718962,-1.7526704475631427,0.6108837497982179,0.00964157512479935,0.8160301702709791,-0.2552010386061596,-0.3722710485215895,0.20339598097704778,0.0,0.8006723613763548,-2.4595382582669845,-3.498541260767484,-3.112710917820627,-3.8670276886563624,-3.3891296953670844,-2.882141584628408,-1.9914460951863313,-1.924543398130837,-0.08093506872508849,0,0
2019-09-26,0.0,-0.3355324201011437,-0.9811354133479254,-0.8930951465579606,1.4759673175607393,0.8741862361962911,1.6817121038046436,0.6047605843365279,0.4874445788200674,1.0566711221485796,1.5589715110596578,0.0,-3.2378936167901693,-4.275131101799717,-3.881683295215617,-4.617739788993234,-4.1486482406273595,-3.65553758754447,-2.7662475792109924,-2.687487547469491,-0.8611488813217452,-0.6386084674852004,0,0
2019-09-27,0.0,-0.6461537374867676,-0.5591233581773504,1.8119310533462787,1.2099781758281778,2.017895446133682,0.9387889800577047,0.8213847340153767,1.3880738457844775,1.8926513968184675,2.697309375749932,0.0,-1.060884208030238,-0.6934785958526012,-1.5181691182231827,-1.0045508596608428,-0.44511442948282415,0.4639922568455773,0.49388613253348623,2.421689184177553,2.6742250338587503,2.4090391456467923,1,1
2019-09-30,0.0,0.08561956633870782,2.475510597599012,1.8694237162843317,2.6832016595233292,1.5930991049896441,1.4747823238307445,2.040123910521097,2.5523073983921853,3.361220486617417,0.028676196189729497,0.0,0.3563828262412184,-0.4917849561029013,0.032955555440220774,0.6103505318695783,1.5198034173583839,1.5334755602758172,3.481499321549216,3.742159968367482,3.487009593675633,2.9641372568538755,1,1
2019-10-01,0.0,2.39512941918539,1.7876283885976165,2.603263768551502,1.5110921194977112,1.3925133342284781,1.9598672629787428,2.4726979138877354,3.283666571524879,-0.05603811614032117,-1.103811279613117,0.0,-0.8491705398304403,-0.32264229349554907,0.2547572931253691,1.1738032357451653,1.193186764721396,3.155075648620029,3.415732357078468,3.154414287977777,2.62745971340752,2.4796188627919133,1,1
2019-10-02,0.0,-0.5925983817974337,0.20190845288022072,-0.8506069637374858,-0.9658956672316695,-0.393659953369625,0.09173304990528641,0.8873683322921067,-2.3537258575262943,-3.3860221111160023,-3.00363311638435,0.0,0.5477557217506956,1.153307606978835,2.093276289551533,2.099372743755853,4.122405243661142,4.395785803897494,4.137091084205572,3.5946060482033264,3.4516765963711102,3.1727354989977177,0,1
2019-10-03,0.0,0.7989796079814018,-0.26236276148478455,-0.37835625448944354,0.19210176373970422,0.6838411415840978,1.482506699604444,-1.7799225452259553,-2.815051731471013,-2.4377479758466025,-3.2037988871270193,0.0,0.589831576249737,1.5197808202806633,1.53428815091311,3.525581872059533,3.7918563590282837,3.5306265422363636,2.9961058964427982,2.8495897099599197,2.575462740072147,2.5838029713243844,0,1
2019-10-04,0.0,-1.049028426401308,-1.1640237624597094,-0.591460901460835,-0.10844517181809299,0.6857852892787927,-2.546547263430992,-3.5773921954294563,-3.193467283755059,-3.939554466560962,-3.466495019863443,0.0,0.9142013288640749,0.9373795835123968,2.8842487372474905,3.141604089554614,2.879230163453928,2.356056494915998,2.2066454439168197,1.9390971065002585,1.9456550181144694,1.3127593261851707,0,1
2019-10-07,0.0,-0.11689556345836755,0.4556482195608076,0.9527173067058455,1.7567770480569451,-1.5317016513087978,-2.573331458349545,-2.196400637740725,-2.9728904839189365,-2.4842419591675093,-1.960435874460878,0.0,0.03723034439028505,1.9669062116506906,2.2172674113627466,1.9461596741339446,1.4266903539272038,1.268829295613432,1.004377657529842,1.0083475238737987,0.3820280100098943,0.06654911504716132,0,1
2019-10-08,0.0,0.5722843965351604,1.0706982722822236,1.8754935233651453,-1.4177726104809665,-2.4601378106638627,-2.084156784702607,-2.863690194440255,-2.3735217352635165,-1.8474328646243903,-0.9540000089484895,0.0,1.9590926128885418,2.213070323830887,1.9373613703474581,1.409934235952654,1.2492526453686792,0.9808007050209087,0.9847238614950822,0.34889831016640827,0.028285716805906524,-1.7674618201634753,0,1
2019-10-09,0.0,0.4962260195930801,1.3045972322171469,-1.994501346489924,-3.0425735406429433,-2.658518798580135,-3.4299754292681084,-2.9429358416661633,-2.4234302749901273,-1.5250272925765418,-1.464983058793901,0.0,0.23467468128217883,-0.054309705633239336,-0.5643365599059185,-0.739799588051937,-0.9968555566747368,-0.9984301782521967,-1.6088543956309658,-1.9339095600652074,-3.672565184829767,-4.877161226080868,0,0
2019-10-10,0.0,0.8006723613763548,-2.4595382582669845,-3.498541260767484,-3.112710917820627,-3.8670276886563624,-3.3891296953670844,-2.882141584628408,-1.9914460951863313,-1.924543398130837,-0.08093506872508849,0.0,-0.2890189759075589,-0.7942893452559272,-0.9705663822864843,-1.2249152008327697,-1.227130158515366,-1.8313216850837737,-2.155178054395868,-3.877881562894208,-5.072689480413245,-3.4800190135898394,0,0
2019-10-11,0.0,-3.2378936167901693,-4.275131101799717,-3.881683295215617,-4.617739788993234,-4.1486482406273595,-3.65553758754447,-2.7662475792109924,-2.687487547469491,-0.8611488813217452,-0.6386084674852004,0.0,-0.5016337295646307,-0.673652833140536,-0.9265489938163808,-0.9279489520373594,-1.528450490472485,-1.847740285244168,-3.5577245626074854,-4.742169131723945,-3.1616584145713675,-3.2305246260249776,0,0
2019-10-14,0.0,-1.060884208030238,-0.6934785958526012,-1.5181691182231827,-1.0045508596608428,-0.44511442948282415,0.4639922568455773,0.49388613253348623,2.421689184177553,2.6742250338587503,2.4090391456467923,0.0,-0.16810143049064752,-0.4236469899545588,-0.42365003914319355,-1.0300216051303068,-1.3478764342881153,-3.0707074329157256,-4.26133352977004,-2.669654744801827,-2.736878011006376,-3.5761452126910918,1,0
2019-10-15,0.0,0.3563828262412184,-0.4917849561029013,0.032955555440220774,0.6103505318695783,1.5198034173583839,1.5334755602758172,3.481499321549216,3.742159968367482,3.487009593675633,2.9641372568538755,0.0,-0.2537817273676193,-0.2533250481424372,-0.8553742073708805,-1.1694784568991052,-2.878767772345419,-4.059147962376211,-2.4802105687571077,-2.5461998303579323,-3.377640494835227,-0.2827268925052058,1,0
2019-10-16,0.0,-0.8491705398304403,-0.32264229349554907,0.2547572931253691,1.1738032357451653,1.193186764721396,3.155075648620029,3.415732357078468,3.154414287977777,2.62745971340752,2.4796188627919133,0.0,0.0011631128562092918,-0.6046321638772145,-0.9184183193022835,-2.6364136192262224,-3.821446653884453,-2.2348203737637538,-2.3000649749058986,-3.133856843440099,-0.025052238364283497,-0.9778035013059033,1,0
2019-10-17,0.0,0.5477557217506956,1.153307606978835,2.093276289551533,2.099372743755853,4.122405243661142,4.395785803897494,4.137091084205572,3.5946060482033264,3.4516765963711102,3.1727354989977177,0.0,-0.6041146245990971,-0.917040539883396,-2.6302783624643875,-3.8120359641241084,-2.2298017723457466,-2.294870598964044,-3.126362070418059,-0.026157884651023755,-0.9762769109783763,0.6510883731275126,1,0
2019-10-18,0.0,0.589831576249737,1.5197808202806633,1.53428815091311,3.525581872059533,3.7918563590282837,3.5306265422363636,2.9961058964427982,2.8495897099599197,2.575462740072147,2.5838029713243844,0.0,-0.3118811610892393,-2.0445478933552264,-3.236451800250111,-1.6371201928090349,-1.7003384784585838,-2.5367481901531876,0.594129242387379,-0.3635297673010831,1.2783260120819742,0.6188545804508174,1,0
2019-10-21,0.0,0.9142013288640749,0.9373795835123968,2.8842487372474905,3.141604089554614,2.879230163453928,2.356056494915998,2.2066454439168197,1.9390971065002585,1.9456550181144694,1.3127593261851707,0.0,-1.7272975222598634,-2.9138636752247886,-1.3199153314130196,-1.3816303060817718,-2.213169534842674,0.9057408021478528,-0.047316722847728254,1.5874487701551898,0.9334759732417837,-0.4227870076137461,1,0
2019-10-22,0.0,0.03723034439028505,1.9669062116506906,2.2172674113627466,1.9461596741339446,1.4266903539272038,1.268829295613432,1.004377657529842,1.0083475238737987,0.3820280100098943,0.06654911504716132,0.0,-1.206799972411263,0.42447341340954037,0.3686636137705507,-0.4706420250893303,2.713165431656908,1.7456393279816924,3.4097783312067844,2.7591669870635225,1.3807245186561348,-0.5894120400411382,1,1
2019-10-23,0.0,1.9590926128885418,2.213070323830887,1.9373613703474581,1.409934235952654,1.2492526453686792,0.9808007050209087,0.9847238614950822,0.34889831016640827,0.028285716805906524,-1.7674618201634753,0.0,1.6487942665749098,1.5974352669840977,0.7571575306379237,3.9695699480772095,2.9970448014651745,4.67293767647445,4.028169728948791,2.6415039396280346,0.6515523083921315,1.4816343250847401,1,1
2019-10-24,0.0,0.23467468128217883,-0.054309705633239336,-0.5643365599059185,-0.739799588051937,-0.9968555566747368,-0.9984301782521967,-1.6088543956309658,-1.9339095600652074,-3.672565184829767,-4.877161226080868,0.0,-0.05702431898699273,-0.8911864314707437,2.264520255761822,1.3042604087306353,2.9548137304059785,2.3059154702112314,0.9382048782713905,-1.013814105785815,-0.1998979991903158,0.40672943576880094,0,1
2019-10-25,0.0,-0.2890189759075589,-0.7942893452559272,-0.9705663822864843,-1.2249152008327697,-1.227130158515366,-1.8313216850837737,-2.155178054395868,-3.877881562894208,-5.072689480413245,-3.4800190135898394,0.0,-0.830933531266871,2.313711438905446,1.3569888732076667,3.0016082279573015,2.355526564189022,0.992803175881332,-0.9524714270428278,-0.14135546992796266,0.46331261590039396,0.0856020453363886,0,1
2019-10-28,0.0,-0.5016337295646307,-0.673652833140536,-0.9265489938163808,-0.9279489520373594,-1.528450490472485,-1.847740285244168,-3.5577245626074854,-4.742169131723945,-3.1616584145713675,-3.2305246260249776,0.0,3.1525534544510827,2.1959222854542135,3.8425156723845815,3.2027124533429956,1.8393755748962781,-0.1122208085869516,0.7017060276483416,1.3103308524878026,0.9337527638672123,1.040944067362062,0,1
2019-10-29,0.0,-0.16810143049064752,-0.4236469899545588,-0.42365003914319355,-1.0300216051303068,-1.3478764342881153,-3.0707074329157256,-4.26133352977004,-2.669654744801827,-2.736878011006376,-3.5761452126910918,0.0,-0.9380945355222221,0.6687407806468892,0.018429958141493508,-1.3157495469577354,-3.2055530345635335,-2.418039624134477,-1.8359992619586658,-2.2093200018215935,-2.099207152123326,-2.23483759299327,0,0
2019-10-30,0.0,-0.2537817273676193,-0.2533250481424372,-0.8553742073708805,-1.1694784568991052,-2.878767772345419,-4.059147962376211,-2.4802105687571077,-2.5461998303579323,-3.377640494835227,-0.2827268925052058,0.0,1.6138888122481871,0.9686610707852392,-0.37022480330930707,-2.272810324563163,-1.479772482405012,-0.891541376376392,-1.2647163341892236,-1.1558050848074042,-1.2907753947844176,0.007523330770120351,0,0
2019-10-31,0.0,0.0011631128562092918,-0.6046321638772145,-0.9184183193022835,-2.6364136192262224,-3.821446653884453,-2.2348203737637538,-2.3000649749058986,-3.133856843440099,-0.025052238364283497,-0.9778035013059033,0.0,-0.6522664936647339,-1.9797764595238823,-3.8558165542416045,-3.07417828602848,-2.497967733284588,-2.8704545774365258,-2.75976997675716,-2.8955259804732814,-1.6151890474855868,-1.165543340813726,0,0
2019-11-01,0.0,-0.6041146245990971,-0.917040539883396,-2.6302783624643875,-3.8120359641241084,-2.2298017723457466,-2.294870598964044,-3.126362070418059,-0.026157884651023755,-0.9762769109783763,0.6510883731275126,0.0,-1.320946606326963,-3.19188885896235,-2.4122390487611054,-1.8360510425645056,-2.2056971352932013,-2.0966458914566273,-2.230952963482526,-0.9541568371051292,-0.5053693601229419,-0.1656773541954455,0,0
2019-11-04,0.0,-0.3118811610892393,-2.0445478933552264,-3.236451800250111,-1.6371201928090349,-1.7003384784585838,-2.5367481901531876,0.594129242387379,-0.3635297673010831,1.2783260120819742,0.6188545804508174,0.0,-1.8904782060733776,-1.1024106556469553,-0.5170540498349763,-0.8868248441151501,-0.7793568631051977,-0.912860253039838,0.37714187248961173,0.8313582001364261,1.1846341857882394,1.5978455440007309,0,0
2019-11-05,0.0,-1.7272975222598634,-2.9138636752247886,-1.3199153314130196,-1.3816303060817718,-2.213169534842674,0.9057408021478528,-0.047316722847728254,1.5874487701551898,0.9334759732417837,-0.4227870076137461,0.0,0.805580098000182,1.408208611852043,1.0358137541257202,1.1416762880429703,1.0084664983052054,2.326297150212857,2.791451049446535,3.1669227377946845,3.5895910876311126,5.158585712122904,0,1
2019-11-06,0.0,-1.206799972411263,0.42447341340954037,0.3686636137705507,-0.4706420250893303,2.713165431656908,1.7456393279816924,3.4097783312067844,2.7591669870635225,1.3807245186561348,-0.5894120400411382,0.0,0.5952161231998823,0.22400399061221,0.33052290007861884,0.19721601320261795,1.503033918723516,1.9634770321978334,2.3295036235196735,2.7480947432483918,4.3039471515028875,4.775637414368079,1,1
2019-11-07,0.0,1.6487942665749098,1.5974352669840977,0.7571575306379237,3.9695699480772095,2.9970448014651745,4.67293767647445,4.028169728948791,2.6415039396280346,0.6515523083921315,1.4816343250847401,0.0,-0.3695279518514688,-0.2627649032935747,-0.3958481820288468,0.8983090871062938,1.3542935742009465,1.7126116779143248,2.1272994625636445,3.6701136967912653,4.139985516951737,2.8479148797535982,1,1
2019-11-08,0.0,-0.05702431898699273,-0.8911864314707437,2.264520255761822,1.3042604087306353,2.9548137304059785,2.3059154702112314,0.9382048782713905,-1.013814105785815,-0.1998979991903158,0.40672943576880094,0.0,0.10615830963597282,-0.026498436095015565,1.2693919812633983,1.7262041757260802,2.0877794855460547,2.503126098773422,4.047471522837693,4.516475300201989,3.222348563002845,3.3253011567962067,1,1
2019-11-11,0.0,-0.830933531266871,2.313711438905446,1.3569888732076667,3.0016082279573015,2.355526564189022,0.992803175881332,-0.9524714270428278,-0.14135546992796266,0.46331261590039396,0.0856020453363886,0.0,-0.13294261180702224,1.1640405836661505,1.6211755423693917,1.9822566586636188,2.3979237471503243,3.9437253818965683,4.413555456471326,3.118431152102228,3.221244244750612,2.7157708955659086,1,1
2019-11-12,0.0,3.1525534544510827,2.1959222854542135,3.8425156723845815,3.2027124533429956,1.8393755748962781,-0.1122208085869516,0.7017060276483416,1.3103308524878026,0.9337527638672123,1.040944067362062,0.0,1.2967727618943785,1.75391155025368,2.1159321552422443,2.5315689872798224,4.076927572528738,4.546143344129525,3.2511121106854715,3.354191192858877,2.849840471556147,3.0388652557475426,1,1
2019-11-13,0.0,-0.9380945355222221,0.6687407806468892,0.018429958141493508,-1.3157495469577354,-3.2055530345635335,-2.418039624134477,-1.8359992619586658,-2.2093200018215935,-2.099207152123326,-2.23483759299327,0.0,0.44989904710112494,0.7971814329362059,1.2065602188269975,2.7318296556616626,3.1995593000136084,1.9240382885299567,2.0229354730194444,1.5157364789489565,1.699365754215165,0.7343198937029716,0,1
2019-11-14,0.0,1.6138888122481871,0.9686610707852392,-0.37022480330930707,-2.272810324563163,-1.479772482405012,-0.891541376376392,-1.2647163341892236,-1.1558050848074042,-1.2907753947844176,0.007523330770120351,0.0,0.34199529486261804,0.7489743171692244,2.2664154323480723,2.733356220674314,1.4653163113299765,1.5627130983001214,1.0548317534661593,1.236492092389547,0.27467383763322295,0.3562538795487762,0,1
2019-11-15,0.0,-0.6522664936647339,-1.9797764595238823,-3.8558165542416045,-3.07417828602848,-2.497967733284588,-2.8704545774365258,-2.75976997675716,-2.8955259804732814,-1.6151890474855868,-1.165543340813726,0.0,0.4023348174871535,1.9032948663498537,2.366372821071815,1.1128060711367924,1.2084004992800086,0.7035714611212085,0.8824890064115081,-0.07017675939055257,0.011877612445859054,-0.055093884935048104,0,1
2019-11-18,0.0,-1.320946606326963,-3.19188885896235,-2.4122390487611054,-1.8360510425645056,-2.2056971352932013,-2.0966458914566273,-2.230952963482526,-0.9541568371051292,-0.5053693601229419,-0.1656773541954455,0.0,1.4944339135820415,1.9569287331720244,0.7096418570278332,0.8039395765240062,0.2983898231433427,0.47561850329646593,-0.474436301520767,-0.3911288329435331,-0.45432065475046496,0.8931513616749381,0,0
2019-11-19,0.0,-1.8904782060733776,-1.1024106556469553,-0.5170540498349763,-0.8868248441151501,-0.7793568631051977,-0.912860253039838,0.37714187248961173,0.8313582001364261,1.1846341857882394,1.5978455440007309,0.0,0.4614850727700266,-0.7658312390060981,-0.6760549300231211,-1.1854771753639408,-1.0140047133485386,-1.9568077188834967,-1.8687058981877696,-1.9182028767511763,-0.5800357598871517,0.45805902581298136,0,0
2019-11-20,0.0,0.805580098000182,1.408208611852043,1.0358137541257202,1.1416762880429703,1.0084664983052054,2.326297150212857,2.791451049446535,3.1669227377946845,3.5895910876311126,5.158585712122904,0.0,-1.225533570657368,-1.1368355354510007,-1.649284300804878,-1.4789795043342095,-2.4229182846837762,-2.3330156432271183,-2.37844885241703,-1.0383637082423378,-0.004060949502832395,0.9945378107810171,1,0
2019-11-21,0.0,0.5952161231998823,0.22400399061221,0.33052290007861884,0.19721601320261795,1.503033918723516,1.9634770321978334,2.3295036235196735,2.7480947432483918,4.3039471515028875,4.775637414368079,0.0,0.09264552888377822,-0.4176442229818019,-0.2421946990166225,-1.194129582724222,-1.1080307224099568,-1.1649568908218186,0.18565586510483353,1.242304545522512,2.2567858577009092,2.4132940196864876,1,1
2019-11-22,0.0,-0.3695279518514688,-0.2627649032935747,-0.3958481820288468,0.8983090871062938,1.3542935742009465,1.7126116779143248,2.1272994625636445,3.6701136967912653,4.139985516951737,2.8479148797535982,0.0,-0.5094054035198102,-0.33470263797211586,-1.284083620692506,-1.197875326131992,-1.2538204712094245,0.09323025146888975,1.1460311534795775,2.1572372183482953,2.3124157839831185,1.7575388036582802,1,1
2019-11-25,0.0,0.10615830963597282,-0.026498436095015565,1.2693919812633983,1.7262041757260802,2.0877794855460547,2.503126098773422,4.047471522837693,4.516475300201989,3.222348563002845,3.3253011567962067,0.0,0.17539792415084876,-0.7695714799882428,-0.685622146859792,-0.7458289857303282,0.5946267510000975,1.6480651449254264,2.657594120641605,2.8170176732380527,2.261862946089548,2.221179083129044,1,1
2019-11-26,0.0,-0.13294261180702224,1.1640405836661505,1.6211755423693917,1.9822566586636188,2.3979237471503243,3.9437253818965683,4.413555456471326,3.118431152102228,3.221244244750612,2.7157708955659086,0.0,-0.9419811880550603,-0.8576583954141856,-0.9161202514453907,0.42021200271556514,1.4684180263973055,2.4737157140443733,2.6309277440952967,2.078510520583071,2.038178073222335,1.9316887830901892,1,1
2019-11-27,0.0,1.2967727618943785,1.75391155025368,2.1159321552422443,2.5315689872798224,4.076927572528738,4.546143344129525,3.2511121106854715,3.354191192858877,2.849840471556147,3.0388652557475426,0.0,0.08096901298299763,0.01405853869231155,1.3512306529969238,2.41083726349054,3.422838181854588,3.5894309529434385,3.0311131110005234,2.989535068988662,2.885219697192588,1.3304006578219176,1,1
2019-11-29,0.0,0.44989904710112494,0.7971814329362059,1.2065602188269975,2.7318296556616626,3.1995593000136084,1.9240382885299567,2.0229354730194444,1.5157364789489565,1.699365754215165,0.7343198937029716,0.0,-0.06642428838634828,1.2755771241455185,2.3380811483358843,3.3532116545616013,3.519602967890133,2.959749230119102,2.9181266077703065,2.81324060386422,1.252731075848673,1.589260902339468,1,1
2019-12-02,0.0,0.34199529486261804,0.7489743171692244,2.2664154323480723,2.733356220674314,1.4653163113299765,1.5627130983001214,1.0548317534661593,1.236492092389547,0.27467383763322295,0.3562538795487762,0.0,1.354147641064955,2.4270417490179614,3.4517972452976564,3.620362949003558,3.0550421556017384,3.012954941545581,2.907280999790573,1.3327101014297642,1.6724023629191653,1.4827825513684223,1,1
2019-12-03,0.0,0.4023348174871535,1.9032948663498537,2.366372821071815,1.1128060711367924,1.2084004992800086,0.7035714611212085,0.8824890064115081,-0.07017675939055257,0.011877612445859054,-0.055093884935048104,0.0,1.0570339555416213,2.0727332837654533,2.2277607474694903,1.6706418688597742,1.6303388269208243,1.5214285987118101,-0.054060032520685475,0.2832032903165205,0.08503578230318132,-0.34728108535979674,1,1
2019-12-04,0.0,1.4944339135820415,1.9569287331720244,0.7096418570278332,0.8039395765240062,0.2983898231433427,0.47561850329646593,-0.474436301520767,-0.3911288329435331,-0.45432065475046496,0.8931513616749381,0.0,0.9972657961445659,1.140207163276528,0.5956665174353029,0.5571817717323875,0.44703875353870914,-1.1112722892241886,-0.779688803941655,-0.9821278013765165,-1.4076198212297761,-2.149241054897578,0,0
2019-12-05,0.0,0.4614850727700266,-0.7658312390060981,-0.6760549300231211,-1.1854771753639408,-1.0140047133485386,-1.9568077188834967,-1.8687058981877696,-1.9182028767511763,-0.5800357598871517,0.45805902581298136,0.0,0.1323126111700792,-0.40290454758284977,-0.43986481429117064,-0.551639694588738,-2.100795577679868,-1.7730459053578156,-1.9803521999866325,-2.401356391853583,-3.134129088358642,-2.474744830075892,0,0
2019-12-06,0.0,-1.225533570657368,-1.1368355354510007,-1.649284300804878,-1.4789795043342095,-2.4229182846837762,-2.3330156432271183,-2.37844885241703,-1.0383637082423378,-0.004060949502832395,0.9945378107810171,0.0,-0.5292631930164576,-0.5656977173159397,-0.6766948434962801,-2.2109373802260928,-1.8865896846029717,-2.092692998994742,-2.5093840866880113,-3.2345147042870126,-2.58254777414478,-3.385230178510942,0,0
2019-12-09,0.0,0.09264552888377822,-0.4176442229818019,-0.2421946990166225,-1.194129582724222,-1.1080307224099568,-1.1649568908218186,0.18565586510483353,1.242304545522512,2.2567858577009092,2.4132940196864876,0.0,-0.03733073946699586,-0.14772379635703758,-1.690464144864871,-1.3633114102303923,-1.5673170081923067,-1.9873793152113748,-2.718928439492626,-2.058979675563855,-2.8658091727617254,-3.0613756664576823,1,0
2019-12-10,0.0,-0.5094054035198102,-0.33470263797211586,-1.284083620692506,-1.197875326131992,-1.2538204712094245,0.09323025146888975,1.1460311534795775,2.1572372183482953,2.3124157839831185,1.7575388036582802,0.0,-0.11044687678071735,-1.65513724267799,-1.3275000615519499,-1.5315357187127847,-1.9522037571610773,-2.6848464903793556,-2.023756180196431,-2.831584494874132,-3.0274056436083847,-2.591327067877391,1,0
2019-12-11,0.0,0.17539792415084876,-0.7695714799882428,-0.685622146859792,-0.7458289857303282,0.5946267510000975,1.6480651449254264,2.657594120641605,2.8170176732380527,2.261862946089548,2.221179083129044,0.0,-1.5409638390469123,-1.2139084789912418,-1.4167819374035262,-1.8366550360145064,-2.5680271208765673,-1.9076276894802513,-2.7134453433785986,-2.9088160177439586,-2.4735446889297146,-2.610215426980135,1,0
2019-12-12,0.0,-0.9419811880550603,-0.8576583954141856,-0.9161202514453907,0.42021200271556514,1.4684180263973055,2.4737157140443733,2.6309277440952967,2.078510520583071,2.038178073222335,1.9316887830901892,0.0,0.32941858851751693,0.13624014702367404,-0.2859982993171982,-1.0230790926123405,-0.35116698220710774,-1.1547685558041492,-1.350117451453961,-0.9121593847842608,-1.041676281293545,-0.7750669288026912,1,0
2019-12-13,0.0,0.08096901298299763,0.01405853869231155,1.3512306529969238,2.41083726349054,3.422838181854588,3.5894309529434385,3.0311131110005234,2.989535068988662,2.885219697192588,1.3304006578219176,0.0,-0.1948769494189525,-0.6158094547852808,-1.350274002883948,-0.6820908398006915,-1.4846381245767177,-1.6796206032965635,-1.2430668058017431,-1.373861756487033,-1.10815841185134,-1.3836049369289547,1,0
2019-12-16,0.0,-0.06642428838634828,1.2755771241455185,2.3380811483358843,3.3532116545616013,3.519602967890133,2.959749230119102,2.9181266077703065,2.81324060386422,1.252731075848673,1.589260902339468,0.0,-0.4186903867102914,-1.1494400294664486,-0.48384835918843316,-1.2812819472555068,-1.4750864672981407,-1.0408288589013057,-1.169943182256374,-0.9056074001234843,-1.1807670595674788,-1.0709540250986875,1,0
2019-12-17,0.0,1.354147641064955,2.4270417490179614,3.4517972452976564,3.620362949003558,3.0550421556017384,3.012954941545581,2.907280999790573,1.3327101014297642,1.6724023629191653,1.4827825513684223,0.0,-0.7337567888717991,-0.06371813434981727,-0.8621482998130032,-1.0563348449181,-0.6204811367549679,-0.7479184303314148,-0.4825460967380255,-0.7612355461118401,-0.6497485203026877,0.2662157457632963,1,0
2019-12-18,0.0,1.0570339555416213,2.0727332837654533,2.2277607474694903,1.6706418688597742,1.6303388269208243,1.5214285987118101,-0.054060032520685475,0.2832032903165205,0.08503578230318132,-0.34728108535979674,0.0,0.6785831921754446,-0.12242626489557462,-0.3174868757978099,0.12163385385405578,-0.002970758276919616,0.2645051454179199,-0.020707055142448527,0.09385216767742044,1.0232622005263692,1.3988630001851285,1,0
2019-12-19,0.0,0.9972657961445659,1.140207163276528,0.5956665174353029,0.5571817717323875,0.44703875353870914,-1.1112722892241886,-0.779688803941655,-0.9821278013765165,-1.4076198212297761,-2.149241054897578,0.0,-0.7954203025264553,-0.9888959129987651,-0.5545263240822172,-0.6812058491438882,-0.41672734891894336,-0.6948468869059398,-0.5835482804073328,0.32985958084567146,0.7060986707926279,1.1312222272995316,0,0
2019-12-20,0.0,0.1323126111700792,-0.40290454758284977,-0.43986481429117064,-0.551639694588738,-2.100795577679868,-1.7730459053578156,-1.9803521999866325,-2.401356391853583,-3.134129088358642,-2.474744830075892,0.0,-0.19336858994555728,0.24215607834462216,0.11918827427143674,0.3844923754581545,0.10089435137239723,0.214879363280928,1.1377489780231766,1.509427182704686,1.9386649054617917,2.935298443679307,0,1
2019-12-23,0.0,-0.5292631930164576,-0.5656977173159397,-0.6766948434962801,-2.2109373802260928,-1.8865896846029717,-2.092692998994742,-2.5093840866880113,-3.2345147042870126,-2.58254777414478,-3.385230178510942,0.0,0.43595227223840777,0.3138455466180225,0.5794397848744963,0.29441410333712414,0.4090907248379757,1.3345719293848624,1.7052663797942338,2.135649094907074,3.132801332715249,4.125610447343076,0,1
2019-12-24,0.0,-0.03733073946699586,-0.14772379635703758,-1.690464144864871,-1.3633114102303923,-1.5673170081923067,-1.9873793152113748,-2.718928439492626,-2.058979675563855,-2.8658091727617254,-3.0613756664576823,0.0,-0.12382673777095571,0.14065130252408387,-0.14066976454211683,-0.027746854612847344,0.8902505961707201,1.2625056285512302,1.6895641767416607,2.6838070734151436,3.670361716170419,4.67576521117799,0,1
2019-12-26,0.0,-0.11044687678071735,-1.65513724267799,-1.3275000615519499,-1.5315357187127847,-1.9522037571610773,-2.6848464903793556,-2.023756180196431,-2.831584494874132,-3.0274056436083847,-2.591327067877391,0.0,0.2634574256566879,-0.01748664199073169,0.09536000559860894,1.0108309626791279,1.380767936079335,1.8066068564999405,2.796650783620623,3.779986890992399,4.782318857354353,4.836956073861264,0,1
2019-12-27,0.0,-1.5409638390469123,-1.2139084789912418,-1.4167819374035262,-1.8366550360145064,-2.5680271208765673,-1.9076276894802513,-2.7134453433785986,-2.9088160177439586,-2.4735446889297146,-2.610215426980135,0.0,-0.2786773999699955,-0.1669006995877242,0.7439384669748323,1.1147561025563009,1.5385347367494133,2.5266816963867367,3.5061136767012915,4.504022235503289,4.559272283479511,5.78845380339165,0,1
2019-12-30,0.0,0.32941858851751693,0.13624014702367404,-0.2859982993171982,-1.0230790926123405,-0.35116698220710774,-1.1547685558041492,-1.350117451453961,-0.9121593847842608,-1.041676281293545,-0.7750669288026912,0.0,0.11357071812067743,1.034643123206681,1.4066582788201387,1.8350964142164459,2.8309885158741532,3.8202691953940686,4.828690457862752,4.883602100359397,6.125393492456764,4.783344203438498,0,1
2019-12-31,0.0,-0.1948769494189525,-0.6158094547852808,-1.350274002883948,-0.6820908398006915,-1.4846381245767177,-1.6796206032965635,-1.2430668058017431,-1.373861756487033,-1.10815841185134,-1.3836049369289547,0.0,0.9163804021303038,1.287688491453943,1.713984807650374,2.7061470652240143,3.6908505741828734,4.694414507759959,4.749430263677322,5.985376088556279,4.648956760732976,6.000744638088654,0,1
2020-01-02,0.0,-0.4186903867102914,-1.1494400294664486,-0.48384835918843316,-1.2812819472555068,-1.4750864672981407,-1.0408288589013057,-1.169943182256374,-0.9056074001234843,-1.1807670595674788,-1.0709540250986875,0.0,0.371264666325817,0.7870519355685434,1.7646247280254215,2.727964735506038,3.708242279230504,3.7648941753885596,4.973234968810425,3.661232374240173,4.988017854847522,5.514580364811707,0,1
2020-01-03,0.0,-0.7337567888717991,-0.06371813434981727,-0.8621482998130032,-1.0563348449181,-0.6204811367549679,-0.7479184303314148,-0.4825460967380255,-0.7612355461118401,-0.6497485203026877,0.2662157457632963,0.0,0.4158674542169285,1.3977713195560193,2.3625191361183915,3.343595797637419,3.4015146464994737,4.611290387769326,3.2954549511544347,4.62598932297063,5.151151186802539,4.249572353607019,0,1
2020-01-06,0.0,0.6785831921754446,-0.12242626489557462,-0.3174868757978099,0.12163385385405578,-0.002970758276919616,0.2645051454179199,-0.020707055142448527,0.09385216767742044,1.0232622005263692,1.3988630001851285,0.0,0.9755655446181308,1.9309315854670606,2.9017670554147306,2.960432418429968,4.158077592530661,2.852919458806049,4.172516837574609,4.690171402515215,3.793846102629669,3.8544142527144243,0,1
2020-01-07,0.0,-0.7954203025264553,-0.9888959129987651,-0.5545263240822172,-0.6812058491438882,-0.41672734891894336,-0.6948468869059398,-0.5835482804073328,0.32985958084567146,0.7060986707926279,1.1312222272995316,0.0,0.9440201566191102,1.9016731490559013,1.9627317053898283,3.1452902601454555,1.850633897815873,3.159282596720507,3.6651268122417466,2.771156293131995,2.8339489394621653,3.2384897267382695,0,1
2020-01-08,0.0,-0.19336858994555728,0.24215607834462216,0.11918827427143674,0.3844923754581545,0.10089435137239723,0.214879363280928,1.1377489780231766,1.509427182704686,1.9386649054617917,2.935298443679307,0.0,0.9379180572133765,1.0007881737565207,2.1601084118556946,0.8851830292261379,2.173570987376661,2.6643893819640403,1.7793946155742848,1.8438255987189,2.24237160273352,2.0451615807196126,1,1
2020-01-09,0.0,0.43595227223840777,0.3138455466180225,0.5794397848744963,0.29441410333712414,0.4090907248379757,1.3345719293848624,1.7052663797942338,2.135649094907074,3.132801332715249,4.125610447343076,0.0,0.06451360053085378,1.1991166736405119,-0.05428478127583686,1.2120397504849927,1.6873546323198445,0.8127152485626647,0.8786185617716584,1.2706043462897012,1.0754381868676544,1.1787134140728233,1,0
2020-01-10,0.0,-0.12382673777095571,0.14065130252408387,-0.14066976454211683,-0.027746854612847344,0.8902505961707201,1.2625056285512302,1.6895641767416607,2.6838070734151436,3.670361716170419,4.67576521117799,0.0,1.1366650907139295,-0.11941396293182693,1.1495938193656094,1.6254165761143182,0.7485862713204201,0.814810398743957,1.2076453994100151,1.0119719133385072,1.1160712996958044,2.1153015084063655,1,1
2020-01-13,0.0,0.2634574256566879,-0.01748664199073169,0.09536000559860894,1.0108309626791279,1.380767936079335,1.8066068564999405,2.796650783620623,3.779986890992399,4.782318857354353,4.836956073861264,0.0,-1.231763464740024,0.01230202288741613,0.4702120727064688,-0.39517286787532746,-0.32714413557900135,0.0582890689954223,-0.13514642448192404,-0.022714517606590517,0.9761147647850996,1.3947735933623493,1,0
2020-01-14,0.0,-0.2786773999699955,-0.1669006995877242,0.7439384669748323,1.1147561025563009,1.5385347367494133,2.5266816963867367,3.5061136767012915,4.504022235503289,4.559272283479511,5.78845380339165,0.0,1.2638509254161876,1.7386534105731113,0.8660038793532734,0.9316274830525335,1.3228320502927406,1.1281252769225232,1.2306943276582694,2.2238113443350866,2.660748534817243,2.7575918521835803,1,1
2020-01-15,0.0,0.11357071812067743,1.034643123206681,1.4066582788201387,1.8350964142164459,2.8309885158741532,3.8202691953940686,4.828690457862752,4.883602100359397,6.125393492456764,4.783344203438498,0.0,0.45758937953206946,-0.40743184900736096,-0.33940246391892226,0.04584383021081628,-0.14751382849993666,-0.03502298783103863,0.9635250167894901,1.3818628159678834,1.478396803108498,2.0326982563955136,1,1
2020-01-16,0.0,0.9163804021303038,1.287688491453943,1.713984807650374,2.7061470652240143,3.6908505741828734,4.694414507759959,4.749430263677322,5.985376088556279,4.648956760732976,6.000744638088654,0.0,-0.8557134866704542,-0.7873506799673708,-0.40715745332164605,-0.5985607612736237,-0.4834117434891626,0.5094382468377603,0.9179894807201003,1.013676859513029,1.5594985664339318,1.256656705974266,1,0
2020-01-17,0.0,0.371264666325817,0.7870519355685434,1.7646247280254215,2.727964735506038,3.708242279230504,3.7648941753885596,4.973234968810425,3.661232374240173,4.988017854847522,5.514580364811707,0.0,0.06640524446836815,0.4486397619904416,0.2573122177672402,0.36523993557953327,1.3493875520461154,1.768286312682321,1.8636917136802797,2.4147373909175434,2.09545453429941,2.046336233251699,1,1
2020-01-21,0.0,0.4158674542169285,1.3977713195560193,2.3625191361183915,3.343595797637419,3.4015146464994737,4.611290387769326,3.2954549511544347,4.62598932297063,5.151151186802539,4.249572353607019,0.0,0.38297665029005107,0.1911920639208585,0.2999372648374987,1.2870838919284626,1.7061636532986237,1.8018159967303684,2.3537537172924274,2.0349998147912842,1.9853148200283304,1.2793165741341848,1,1
2020-01-22,0.0,0.9755655446181308,1.9309315854670606,2.9017670554147306,2.960432418429968,4.158077592530661,2.852919458806049,4.172516837574609,4.690171402515215,3.793846102629669,3.8544142527144243,0.0,-0.1914330710870305,-0.07968127059312125,0.909368448861644,1.3229848513824276,1.418570934856291,1.9670665743494244,1.656295847422005,1.6041278644400894,0.8954372430261487,-1.2805560016072295,1,0
2020-01-23,0.0,0.9440201566191102,1.9016731490559013,1.9627317053898283,3.1452902601454555,1.850633897815873,3.159282596720507,3.6651268122417466,2.771156293131995,2.8339489394621653,3.2384897267382695,0.0,0.11010598276238026,1.0969347211917577,1.5127498808100024,1.6082463285953945,2.1577575472400903,1.843396914006244,1.792536601823266,1.0861013298829092,-1.0894387428242642,-1.1705572516942606,1,1
2020-01-24,0.0,0.9379180572133765,1.0007881737565207,2.1601084118556946,0.8851830292261379,2.173570987376661,2.6643893819640403,1.7793946155742848,1.8438255987189,2.24237160273352,2.0451615807196126,0.0,0.9964738837973266,1.4145192373051367,1.5108757529967534,2.0644400815552797,1.7495211756575852,1.6974656639000911,0.9837364619649963,-1.210467561694396,-1.2926088976328678,-0.7578380437538661,1,1
2020-01-27,0.0,0.06451360053085378,1.1991166736405119,-0.05428478127583686,1.2120397504849927,1.6873546323198445,0.8127152485626647,0.8786185617716584,1.2706043462897012,1.0754381868676544,1.1787134140728233,0.0,0.41039353700064485,0.5081864257850666,1.0617908500344888,0.7630103104449576,0.7034225451747433,-0.029484515860885185,-2.2478771583009807,-2.333921604428154,-1.7904659032519432,-2.1736642542620492,0,0
2020-01-28,0.0,1.1366650907139295,-0.11941396293182693,1.1495938193656094,1.6254165761143182,0.7485862713204201,0.814810398743957,1.2076453994100151,1.0119719133385072,1.1160712996958044,2.1153015084063655,0.0,0.09677850473674797,0.6413874119955044,0.3539589573436399,0.29231279342432703,-0.43637446227986787,-2.6283809888764726,-2.7145940558539627,-2.1764930096020754,-2.5573532658163396,-3.550885451626301,1,0
2020-01-29,0.0,-1.231763464740024,0.01230202288741613,0.4702120727064688,-0.39517286787532746,-0.32714413557900135,0.0582890689954223,-0.13514642448192404,-0.022714517606590517,0.9761147647850996,1.3947735933623493,0.0,0.5442506479024695,0.2585699352150961,0.196238240006534,-0.5338142854221748,-2.7266963885253244,-2.8132286033906406,-2.2746476618215317,-2.6561902179549888,-3.649789474869382,-1.0467587751584722,0,0
2020-01-30,0.0,1.2638509254161876,1.7386534105731113,0.8660038793532734,0.9316274830525335,1.3228320502927406,1.1281252769225232,1.2306943276582694,2.2238113443350866,2.660748534817243,2.7575918521835803,0.0,-0.27369684749015555,-0.3393439165512362,-1.0711863709735154,-3.2515171905341274,-3.3391360384349245,-2.802165594143076,-3.1844700637254815,-4.170549949198793,-1.5932213112629257,-2.2524665968699593,1,0
2020-01-31,0.0,0.45758937953206946,-0.40743184900736096,-0.33940246391892226,0.04584383021081628,-0.14751382849993666,-0.03502298783103863,0.9635250167894901,1.3818628159678834,1.478396803108498,2.0326982563955136,0.0,-0.06499008264588768,-0.8078896391221493,-3.030508941228047,-3.1189956712597215,-2.5723842751940786,-2.9605553026311746,-3.966723814872236,-1.3337280830995755,-2.007208735405388,-0.05522230415075047,1,0
2020-02-03,0.0,-0.8557134866704542,-0.7873506799673708,-0.40715745332164605,-0.5985607612736237,-0.4834117434891626,0.5094382468377603,0.9179894807201003,1.013676859513029,1.5594985664339318,1.256656705974266,0.0,-0.7370579220336926,-2.94435651975702,-3.0320422689339166,-2.489376490975597,-2.8745160916417842,-3.873970277167806,-1.2578193942501406,-1.926990582874288,0.012311734807207486,0.008324309899807147,0,0
2020-02-04,0.0,0.06640524446836815,0.4486397619904416,0.2573122177672402,0.36523993557953327,1.3493875520461154,1.768286312682321,1.8636917136802797,2.4147373909175434,2.09545453429941,2.046336233251699,0.0,-2.182398564035439,-2.26696200820699,-1.7324030509738972,-2.109225790350703,-3.099876219392553,-0.49866984233048517,-1.1640094711407347,0.7620262835833285,0.7558795781745258,1.758550635816884,1,0
2020-02-05,0.0,0.38297665029005107,0.1911920639208585,0.2999372648374987,1.2870838919284626,1.7061636532986237,1.8018159967303684,2.3537537172924274,2.0349998147912842,1.9853148200283304,1.2793165741341848,0.0,-0.0781316164931965,0.4501874497437348,0.08546399972761431,-0.9120291656219377,1.7313280605009913,1.0552337797337852,3.0059660670591297,2.9932252781442097,4.017101719009497,1.7753730917512411,1,1
2020-02-06,0.0,-0.1914330710870305,-0.07968127059312125,0.909368448861644,1.3229848513824276,1.418570934856291,1.9670665743494244,1.656295847422005,1.6041278644400894,0.8954372430261487,-1.2805560016072295,0.0,0.5265573391090997,0.1633274073368968,-0.8315023842615679,1.8056517245984938,1.1311449583181803,3.0770713652720874,3.064133012032049,4.085780381639242,1.8494400920791745,-0.5281291319837799,0,1
2020-02-07,0.0,0.11010598276238026,1.0969347211917577,1.5127498808100024,1.6082463285953945,2.1577575472400903,1.843396914006244,1.792536601823266,1.0861013298829092,-1.0894387428242642,-1.1705572516942606,0.0,-0.3671373667519752,-1.3629974699367473,1.271079304359896,0.5973532679135654,2.54255861105056,2.531180469491101,3.550456155100504,1.3158579412507643,-1.0564180606183429,1.5097378762838303,1,1
2020-02-10,0.0,0.9964738837973266,1.4145192373051367,1.5108757529967534,2.0644400815552797,1.7495211756575852,1.6974656639000911,0.9837364619649963,-1.210467561694396,-1.2926088976328678,-0.7578380437538661,0.0,-0.9916158220531414,1.6352364290695691,0.9633626242707956,2.902162847528608,2.8897490816213995,3.907043581385242,1.6791732341430112,-0.6883354081771761,1.856268471873208,1.981629835810165,1,1
2020-02-11,0.0,0.41039353700064485,0.5081864257850666,1.0617908500344888,0.7630103104449576,0.7034225451747433,-0.029484515860885185,-2.2478771583009807,-2.333921604428154,-1.7904659032519432,-2.1736642542620492,0.0,2.6551060919488063,1.9760177371867733,3.9327542647074214,3.9172985481466482,4.947755079217778,2.6975552642884155,0.2998409808867246,2.832245996830051,2.9295610529147065,3.329178756242286,0,1
2020-02-12,0.0,0.09677850473674797,0.6413874119955044,0.3539589573436399,0.29231279342432703,-0.43637446227986787,-2.6283809888764726,-2.7145940558539627,-2.1764930096020754,-2.5573532658163396,-3.550885451626301,0.0,-0.6531949610439479,1.2362763186528951,1.2288211122900992,2.2142833851288604,0.045823175320337195,-2.2482790102147403,0.2882693972076753,0.4567652120019252,0.8526014737525998,-0.21587718440003023,0,1
2020-02-13,0.0,0.5442506479024695,0.2585699352150961,0.196238240006534,-0.5338142854221748,-2.7266963885253244,-2.8132286033906406,-2.2746476618215317,-2.6561902179549888,-3.649789474869382,-1.0467587751584722,0.0,1.9062349093269069,1.896791816736114,2.8934597577562053,0.7046321742679048,-1.6152749364737369,0.9203138258218497,1.071129820166938,1.4679164453263018,0.3637802379345132,0.6796425410661477,0,1
2020-02-14,0.0,-0.27369684749015555,-0.3393439165512362,-1.0711863709735154,-3.2515171905341274,-3.3391360384349245,-2.802165594143076,-3.1844700637254815,-4.170549949198793,-1.5932213112629257,-2.2524665968699593,0.0,-0.0037976037457583822,0.9636998096505501,-1.1731684904582798,-3.4259699300626947,-0.8805128932833979,-0.6788269062983625,-0.28363618624848463,-1.2891354277404066,-0.9661853710333954,2.6160842111830522,0,1
2020-02-18,0.0,-0.06499008264588768,-0.8078896391221493,-3.030508941228047,-3.1189956712597215,-2.5723842751940786,-2.9605553026311746,-3.966723814872236,-1.3337280830995755,-2.007208735405388,-0.05522230415075047,0.0,0.9703856058111449,-1.1728367296853235,-3.432361638643788,-0.8794794265682837,-0.6773054901358231,-0.28095571841058664,-1.2895935082130876,-0.9657130910032947,2.627337697741363,2.2150628693805725,0,1
2020-02-19,0.0,-0.7370579220336926,-2.94435651975702,-3.0320422689339166,-2.489376490975597,-2.8745160916417842,-3.873970277167806,-1.2578193942501406,-1.926990582874288,0.012311734807207486,0.008324309899807147,0.0,-2.10912803031818,-4.3265332517675406,-1.7783136711385428,-1.5514166222525274,-1.1573577625640885,-2.1127868893770554,-1.7865745161590851,1.7170137635719156,1.3351335499150618,2.70827758284297,0,1
2020-02-20,0.0,-2.182398564035439,-2.26696200820699,-1.7324030509738972,-2.109225790350703,-3.099876219392553,-0.49866984233048517,-1.1640094711407347,0.7620262835833285,0.7558795781745258,1.758550635816884,0.0,-2.2967950627930627,0.24478610970579417,0.4148439141847362,0.8113888864606231,-0.2566965676395796,0.062112544684593374,3.7424060623768263,3.2950747151640343,4.784568305283537,2.118388551612597,0,1
2020-02-21,0.0,-0.0781316164931965,0.4501874497437348,0.08546399972761431,-0.9120291656219377,1.7313280605009913,1.0552337797337852,3.0059660670591297,2.9932252781442097,4.017101719009497,1.7753730917512411,0.0,2.5499965619166436,2.6564012660396887,3.0582695148210615,1.8551909016431871,2.1675738280552537,6.072210339584997,5.547539232009953,7.178880054103444,4.344730393460154,3.379968598993723,1,1
2020-02-24,0.0,0.5265573391090997,0.1633274073368968,-0.8315023842615679,1.8056517245984938,1.1311449583181803,3.0770713652720874,3.064133012032049,4.085780381639242,1.8494400920791745,-0.5281291319837799,0.0,0.18510193285880083,0.59963562388918,-0.5034895993771205,-0.1690280384285643,3.658770163715462,3.199076076859155,4.742592971934825,1.970159110752995,1.0386977371854451,-1.7757419655436948,1,1
2020-02-25,0.0,-0.3671373667519752,-1.3629974699367473,1.271079304359896,0.5973532679135654,2.54255861105056,2.531180469491101,3.550456155100504,1.3158579412507643,-1.0564180606183429,1.5097378762838303,0.0,0.4273831722475003,-0.6996383046826073,-0.3538955520201661,3.57762375687319,3.1097686871102717,4.690730682730986,1.843639819200828,0.8880638812834825,-1.9949761003802582,-0.4373195548466393,1,1
2020-02-26,0.0,-0.9916158220531414,1.6352364290695691,0.9633626242707956,2.902162847528608,2.8897490816213995,3.907043581385242,1.6791732341430112,-0.6883354081771761,1.856268471873208,1.981629835810165,0.0,-1.107598266634949,-0.7586629060844974,3.152266877464716,2.6965495228692156,4.259354920380722,1.4282278880533525,0.4801938128849166,-2.370466564617944,-0.8321777566161721,-2.96457608048177,1,1
2020-02-27,0.0,2.6551060919488063,1.9760177371867733,3.9327542647074214,3.9172985481466482,4.947755079217778,2.6975552642884155,0.2998409808867246,2.832245996830051,2.9295610529147065,3.329178756242286,0.0,0.3596789769816602,4.552806763636994,4.036258401782917,5.740324812521674,2.7018749792218504,1.6781138203555401,-1.4280945021360818,0.2535324956194889,-2.0589797874601725,-0.38034842353655307,1,1
2020-02-28,0.0,-0.6531949610439479,1.2362763186528951,1.2288211122900992,2.2142833851288604,0.045823175320337195,-2.2482790102147403,0.2882693972076753,0.4567652120019252,0.8526014737525998,-0.21587718440003023,0.0,4.196044597497329,3.687712051982632,5.38422096666694,2.3445900657932084,1.3223628607065936,-1.7707095333702485,-0.09783574392780992,-2.4039031277213487,-0.6855506117976979,1.534535993665103,1,1
2020-03-02,0.0,1.9062349093269069,1.896791816736114,2.8934597577562053,0.7046321742679048,-1.6152749364737369,0.9203138258218497,1.071129820166938,1.4679164453263018,0.3637802379345132,0.6796425410661477,0.0,-0.35881495999125823,1.0422906231030613,-1.618973940339243,-2.494161263192839,-5.055244724048725,-3.686994822975474,-5.630759356636293,-3.725982802936951,-1.9729797490808885,-0.4256801162949948,1,0
2020-03-03,0.0,-0.0037976037457583822,0.9636998096505501,-1.1731684904582798,-3.4259699300626947,-0.8805128932833979,-0.6788269062983625,-0.28363618624848463,-1.2891354277404066,-0.9661853710333954,2.6160842111830522,0.0,1.4626073742197194,-1.2988705477431939,-2.2090686378178903,-4.881846284195136,-3.45206952260272,-5.476838703326067,-3.5418824983823605,-1.703072754145504,-0.1452099062126706,-2.945223586860699,1,0
2020-03-04,0.0,0.9703856058111449,-1.1728367296853235,-3.432361638643788,-0.8794794265682837,-0.6773054901358231,-0.28095571841058664,-1.2895935082130876,-0.9657130910032947,2.627337697741363,2.2150628693805725,0.0,-2.566038690070429,-3.404491649894096,-5.833706284630681,-4.540798086666478,-6.394413904196449,-4.448221556953342,-2.8101506339930165,-1.1924107679151312,-3.9051127170453803,-11.397165081437251,1,0
2020-03-05,0.0,-2.10912803031818,-4.3265332517675406,-1.7783136711385428,-1.5514166222525274,-1.1573577625640885,-2.1127868893770554,-1.7865745161590851,1.7170137635719156,1.3351335499150618,2.70827758284297,0.0,-0.9381086273386849,-3.724989155592633,-2.227745435077532,-4.32589605449928,-2.4916735493982642,-0.5419378398749508,0.8851371453911092,-1.8703461530053502,-9.955363272955232,-5.048918699458014,1,0
2020-03-06,0.0,-2.2967950627930627,0.24478610970579417,0.4148439141847362,0.8113888864606231,-0.2566965676395796,0.062112544684593374,3.7424060623768263,3.2950747151640343,4.784568305283537,2.118388551612597,0.0,-2.935754855259521,-1.3538755185305948,-3.554657315861612,-1.7551571872937615,0.32220361295168765,1.682704910816522,-1.1012201426342028,-9.448264070420493,-4.404936269843791,-0.5176244323443271,1,0
2020-03-09,0.0,2.5499965619166436,2.6564012660396887,3.0582695148210615,1.8551909016431871,2.1675738280552537,6.072210339584997,5.547539232009953,7.178880054103444,4.344730393460154,3.379968598993723,0.0,1.930197130810245,-0.6979529288919664,1.001885639519946,3.599048104525977,4.731564251162078,1.7908125686570138,-7.695520576776044,-2.044968168202976,2.175173232009154,-2.2692824733985653,1,1
2020-03-10,0.0,0.18510193285880083,0.59963562388918,-0.5034895993771205,-0.1690280384285643,3.658770163715462,3.199076076859155,4.742592971934825,1.970159110752995,1.0386977371854451,-1.7757419655436948,0.0,-2.370944522187724,-0.616985281927029,1.6688605231610945,2.9321651059856144,0.09080429831516312,-8.703580368193649,-3.423332539862912,0.5909939162270952,-3.525451667102157,-0.5416624344109273,1,1
2020-03-11,0.0,0.4273831722475003,-0.6996383046826073,-0.3538955520201661,3.57762375687319,3.1097686871102717,4.690730682730986,1.843639819200828,0.8880638812834825,-1.9949761003802582,-0.4373195548466393,0.0,1.6480654649116966,4.327638502217147,5.386828243939739,2.456520625198209,-7.148340630787567,-1.444344566519911,2.786709657233569,-1.714845523591194,1.6982196493655959,4.217289876650735,1,1
2020-03-12,0.0,-1.107598266634949,-0.7586629060844974,3.152266877464716,2.6965495228692156,4.259354920380722,1.4282278880533525,0.4801938128849166,-2.370466564617944,-0.8321777566161721,-2.96457608048177,0.0,2.742134749786164,4.125987235525446,0.8424429032823826,-9.487598104987098,-3.3049483781331848,1.362525613204955,-3.4745177378111904,0.07845319647873983,2.792151865669637,4.583020841489699,1,1
2020-03-13,0.0,0.3596789769816602,4.552806763636994,4.036258401782917,5.740324812521674,2.7018749792218504,1.6781138203555401,-1.4280945021360818,0.2535324956194889,-2.0589797874601725,-0.38034842353655307,0.0,1.5285930061107074,-1.5315417464235113,-10.6340268065996,-5.12543880668265,-0.8648170822071588,-5.121516097462759,-2.139588544986262,0.25723590623335113,1.7163061871321998,2.88852460444164,1,1
2020-03-16,0.0,4.196044597497329,3.687712051982632,5.38422096666694,2.3445900657932084,1.3223628607065936,-1.7707095333702485,-0.09783574392780992,-2.4039031277213487,-0.6855506117976979,1.534535993665103,0.0,-3.5197918211176873,-13.591323856995842,-7.44761513527777,-2.614772207829735,-7.320189997508002,-4.140271945745115,-1.4837839755035915,0.035112351166660005,1.407588092363933,1.096708577118168,1,0
2020-03-17,0.0,-0.35881495999125823,1.0422906231030613,-1.618973940339243,-2.494161263192839,-5.055244724048725,-3.686994822975474,-5.630759356636293,-3.725982802936951,-1.9729797490808885,-0.4256801162949948,0.0,-10.006241690189393,-3.9956257338103836,0.5785862618631192,-4.104849457259505,-0.7166595565809795,1.9139883930513222,3.6060217479318015,4.82501701705404,4.637326303218404,5.448153017303907,0,1
2020-03-18,0.0,1.4626073742197194,-1.2988705477431939,-2.2090686378178903,-4.881846284195136,-3.45206952260272,-5.476838703326067,-3.5418824983823605,-1.703072754145504,-0.1452099062126706,-2.945223586860699,0.0,7.142642030432981,12.022102470845248,6.167689275960773,11.195520975781019,14.436197111086345,17.191436433909757,18.192849341079736,18.39061753596694,19.13973210312871,18.3451486066178,0,1
2020-03-19,0.0,-2.566038690070429,-3.404491649894096,-5.833706284630681,-4.540798086666478,-6.394413904196449,-4.448221556953342,-2.8101506339930165,-1.1924107679151312,-3.9051127170453803,-11.397165081437251,0.0,4.822039647811077,-0.4321840247474462,3.661629815171061,6.595267839442321,8.729940237389615,9.90457818938224,9.853703575122102,10.665684983656963,10.241608554044062,11.274529129556514,0,1
2020-03-20,0.0,-0.9381086273386849,-3.724989155592633,-2.227745435077532,-4.32589605449928,-2.4916735493982642,-0.5419378398749508,0.8851371453911092,-1.8703461530053502,-9.955363272955232,-5.048918699458014,0.0,-5.088234163586799,-1.4512864372654262,1.4093872618564998,3.212052307783507,4.565468521820655,4.33750017945823,5.233119901657046,5.048624033711826,5.959126564994984,6.402090043838915,0,1
2020-03-23,0.0,-2.935754855259521,-1.3538755185305948,-3.554657315861612,-1.7551571872937615,0.32220361295168765,1.682704910816522,-1.1012201426342028,-9.448264070420493,-4.404936269843791,-0.5176244323443271,0.0,4.472992848821715,7.65281227182232,9.994616800977795,11.24694826626624,11.209708033008685,12.079405513502772,11.596751710187545,12.726061116950362,13.113066073897848,14.157626612871535,0,1
2020-03-24,0.0,1.930197130810245,-0.6979529288919664,1.001885639519946,3.599048104525977,4.731564251162078,1.7908125686570138,-7.695520576776044,-2.044968168202976,2.175173232009154,-2.2692824733985653,0.0,2.7475317996746327,4.556316859764118,5.798472773959714,5.629026933419259,6.460403649326681,6.219633243055698,7.12097285651741,7.5222828775095865,8.158752708104645,8.438413535994476,1,1
2020-03-25,0.0,-2.370944522187724,-0.616985281927029,1.6688605231610945,2.9321651059856144,0.09080429831516312,-8.703580368193649,-3.423332539862912,0.5909939162270952,-3.525451667102157,-0.5416624344109273,0.0,1.5758266450889211,2.865986926320913,2.6119145047340284,3.4570045974380834,3.347144215198702,4.154396502433781,4.5814974244744695,5.007104865626808,5.280826844404281,4.021136564130302,1,1
2020-03-26,0.0,1.6480654649116966,4.327638502217147,5.386828243939739,2.456520625198209,-7.148340630787567,-1.444344566519911,2.786709657233569,-1.714845523591194,1.6982196493655959,4.217289876650735,0.0,1.2458542547852187,0.962867394569216,1.7700579041487896,1.731564588743895,2.4489450670479282,2.8663353567343073,3.1638173256352315,3.4200661278596494,2.201377915443893,9.684331818927257,1,1
2020-03-27,0.0,2.742134749786164,4.125987235525446,0.8424429032823826,-9.487598104987098,-3.3049483781331848,1.362525613204955,-3.4745177378111904,0.07845319647873983,2.792151865669637,4.583020841489699,0.0,-0.3317863526811311,0.5139768491812564,0.5317897950976986,1.2364822538187785,1.6820826459927782,1.8983543164999004,2.1622995690570574,0.8718175975491889,8.497117531056164,3.3039332036633446,1,1
2020-03-30,0.0,1.5285930061107074,-1.5315417464235113,-10.6340268065996,-5.12543880668265,-0.8648170822071588,-5.121516097462759,-2.139588544986262,0.25723590623335113,1.7163061871321998,2.88852460444164,0.0,0.8158143193717519,0.8191162181280527,1.51006740859581,1.9379160021584378,2.1693090219496582,2.4249937019638352,1.183444606346951,8.59010941193631,3.545696157494149,3.934711049673165,1,1
2020-03-31,0.0,-3.5197918211176873,-13.591323856995842,-7.44761513527777,-2.614772207829735,-7.320189997508002,-4.140271945745115,-1.4837839755035915,0.035112351166660005,1.407588092363933,1.096708577118168,0.0,0.03962516448652753,0.718103136281439,1.161507929385646,1.3390480045483697,1.5981153621131714,0.3179228560560903,7.770549558929343,2.69516943796933,3.0604030785801672,3.8172721719748033,0,1
2020-04-01,0.0,-10.006241690189393,-3.9956257338103836,0.5785862618631192,-4.104849457259505,-0.7166595565809795,1.9139883930513222,3.6060217479318015,4.82501701705404,4.637326303218404,5.448153017303907,0.0,0.708570611749415,1.1729016163174657,1.3556279039287347,1.6266185551983172,0.2863413602780831,8.079238526772228,2.772145518448175,3.152671513805064,3.945217113836895,3.8446545264657583,1,1
2020-04-02,0.0,7.142642030432981,12.022102470845248,6.167689275960773,11.195520975781019,14.436197111086345,17.191436433909757,18.192849341079736,18.39061753596694,19.13973210312871,18.3451486066178,0.0,0.4612581639929014,0.5910222021684692,0.8553042038452441,-0.4707022827062186,7.084994219609094,1.939726993902184,2.2862126981292565,3.0728089863068053,2.9707593801553287,3.333702778123449,1,1
2020-04-03,0.0,4.822039647811077,-0.4321840247474462,3.661629815171061,6.595267839442321,8.729940237389615,9.90457818938224,9.853703575122102,10.665684983656963,10.241608554044062,11.274529129556514,0.0,0.09835831967513275,0.3662511972422422,-0.9908245779031617,6.63777530495927,1.4430609850531226,1.7774169443078112,2.5841245679695604,2.4779568748680045,2.830710129197353,3.4639392778960723,1,1
2020-04-06,0.0,-5.088234163586799,-1.4512864372654262,1.4093872618564998,3.212052307783507,4.565468521820655,4.33750017945823,5.233119901657046,5.048624033711826,5.959126564994984,6.402090043838915,0.0,0.25020705927134723,-1.0196531270038012,6.099755690572134,1.2518128795216645,1.5610014411736817,2.316169565489936,2.2165111753339657,2.5431970587602866,3.136045282388997,1.720018436704854,1,1
2020-04-07,0.0,4.472992848821715,7.65281227182232,9.994616800977795,11.24694826626624,11.209708033008685,12.079405513502772,11.596751710187545,12.726061116950362,13.113066073897848,14.157626612871535,0.0,-1.2772330959008311,5.832036060197722,0.9910975753240678,1.2920720542965327,2.052455622105983,1.951364905110732,2.2707064773564127,2.8678537696392077,1.461239128086294,2.530576547100228,1,1
2020-04-08,0.0,2.7475317996746327,4.556316859764118,5.798472773959714,5.629026933419259,6.460403649326681,6.219633243055698,7.12097285651741,7.5222828775095865,8.158752708104645,8.438413535994476,0.0,6.979226253332794,2.22635546788399,2.5594539828492073,3.2754765354462014,3.183855342196966,3.530654139093964,4.091981188511236,2.675297949655211,3.750886754581005,5.163292550932954,1,1
2020-04-09,0.0,1.5758266450889211,2.865986926320913,2.6119145047340284,3.4570045974380834,3.347144215198702,4.154396502433781,4.5814974244744695,5.007104865626808,5.280826844404281,4.021136564130302,0.0,-4.318395142235202,-4.205987279949284,-3.4009574104754696,-3.522810827477726,-3.3760331551977663,-2.7397456862073035,-3.846506684558129,-2.9993003305810317,-1.693195100166216,-1.5442790418834547,1,0
2020-04-13,0.0,1.2458542547852187,0.962867394569216,1.7700579041487896,1.731564588743895,2.4489450670479282,2.8663353567343073,3.1638173256352315,3.4200661278596494,2.201377915443893,9.684331818927257,0.0,0.2581910241095673,1.0049710690198865,0.9030001783646582,1.181936045079559,1.7691397326058862,0.45704157149149516,1.455581702085523,2.832711021692571,3.054327592230941,4.2436913824054185,1,1
2020-04-14,0.0,-0.3317863526811311,0.5139768491812564,0.5317897950976986,1.2364822538187785,1.6820826459927782,1.8983543164999004,2.1622995690570574,0.8718175975491889,8.497117531056164,3.3039332036633446,0.0,0.7283209886246598,0.6282008013357043,0.8915990173873851,1.4644723341604433,0.2020842489070147,1.1630707512451677,2.496139819452452,2.7072253712049377,3.8547567335958477,6.057997488541763,1,1
2020-04-15,0.0,0.8158143193717519,0.8191162181280527,1.51006740859581,1.9379160021584378,2.1693090219496582,2.4249937019638352,1.183444606346951,8.59010941193631,3.545696157494149,3.934711049673165,0.0,-0.10591861027180682,0.14150050572426043,0.7365997477052162,-0.5216839781496418,0.43702099226700797,1.790444429142787,1.9943475847861336,3.14796958408089,5.388196090211524,2.137366737188554,1,1
2020-04-16,0.0,0.03962516448652753,0.718103136281439,1.161507929385646,1.3390480045483697,1.5981153621131714,0.3179228560560903,7.770549558929343,2.69516943796933,3.0604030785801672,3.8172721719748033,0.0,0.24907209499788063,0.8394180828530455,-0.4161686173321262,0.5403597593407337,1.887317908354134,2.091721871233391,3.241453217045145,5.4705040854578195,2.237933637507317,2.6443137241888968,1,1
2020-04-17,0.0,0.708570611749415,1.1729016163174657,1.3556279039287347,1.6266185551983172,0.2863413602780831,8.079238526772228,2.772145518448175,3.152671513805064,3.945217113836895,3.8446545264657583,0.0,0.5778769275119988,-0.6346967616249808,0.2893348794569657,1.5980976442251948,1.7934080453232268,2.906914471084765,5.073816604436395,1.9268085519478206,2.32390631082896,2.753382051621517,1,1
2020-04-20,0.0,0.4612581639929014,0.5910222021684692,0.8553042038452441,-0.4707022827062186,7.084994219609094,1.939726993902184,2.2862126981292565,3.0728089863068053,2.9707593801553287,3.333702778123449,0.0,-1.2094849565480716,-0.28713517492924134,1.0379735107511974,1.2276082480395325,2.34610723781988,4.542681741336205,1.3413491257299164,1.7489225140494984,2.2005918692847994,1.6705901553155509,1,1
2020-04-21,0.0,0.09835831967513275,0.3662511972422422,-0.9908245779031617,6.63777530495927,1.4430609850531226,1.7774169443078112,2.5841245679695604,2.4779568748680045,2.830710129197353,3.4639392778960723,0.0,0.9925338938130079,2.376152054230506,2.592239152800614,3.7799855736520254,6.067736985972294,2.758513053719696,3.1717936501198407,3.6059120977181394,3.0577840882797944,5.726035372236716,1,1
2020-04-22,0.0,0.25020705927134723,-1.0196531270038012,6.099755690572134,1.2518128795216645,1.5610014411736817,2.316169565489936,2.2165111753339657,2.5431970587602866,3.136045282388997,1.720018436704854,0.0,1.3401230269321431,1.5359688055967085,2.6716037851915098,4.891761027158584,1.6616740622434998,2.0711042053658177,2.5194663902568166,1.9846448440723647,4.559195485113872,3.0824162842139273,1,1
2020-04-23,0.0,-1.2772330959008311,5.832036060197722,0.9910975753240678,1.2920720542965327,2.052455622105983,1.951364905110732,2.2707064773564127,2.8678537696392077,1.461239128086294,2.530576547100228,0.0,0.17494377629293978,1.2764186876388819,3.4755195432872834,0.25045187496779064,0.6674892956954652,1.148804090466118,0.6150848544088987,3.1447888642664132,1.6962301707461582,2.749877398865607,1,1
2020-04-24,0.0,6.979226253332794,2.22635546788399,2.5594539828492073,3.2754765354462014,3.183855342196966,3.530654139093964,4.091981188511236,2.675297949655211,3.750886754581005,5.163292550932954,0.0,1.0819493404548193,3.2480435423507954,0.06810319192611258,0.48035175799014596,0.9592038684977467,0.4329872285731824,2.922108016464815,1.4971101193371468,2.5325142085439216,1.5479535255570842,1,1
2020-04-27,0.0,-4.318395142235202,-4.205987279949284,-3.4009574104754696,-3.522810827477726,-3.3760331551977663,-2.7397456862073035,-3.846506684558129,-2.9993003305810317,-1.693195100166216,-1.5442790418834547,0.0,2.1176939206540584,-1.01097210501513,-0.599062332424307,-0.10218086309083474,-0.6197050564076529,1.7980225554844471,0.4158416903976495,1.4134557004134838,0.43559202579911105,1.462604223695303,0,1
2020-04-28,0.0,0.2581910241095673,1.0049710690198865,0.9030001783646582,1.181936045079559,1.7691397326058862,0.45704157149149516,1.455581702085523,2.832711021692571,3.054327592230941,4.2436913824054185,0.0,-3.1350076605764947,-2.709844897984102,-2.1612666664377658,-2.679431254560259,-0.3183337513737885,-1.6642615292254155,-0.7061505092984576,-1.704063737133735,-0.6934436788085343,0.9075058408799505,1,0
2020-04-29,0.0,0.7283209886246598,0.6282008013357043,0.8915990173873851,1.4644723341604433,0.2020842489070147,1.1630707512451677,2.496139819452452,2.7072253712049377,3.8547567335958477,6.057997488541763,0.0,0.39817946000066806,0.8618125297855883,0.3540580112809688,2.754003212905781,1.380176065969952,2.3779922894054404,1.427391359324007,2.4432690768385874,3.9875138335752816,4.058844262098707,1,1
2020-04-30,0.0,-0.10591861027180682,0.14150050572426043,0.7365997477052162,-0.5216839781496418,0.43702099226700797,1.790444429142787,1.9943475847861336,3.14796958408089,5.388196090211524,2.137366737188554,0.0,0.47730220240073606,-0.034775529087658796,2.3742568547997664,0.9959573857491486,1.9945164965960154,1.032236373322497,2.053402148290333,3.614022548969457,3.692616359776878,4.529728370428042,1,1
2020-05-01,0.0,0.24907209499788063,0.8394180828530455,-0.4161686173321262,0.5403597593407337,1.887317908354134,2.091721871233391,3.241453217045145,5.4705040854578195,2.237933637507317,2.6443137241888968,0.0,-0.5263630805977023,1.9356667436463928,0.5279631620634577,1.5446718225476597,0.5510579667149269,1.5965022273191192,3.2046998540713894,3.2938199563762613,4.145279042625197,4.8053497217996775,1,1
2020-05-04,0.0,0.5778769275119988,-0.6346967616249808,0.2893348794569657,1.5980976442251948,1.7934080453232268,2.906914471084765,5.073816604436395,1.9268085519478206,2.32390631082896,2.753382051621517,0.0,2.4692918153323298,1.0564489728532327,2.08026329189421,1.0946508895125686,2.1412283664206506,3.7399241990938163,3.8198450608306858,4.678192057388985,5.341008490247548,5.138580379415737,1,1
2020-05-05,0.0,-1.2094849565480716,-0.28713517492924134,1.0379735107511974,1.2276082480395325,2.34610723781988,4.542681741336205,1.3413491257299164,1.7489225140494984,2.2005918692847994,1.6705901553155509,0.0,-1.35006621716346,-0.3869511337907878,-1.3808807673703951,-0.3687805845949217,1.2277690898651348,1.3468197788311302,2.1500920393852057,2.781952174868337,2.5110068930005465,3.4078871540619184,1,1
2020-05-06,0.0,0.9925338938130079,2.376152054230506,2.592239152800614,3.7799855736520254,6.067736985972294,2.758513053719696,3.1717936501198407,3.6059120977181394,3.0577840882797944,5.726035372236716,0.0,0.9991089199182004,0.007919396283192714,1.0413695098446825,2.642233691095421,2.7395213963522194,3.5753147985824247,4.2258054736125645,3.992845999854368,4.893492727419954,4.190489290107963,1,1
2020-05-07,0.0,1.3401230269321431,1.5359688055967085,2.6716037851915098,4.891761027158584,1.6616740622434998,2.0711042053658177,2.5194663902568166,1.9846448440723647,4.559195485113872,3.0824162842139273,0.0,-0.9868333353310766,0.024737139680720333,1.6123057755790375,1.7245606124388155,2.5317332475679897,3.1647333281616428,2.906052321931062,3.7982598489200865,3.093527803093605,2.799136574282407,1,1
2020-05-08,0.0,0.17494377629293978,1.2764186876388819,3.4755195432872834,0.25045187496779064,0.6674892956954652,1.148804090466118,0.6150848544088987,3.1447888642664132,1.6962301707461582,2.749877398865607,0.0,1.0046659193598857,2.5611014289236835,2.655811226413924,3.4682410989574537,4.100585180815272,3.8738769347951996,4.749520652392463,4.0659690445114185,3.7658985534813576,3.898577690969649,1,1
2020-05-11,0.0,1.0819493404548193,3.2480435423507954,0.06810319192611258,0.48035175799014596,0.9592038684977467,0.4329872285731824,2.922108016464815,1.4971101193371468,2.5325142085439216,1.5479535255570842,0.0,1.5611394898470508,1.6719062532819966,2.4651182530773363,3.087288707570177,2.832246688732017,3.7095779901237833,3.016395397157024,2.7271892141331833,2.8561758237672517,1.7763052113826507,1,1
2020-05-12,0.0,2.1176939206540584,-1.01097210501513,-0.599062332424307,-0.10218086309083474,-0.6197050564076529,1.7980225554844471,0.4158416903976495,1.4134557004134838,0.43559202579911105,1.462604223695303,0.0,0.13870663843858022,0.9180511241275322,1.5371563661061676,1.231552525121638,2.130122307457561,1.4069310086464584,1.1289304989539781,1.2547574363790268,0.14972891283872247,-0.36312793604915594,1,1
2020-05-13,0.0,-3.1350076605764947,-2.709844897984102,-2.1612666664377658,-2.679431254560259,-0.3183337513737885,-1.6642615292254155,-0.7061505092984576,-1.704063737133735,-0.6934436788085343,0.9075058408799505,0.0,0.7904529680271881,1.4191134518684159,1.1040069312494305,2.018806023374422,1.2813659628450136,0.9999781780535466,1.1275139843398208,0.002615511247398672,-0.5208381168185454,0.8508082269282546,0,1
2020-05-14,0.0,0.39817946000066806,0.8618125297855883,0.3540580112809688,2.754003212905781,1.380176065969952,2.3779922894054404,1.427391359324007,2.4432690768385874,3.9875138335752816,4.058844262098707,0.0,0.6136343601435408,0.2800119295952044,1.1857943093655923,0.4491792687452669,0.17943370680934656,0.30265233581600404,-0.8106794340454808,-1.3362147613381765,0.011028978569443737,1.5724004245973724,1,0
2020-05-15,0.0,0.47730220240073606,-0.034775529087658796,2.3742568547997664,0.9959573857491486,1.9945164965960154,1.032236373322497,2.053402148290333,3.614022548969457,3.692616359776878,4.529728370428042,0.0,-0.349436368380605,0.5538923327462517,-0.1857093684268909,-0.4478670199154071,-0.32734822860068125,-1.4372936169624912,-1.9670040661716763,-0.6318244743749659,0.9108987769406465,1.264244000076661,1,0
2020-05-18,0.0,-0.5263630805977023,1.9356667436463928,0.5279631620634577,1.5446718225476597,0.5510579667149269,1.5965022273191192,3.2046998540713894,3.2938199563762613,4.145279042625197,4.8053497217996775,0.0,0.8751547619032921,0.1613032730851316,-0.09637041006115471,0.02166359207917439,-1.0538631764304038,-1.5640376528363857,-0.2659699053456741,1.2364014577769682,1.5814343379592284,0.7545135403137744,1,0
2020-05-19,0.0,2.4692918153323298,1.0564489728532327,2.08026329189421,1.0946508895125686,2.1412283664206506,3.7399241990938163,3.8198450608306858,4.678192057388985,5.341008490247548,5.138580379415737,0.0,-0.7296882198822412,-0.9808808034806851,-0.8647233992786652,-1.9530105662121966,-2.477375435008983,-1.1751349090915753,0.3254713741997586,0.667678019391694,-0.16820343691171669,0.325094814712779,1,0
2020-05-20,0.0,-1.35006621716346,-0.3869511337907878,-1.3808807673703951,-0.3687805845949217,1.2277690898651348,1.3468197788311302,2.1500920393852057,2.781952174868337,2.5110068930005465,3.4078871540619184,0.0,-0.254484382912594,-0.13771513921175793,-1.20708072015255,-1.7157942673744562,-0.42717924356020287,1.0630671342478513,1.4048805797142605,0.5828495311847406,1.0818059575059369,-0.4718167539734788,1,0
2020-05-21,0.0,0.9991089199182004,0.007919396283192714,1.0413695098446825,2.642233691095421,2.7395213963522194,3.5753147985824247,4.2258054736125645,3.992845999854368,4.893492727419954,4.190489290107963,0.0,0.11859191001133915,-0.9587554488406379,-1.4689042590815509,-0.16741223992958698,1.3396429963136494,1.6860161197390493,0.8576026489046278,1.3654283625968517,-0.20530989520007825,-1.0478172254087212,1,0
2020-05-22,0.0,-0.9868333353310766,0.024737139680720333,1.6123057755790375,1.7245606124388155,2.5317332475679897,3.1647333281616428,2.906052321931062,3.7982598489200865,3.093527803093605,2.799136574282407,0.0,-1.0749996551712662,-1.5851228246876363,-0.2879654574365298,1.2131911913182396,1.5578859808997105,0.7313912182591773,1.2357443861717279,-0.32903300622325915,-1.1718306587383784,-2.9188617821412928,1,0
2020-05-26,0.0,1.0046659193598857,2.5611014289236835,2.655811226413924,3.4682410989574537,4.100585180815272,3.8738769347951996,4.749520652392463,4.0659690445114185,3.7658985534813576,3.898577690969649,0.0,-0.493424357526554,0.7994434376197979,2.303523922845451,2.651786066005805,1.8355629677211032,2.3542271934443875,0.7880803523182145,-0.024153939240350475,-1.7547020319852624,-2.3111829250320426,1,1
2020-05-27,0.0,1.5611394898470508,1.6719062532819966,2.4651182530773363,3.087288707570177,2.832246688732017,3.7095779901237833,3.016395397157024,2.7271892141331833,2.8561758237672517,1.7763052113826507,0.0,1.2791727738979055,2.7708653825503657,3.117553657610997,2.3133640297961335,2.8337142731130265,1.2812166862035999,0.4900674305440509,-1.2173387827336883,-1.7724252365350313,-0.07939243753224634,1,1
2020-05-28,0.0,0.13870663843858022,0.9180511241275322,1.5371563661061676,1.231552525121638,2.130122307457561,1.4069310086464584,1.1289304989539781,1.2547574363790268,0.14972891283872247,-0.36312793604915594,0.0,1.4698333744885699,1.8080862496916934,1.0019163829737923,1.4991999228762016,-0.032491732135616846,-0.8493573138521331,-2.5547811566230623,-3.093468556491628,-1.4112142271435868,-2.7800079922336707,1,0
2020-05-29,0.0,0.7904529680271881,1.4191134518684159,1.1040069312494305,2.018806023374422,1.2813659628450136,0.9999781780535466,1.1275139843398208,0.002615511247398672,-0.5208381168185454,0.8508082269282546,0.0,0.3263714593776918,-0.47625250443351963,-0.008399414266802463,-1.5057966414565944,-2.3456636833965527,-4.036663959063966,-4.553103571951708,-2.894973316688267,-4.148521405987671,-2.396682144242028,1,0
2020-06-01,0.0,0.6136343601435408,0.2800119295952044,1.1857943093655923,0.4491792687452669,0.17943370680934656,0.30265233581600404,-0.8106794340454808,-1.3362147613381765,0.011028978569443737,1.5724004245973724,0.0,-0.7996939328083565,-0.3395598733099918,-1.8254103295124626,-2.668079337791993,-4.351379119877405,-4.8615473438016945,-3.213160454274016,-4.438032279778204,-2.702555176124384,-2.6927048564547036,0,0
2020-06-02,0.0,-0.349436368380605,0.5538923327462517,-0.1857093684268909,-0.4478670199154071,-0.32734822860068125,-1.4372936169624912,-1.9670040661716763,-0.6318244743749659,0.9108987769406465,1.264244000076661,0.0,0.47094833253617163,-1.0173144941329237,-1.8386320056841707,-3.511590832514008,-4.028192353057528,-2.3845801346021007,-3.6579894094909213,-1.9127078109947055,-1.8962990189880427,-2.1709266997029935,0,0
2020-06-03,0.0,0.8751547619032921,0.1613032730851316,-0.09637041006115471,0.02166359207917439,-1.0538631764304038,-1.5640376528363857,-0.2659699053456741,1.2364014577769682,1.5814343379592284,0.7545135403137744,0.0,-1.4598752765115994,-2.2784674433613437,-3.9269624391916,-4.430517640791314,-2.814012231805905,-4.036618754369185,-2.328606737546909,-2.3162374137327824,-2.594525521397894,-1.8173339755725548,0,0
2020-06-04,0.0,-0.7296882198822412,-0.9808808034806851,-0.8647233992786652,-1.9530105662121966,-2.477375435008983,-1.1751349090915753,0.3254713741997586,0.667678019391694,-0.16820343691171669,0.325094814712779,0.0,-0.7946034271811362,-2.4548895552520595,-2.9796992052487195,-1.341756922697785,-2.6765479683643547,-0.9185575598286384,-0.8938871507381534,-1.1494921040936195,-0.3634543724693632,-0.2732325225090963,0,0
2020-06-05,0.0,-0.254484382912594,-0.13771513921175793,-1.20708072015255,-1.7157942673744562,-0.42717924356020287,1.0630671342478513,1.4048805797142605,0.5828495311847406,1.0818059575059369,-0.4718167539734788,0.0,-1.6211073230504836,-2.142662321946527,-0.5382646662524674,-1.895054678580851,-0.15901915974818692,-0.12861480051638807,-0.3654273741849039,0.4037618060445136,0.4928172803147264,0.11997125681745402,0,0
2020-06-08,0.0,0.11859191001133915,-0.9587554488406379,-1.4689042590815509,-0.16741223992958698,1.3396429963136494,1.6860161197390493,0.8576026489046278,1.3654283625968517,-0.20530989520007825,-1.0478172254087212,0.0,-0.5364349540503246,1.0660985392445337,-0.39107280815583856,1.3719783106294665,1.4152414890150151,1.2067228216803665,1.9734668393234784,2.06382692991873,1.680556064604842,1.8503114265621943,0,1
2020-06-09,0.0,-1.0749996551712662,-1.5851228246876363,-0.2879654574365298,1.2131911913182396,1.5578859808997105,0.7313912182591773,1.2357443861717279,-0.32903300622325915,-1.1718306587383784,-2.9188617821412928,0.0,1.6210217179224742,0.11254180889376819,1.9057562251536497,1.953881252080894,1.7524370596468382,2.52750197797388,2.619380968035777,2.22801453924536,2.40344448039573,2.6562325977802854,0,1
2020-06-10,0.0,-0.493424357526554,0.7994434376197979,2.303523922845451,2.651786066005805,1.8355629677211032,2.3542271934443875,0.7880803523182145,-0.024153939240350475,-1.7547020319852624,-2.3111829250320426,0.0,-1.397699402157639,0.3564755946491731,0.39137465456266485,0.16287247882466804,0.9352373583512454,1.025195958836216,0.6468951472283098,0.8103204862071014,1.0536329784352907,0.3937956679541519,1,0
2020-06-11,0.0,1.2791727738979055,2.7708653825503657,3.117553657610997,2.3133640297961335,2.8337142731130265,1.2812166862035999,0.4900674305440509,-1.2173387827336883,-1.7724252365350313,-0.07939243753224634,0.0,1.91184379378624,1.9621833916197118,1.744910525511882,2.5723774592187283,2.6703410231192697,2.2534456132905025,2.4398296755060453,2.7090247840231374,1.956629147803948,4.051235170946012,1,1
2020-06-12,0.0,1.4698333744885699,1.8080862496916934,1.0019163829737923,1.4991999228762016,-0.032491732135616846,-0.8493573138521331,-2.5547811566230623,-3.093468556491628,-1.4112142271435868,-2.7800079922336707,0.0,0.03337398635539235,-0.21254003057585713,0.5959812995315228,0.6897639861264544,0.29658466731866673,0.4649043138052642,0.7175277884007425,0.0378956874643383,2.0468404181773265,2.5406436082229913,0,1
2020-06-15,0.0,0.3263714593776918,-0.47625250443351963,-0.008399414266802463,-1.5057966414565944,-2.3456636833965527,-4.036663959063966,-4.553103571951708,-2.894973316688267,-4.148521405987671,-2.396682144242028,0.0,-0.244433506189224,0.5572786896238568,0.6502375233627595,0.26061837839833,0.4272781228024065,0.6775912417582362,0.004658384125564186,1.996022049338754,2.486398540854647,0.9484058955162882,0,1
2020-06-16,0.0,-0.7996939328083565,-0.3395598733099918,-1.8254103295124626,-2.668079337791993,-4.351379119877405,-4.8615473438016945,-3.213160454274016,-4.438032279778204,-2.702555176124384,-2.6927048564547036,0.0,0.7878189193233376,0.8794095771103475,0.4947672073949719,0.6602671146880267,0.9075462212495204,0.2393180865219935,2.2008953586267688,2.6775541659511193,1.1679539604660307,2.1827708111264466,0,1
2020-06-17,0.0,0.47094833253617163,-1.0173144941329237,-1.8386320056841707,-3.511590832514008,-4.028192353057528,-2.3845801346021007,-3.6579894094909213,-1.9127078109947055,-1.8962990189880427,-2.1709266997029935,0.0,0.09073436850655689,-0.2878350991693147,-0.12810955446301112,0.11473247098986938,-0.5302508710052325,1.414547856454428,1.9079998929162842,0.39369615275294967,1.3923356703074692,2.4367410034060106,0,1
2020-06-18,0.0,-1.4598752765115994,-2.2784674433613437,-3.9269624391916,-4.430517640791314,-2.814012231805905,-4.036618754369185,-2.328606737546909,-2.3162374137327824,-2.594525521397894,-1.8173339755725548,0.0,-0.3774900390421987,-0.21858909319135134,0.02349827554813666,-0.6181636091773313,1.3227470698106738,1.8176319349222996,0.3043135052810406,1.3000874709192956,2.342474115525937,1.499671586451942,0,1
2020-06-19,0.0,-0.7946034271811362,-2.4548895552520595,-2.9796992052487195,-1.341756922697785,-2.6765479683643547,-0.9185575598286384,-0.8938871507381534,-1.1494921040936195,-0.3634543724693632,-0.2732325225090963,0.0,0.16288789965861528,0.4089306414917204,-0.24879568234727878,1.7146934597542962,2.205095929117774,0.6828159092906868,1.6938517871055683,2.748071177610536,1.898990884860368,2.694418658899392,0,1
2020-06-22,0.0,-1.6211073230504836,-2.142662321946527,-0.5382646662524674,-1.895054678580851,-0.15901915974818692,-0.12861480051638807,-0.3654273741849039,0.4037618060445136,0.4928172803147264,0.11997125681745402,0.0,0.24336403210713803,-0.40486645270726607,1.5410674753503035,2.0313896887866942,0.5190869411183201,1.5195371282394659,2.5644542042860308,1.7214829482428287,2.507924667831398,3.663336198788439,0,1
2020-06-23,0.0,-0.5364349540503246,1.0660985392445337,-0.39107280815583856,1.3719783106294665,1.4152414890150151,1.2067228216803665,1.9734668393234784,2.06382692991873,1.680556064604842,1.8503114265621943,0.0,-0.6376399034702573,1.2926834233288997,1.7854900599401797,0.27990212605511466,1.2700211293233916,2.306739518062608,1.468320364566652,2.2456585400918816,3.395989185555014,6.605963300144926,1,1
2020-06-24,0.0,1.6210217179224742,0.11254180889376819,1.9057562251536497,1.953881252080894,1.7524370596468382,2.52750197797388,2.619380968035777,2.22801453924536,2.40344448039573,2.6562325977802854,0.0,2.0018337006495814,2.4949157914572986,0.9487293285274773,1.9819871531400037,3.056596626958975,2.193310312287982,3.007275185606984,4.188487175211426,7.510687467344251,7.5939838083682645,1,1
2020-06-25,0.0,-1.397699402157639,0.3564755946491731,0.39137465456266485,0.16287247882466804,0.9352373583512454,1.025195958836216,0.6468951472283098,0.8103204862071014,1.0536329784352907,0.3937956679541519,0.0,0.5253074644765694,-1.0022448683403509,-0.029658325203416713,1.002858694265649,0.15660207549476457,0.9148099520842052,2.0821899151174867,5.289066207729828,5.38112408658716,4.033734025587449,0,1
2020-06-26,0.0,1.91184379378624,1.9621833916197118,1.744910525511882,2.5723774592187283,2.6703410231192697,2.2534456132905025,2.4398296755060453,2.7090247840231374,1.956629147803948,4.051235170946012,0.0,-1.5649601171646177,-0.5819356364320627,0.4677803584011695,-0.39736154736493123,0.3666646745875699,1.5627442405797307,4.827262921767496,4.924284820853774,3.544964514772712,2.7573699112972454,1,1
2020-06-29,0.0,0.03337398635539235,-0.21254003057585713,0.5959812995315228,0.6897639861264544,0.29658466731866673,0.4649043138052642,0.7175277884007425,0.0378956874643383,2.0468404181773265,2.5406436082229913,0.0,1.0081120638041856,2.06682913061578,1.2081121222175866,1.9983792986841973,3.1779639758039777,6.458263705496908,6.546200776012561,5.182475200612595,4.378821446493719,4.720823340947517,1,1
2020-06-30,0.0,-0.244433506189224,0.5572786896238568,0.6502375233627595,0.26061837839833,0.4272781228024065,0.6775912417582362,0.004658384125564186,1.996022049338754,2.486398540854647,0.9484058955162882,0.0,1.0274631350825696,0.18560485159662254,0.940465829893212,2.101636815270117,5.29259038833908,5.384014178359131,4.0437266117390696,3.269505039580198,3.5895929924924084,3.611984039710946,1,1
2020-07-01,0.0,0.7878189193233376,0.8794095771103475,0.4947672073949719,0.6602671146880267,0.9075462212495204,0.2393180865219935,2.2008953586267688,2.6775541659511193,1.1679539604660307,2.1827708111264466,0.0,-0.8337702642106954,-0.10642727161603682,1.0484217201221737,4.183303280810937,4.279160012541105,2.948350981049278,2.1954791582529474,2.497006170271122,2.5096281127047813,1.2809755928708606,1,1
2020-07-02,0.0,0.09073436850655689,-0.2878350991693147,-0.12810955446301112,0.11473247098986938,-0.5302508710052325,1.414547856454428,1.9079998929162842,0.39369615275294967,1.3923356703074692,2.4367410034060106,0.0,0.743407012255423,1.8934586935870992,5.046870256880999,5.1383086307055015,3.8112493371767693,3.0475346557653995,3.361521566607109,3.3819567591490864,2.1456832793695164,3.407421665413156,1,1
2020-07-06,0.0,-0.3774900390421987,-0.21858909319135134,0.02349827554813666,-0.6181636091773313,1.3227470698106738,1.8176319349222996,0.3043135052810406,1.3000874709192956,2.342474115525937,1.499671586451942,0.0,1.1317075906009468,4.207645183358526,4.301087468024771,2.9967274268851947,2.257226619409977,2.5543952098171983,2.56773003436031,1.3621353736477904,2.593032850951871,2.737445886012646,1,1
2020-07-07,0.0,0.16288789965861528,0.4089306414917204,-0.24879568234727878,1.7146934597542962,2.205095929117774,0.6828159092906868,1.6938517871055683,2.748071177610536,1.898990884860368,2.694418658899392,0.0,3.065550883067888,3.1653803036264794,1.849806110689613,1.12139791043192,1.4032061612897302,1.4060907438287291,0.2050491284249807,1.4320390986051201,1.5666306325210044,0.43755843083058465,1,1
2020-07-08,0.0,0.24336403210713803,-0.40486645270726607,1.5410674753503035,2.0313896887866942,0.5190869411183201,1.5195371282394659,2.5644542042860308,1.7214829482428287,2.507924667831398,3.663336198788439,0.0,0.11278969969045866,-1.1847547282828579,-1.8584009546304978,-1.6264268264040593,-1.6506921652199171,-2.796992652816466,-1.6240011481166101,-1.5196429732651473,-2.6119597401372525,-2.745285238515289,1,0
2020-07-09,0.0,-0.6376399034702573,1.2926834233288997,1.7854900599401797,0.27990212605511466,1.2700211293233916,2.306739518062608,1.468320364566652,2.2456585400918816,3.395989185555014,6.605963300144926,0.0,-1.3046161748862481,-1.9802462998879196,-1.748740379463977,-1.7741596430112083,-2.925264932865336,-1.7472817676164114,-1.6434246844346538,-2.7408926711463795,-2.875495854427423,-3.9170117009509386,1,0
2020-07-10,0.0,2.0018337006495814,2.4949157914572986,0.9487293285274773,1.9819871531400037,3.056596626958975,2.193310312287982,3.007275185606984,4.188487175211426,7.510687467344251,7.5939838083682645,0.0,-0.6896238498707317,-0.44014787554263535,-0.4537071045941159,-1.6123031083805381,-0.4275112586127685,-0.31225230953320904,-1.4103168185216597,-1.5375804973278746,-2.5983649270231393,-1.4834311227596437,1,0
2020-07-13,0.0,0.5253074644765694,-1.0022448683403509,-0.029658325203416713,1.002858694265649,0.15660207549476457,0.9148099520842052,2.0821899151174867,5.289066207729828,5.38112408658716,4.033734025587449,0.0,0.26299734320556767,0.2556660823616719,-0.9245203509125356,0.2818882763364927,0.40507544656717176,-0.7099242346269086,-0.835132091013187,-1.922415774279023,-0.7935051445165759,-1.1571040589988089,1,0
2020-07-14,0.0,-1.5649601171646177,-0.5819356364320627,0.4677803584011695,-0.39736154736493123,0.3666646745875699,1.5627442405797307,4.827262921767496,4.924284820853774,3.544964514772712,2.7573699112972454,0.0,-0.009566405881994977,-1.170236010615961,0.016390065859567482,0.13543831977174814,-0.9624050512742062,-1.0871521456430708,-2.1540077300134524,-1.0412934906180928,-1.4010786831479867,-1.8031592705056791,1,0
2020-07-15,0.0,1.0081120638041856,2.06682913061578,1.2081121222175866,1.9983792986841973,3.1779639758039777,6.458263705496908,6.546200776012561,5.182475200612595,4.378821446493719,4.720823340947517,0.0,-1.1503645680470944,0.02571991663907776,0.14378754773592928,-0.9442620011337001,-1.0678430457359005,-2.1253154376933603,-1.0225702795975347,-1.3790812216988482,-1.7776423582896015,0.43810939976645535,1,0
2020-07-16,0.0,1.0274631350825696,0.18560485159662254,0.940465829893212,2.101636815270117,5.29259038833908,5.384014178359131,4.0437266117390696,3.269505039580198,3.5895929924924084,3.611984039710946,0.0,1.1972115484269057,1.3269115675000767,0.2243767956816396,0.10572370023284305,-0.9824112665424749,0.12975023005932773,-0.22352062722990218,-0.6357296666219737,1.6280849241108497,-0.13488740507149322,1,0
2020-07-17,0.0,-0.8337702642106954,-0.10642727161603682,1.0484217201221737,4.183303280810937,4.279160012541105,2.948350981049278,2.1954791582529474,2.497006170271122,2.5096281127047813,1.2809755928708606,0.0,0.1178879497187697,-0.9705425522449861,-1.0943112716390737,-2.1517895683988044,-1.0485426557599875,-1.40535387228641,-1.8038712932652874,0.41224841195087913,-1.320506449431107,-2.69037232309946,1,0
2020-07-20,0.0,0.743407012255423,1.8934586935870992,5.046870256880999,5.1383086307055015,3.8112493371767693,3.0475346557653995,3.361521566607109,3.3819567591490864,2.1456832793695164,3.407421665413156,0.0,-1.0782921278813324,-1.201557893341402,-2.2475463722057256,-1.1540553235737563,-1.5083325926146391,-1.9023131695499227,0.29132857700190373,-1.424535318142952,-2.7822887118431034,-3.3845691561189986,1,0
2020-07-21,0.0,1.1317075906009468,4.207645183358526,4.301087468024771,2.9967274268851947,2.257226619409977,2.5543952098171983,2.56773003436031,1.3621353736477904,2.593032850951871,2.737445886012646,0.0,-0.11814430413975358,-1.187226336190153,-0.09038044319968574,-0.4399682105099395,-0.8445741431544269,1.3825849462378776,-0.35312594167201666,-1.7150350879292393,-2.315001462386568,-4.064094032518026,1,0
2020-07-22,0.0,3.065550883067888,3.1653803036264794,1.849806110689613,1.12139791043192,1.4032061612897302,1.4060907438287291,0.2050491284249807,1.4320390986051201,1.5666306325210044,0.43755843083058465,0.0,-1.0656720792809145,0.025469703951778833,-0.3216755356396064,-0.725195389986226,1.493277487635715,-0.23498347781876083,-1.5898089967522302,-2.186205312832701,-3.926921251821618,-4.12139086250617,1,0
2020-07-23,0.0,0.11278969969045866,-1.1847547282828579,-1.8584009546304978,-1.6264268264040593,-1.6506921652199171,-2.796992652816466,-1.6240011481166101,-1.5196429732651473,-2.6119597401372525,-2.745285238515289,0.0,1.1100500000498819,0.7627571663423659,0.3426788400921966,2.626807271312554,0.8537836091201122,-0.5245094505498379,-1.1270127496143951,-2.9046535350448672,-3.096529772148329,-2.2702048330332856,0,1
2020-07-24,0.0,-1.3046161748862481,-1.9802462998879196,-1.748740379463977,-1.7741596430112083,-2.925264932865336,-1.7472817676164114,-1.6434246844346538,-2.7408926711463795,-2.875495854427423,-3.9170117009509386,0.0,-0.35376478706551867,-0.7645870062936334,1.4946402123116918,-0.26552248587731087,-1.6456346999858118,-2.2532633327552922,-4.026306200683139,-4.2245481019019,-3.409608485551816,-4.989960863353113,0,0
2020-07-27,0.0,-0.6896238498707317,-0.44014787554263535,-0.4537071045941159,-1.6123031083805381,-0.4275112586127685,-0.31225230953320904,-1.4103168185216597,-1.5375804973278746,-2.5983649270231393,-1.4834311227596437,0.0,-0.411524824150146,1.8433724109161027,0.08864406054719179,-1.2834560307694747,-1.8861943451211967,-3.6511294446163345,-3.84629675733523,-3.0321617429977437,-4.606210710504433,-5.800747820735605,0,0
2020-07-28,0.0,0.26299734320556767,0.2556660823616719,-0.9245203509125356,0.2818882763364927,0.40507544656717176,-0.7099242346269086,-0.835132091013187,-1.922415774279023,-0.7935051445165759,-1.1571040589988089,0.0,2.2841983778621016,0.5091117709840591,-0.8744545571405129,-1.4806076685016598,-3.2628931709415916,-3.4574016595500257,-2.6317895232208057,-4.2224099098787375,-5.428543263452385,-4.7000340821023485,0,1
2020-07-29,0.0,-0.009566405881994977,-1.170236010615961,0.016390065859567482,0.13543831977174814,-0.9624050512742062,-1.0871521456430708,-2.1540077300134524,-1.0412934906180928,-1.4010786831479867,-1.8031592705056791,0.0,-1.7063371525240931,-3.0596276763638715,-3.6610356233361356,-5.39065863826781,-5.592936198884971,-4.809935314521868,-6.347800844857164,-7.519065504940643,-6.797242230899922,-6.706403091574082,0,0
2020-07-30,0.0,-1.1503645680470944,0.02571991663907776,0.14378754773592928,-0.9442620011337001,-1.0678430457359005,-2.1253154376933603,-1.0225702795975347,-1.3790812216988482,-1.7776423582896015,0.43810939976645535,0.0,-1.36868944289824,-1.9702712514347505,-3.730271199588842,-3.925435769263622,-3.1143090547094845,-4.683725411616825,-5.874953255438179,-5.152162696685966,-5.034344984316229,-2.851647462628213,0,0
2020-07-31,0.0,1.1972115484269057,1.3269115675000767,0.2243767956816396,0.10572370023284305,-0.9824112665424749,0.12975023005932773,-0.22352062722990218,-0.6357296666219737,1.6280849241108497,-0.13488740507149322,0.0,-0.5953349846803032,-2.360978621394451,-2.5483751101677354,-1.723334755313952,-3.301358023502817,-4.495927643588511,-3.7800351934655554,-3.6418628199600063,-1.4488668898498929,-2.5332155164376404,0,0
2020-08-03,0.0,0.1178879497187697,-0.9705425522449861,-1.0943112716390737,-2.1517895683988044,-1.0485426557599875,-1.40535387228641,-1.8038712932652874,0.41224841195087913,-1.320506449431107,-2.69037232309946,0.0,-1.7613309886530677,-1.9446607314290878,-1.1167716074945988,-2.6924773188994373,-3.8839236123831817,-3.173742175919406,-3.0273180882021222,-0.8382600785718426,-1.9213837586342586,-0.8100655044220817,0,0
2020-08-04,0.0,-1.0782921278813324,-1.201557893341402,-2.2475463722057256,-1.1540553235737563,-1.5083325926146391,-1.9023131695499227,0.29132857700190373,-1.424535318142952,-2.7822887118431034,-3.3845691561189986,0.0,-0.17444734050531907,0.6767538669909365,-0.9201817902372358,-2.1235819952333688,-1.4177837515126228,-1.2440722597841134,0.9723321954662976,-0.1264853149052454,1.0055517104650376,1.6317936475821155,0,0
2020-08-05,0.0,-0.11814430413975358,-1.187226336190153,-0.09038044319968574,-0.4399682105099395,-0.8445741431544269,1.3825849462378776,-0.35312594167201666,-1.7150350879292393,-2.315001462386568,-4.064094032518026,0.0,0.8483477638631164,-0.7410300894159443,-1.9383388278274667,-1.2372293256689804,-1.0618933259614765,1.1438140287443526,0.05009051208935955,1.177325267323344,1.801053237753133,1.6710967687282634,0,0
2020-08-06,0.0,-1.0656720792809145,0.025469703951778833,-0.3216755356396064,-0.725195389986226,1.493277487635715,-0.23498347781876083,-1.5898089967522302,-2.186205312832701,-3.926921251821618,-4.12139086250617,0.0,-1.5665556991266578,-2.7485670883998163,-2.051074591798744,-1.889960093296533,0.2850679313586916,-0.7924417784795482,0.3159503990652076,0.9285702588386453,0.8042493370720695,1.3680620065762117,0,0
2020-08-07,0.0,1.1100500000498819,0.7627571663423659,0.3426788400921966,2.626807271312554,0.8537836091201122,-0.5245094505498379,-1.1270127496143951,-2.9046535350448672,-3.096529772148329,-2.2702048330332856,0.0,-1.1956897911743898,-0.5002615743105747,-0.3145439830789071,1.890395016300709,0.7961652237068217,1.9258112789525113,2.5514779434395543,2.4181741326037534,2.9956507100423053,2.8755164235688406,1,1
2020-08-10,0.0,-0.35376478706551867,-0.7645870062936334,1.4946402123116918,-0.26552248587731087,-1.6456346999858118,-2.2532633327552922,-4.026306200683139,-4.2245481019019,-3.409608485551816,-4.989960863353113,0.0,0.692278733638805,0.8964801390752121,3.119440741942684,2.0148259672015523,3.1582604728994745,3.792543629510827,3.652638413643454,4.239313924360029,4.122246050050113,2.5227221125233408,0,1
2020-08-11,0.0,-0.411524824150146,1.8433724109161027,0.08864406054719179,-1.2834560307694747,-1.8861943451211967,-3.6511294446163345,-3.84629675733523,-3.0321617429977437,-4.606210710504433,-5.800747820735605,0.0,0.1947156315720422,2.421443210693209,1.3157919526271178,2.4585241473102113,3.091852293096191,2.954904152817618,3.5399782004171065,3.4203659353566587,1.8120737381849534,1.0054962724222185,0,1
2020-08-12,0.0,2.2841983778621016,0.5091117709840591,-0.8744545571405129,-1.4806076685016598,-3.2628931709415916,-3.4574016595500257,-2.6317895232208057,-4.2224099098787375,-5.428543263452385,-4.7000340821023485,0.0,2.1921748057890285,1.1039079539649368,2.2281884728129935,2.8511358061286582,2.7171833612602705,3.2924711550406505,3.1740754954402344,1.589088470983962,0.7944693622022319,1.4483129598178848,1,1
2020-08-13,0.0,-1.7063371525240931,-3.0596276763638715,-3.6610356233361356,-5.39065863826781,-5.592936198884971,-4.809935314521868,-6.347800844857164,-7.519065504940643,-6.797242230899922,-6.706403091574082,0.0,-1.0666900451437553,0.02985762871592984,0.6357018223750148,0.5138726805940698,1.0711574862302322,0.9476460428357167,-0.6281942929548259,-1.4151912018695112,-0.7964602565013368,-1.0897273540317065,0,0
2020-08-14,0.0,-1.36868944289824,-1.9702712514347505,-3.730271199588842,-3.925435769263622,-3.1143090547094845,-4.683725411616825,-5.874953255438179,-5.152162696685966,-5.034344984316229,-2.851647462628213,0.0,1.1114853848668824,1.7264588023645395,1.5985212665220279,2.1653207690278213,2.044180686676808,0.4619819946029762,-0.32969305983344954,0.30704309763231485,0.01242332209701047,0.12590191180289523,0,1
2020-08-17,0.0,-0.5953349846803032,-2.360978621394451,-2.5483751101677354,-1.723334755313952,-3.301358023502817,-4.495927643588511,-3.7800351934655554,-3.6418628199600063,-1.4488668898498929,-2.5332155164376404,0.0,0.6040622568341899,0.48270908889081976,1.0383240212797828,0.9150593150370092,-0.6566248405721697,-1.4415047183784508,-0.824832662999333,-1.1173216232560246,-1.012995389198391,-0.9001136218149886,0,0
2020-08-18,0.0,-1.7613309886530677,-1.9446607314290878,-1.1167716074945988,-2.6924773188994373,-3.8839236123831817,-3.173742175919406,-3.0273180882021222,-0.8382600785718426,-1.9213837586342586,-0.8100655044220817,0.0,-0.11771046143506408,0.431422888638913,0.30711934812153374,-1.2575891015074487,-2.0381549450073497,-1.43279066966643,-1.7238878537217606,-1.6245709103584218,-1.511262450940325,-1.7412591907149828,0,0
2020-08-19,0.0,-0.17444734050531907,0.6767538669909365,-0.9201817902372358,-2.1235819952333688,-1.4177837515126228,-1.2440722597841134,0.9723321954662976,-0.1264853149052454,1.0055517104650376,1.6317936475821155,0.0,0.5525894321299305,0.42799681161250946,-1.1442973317205114,-1.9288115347664876,-1.3188179932588668,-1.611344919813571,-1.5106476813329213,-1.396973312886658,-1.6273371281929103,-0.435023573347725,0,0
2020-08-20,0.0,0.8483477638631164,-0.7410300894159443,-1.9383388278274667,-1.2372293256689804,-1.0618933259614765,1.1438140287443526,0.05009051208935955,1.177325267323344,1.801053237753133,1.6710967687282634,0.0,-0.12540505629634358,-1.6896833334728565,-2.469439892354589,-1.8703796053114785,-2.1613297303352383,-2.0652956819348014,-1.95135404196038,-2.183996705529708,-1.0107175512252704,-4.138946636188232,0,0
2020-08-21,0.0,-1.5665556991266578,-2.7485670883998163,-2.051074591798744,-1.889960093296533,0.2850679313586916,-0.7924417784795482,0.3159503990652076,0.9285702588386453,0.8042493370720695,1.3680620065762117,0.0,-1.5596077937832877,-2.337208166388078,-1.7381619580224563,-2.02826277024878,-1.9315741684327978,-1.8181648023475903,-2.0493295687275315,-0.8766147947474616,-4.002650192716954,-5.526252210545697,0,0
2020-08-24,0.0,-1.1956897911743898,-0.5002615743105747,-0.3145439830789071,1.890395016300709,0.7961652237068217,1.9258112789525113,2.5514779434395543,2.4181741326037534,2.9956507100423053,2.8755164235688406,0.0,-0.776301781995732,-0.1578634172073914,-0.4469238212969804,-0.33897266125648273,-0.22844946268658273,-0.44886590271801996,0.7551649604425172,-2.4458137825334414,-3.990766171431093,-2.4741790586797725,1,0
2020-08-25,0.0,0.692278733638805,0.8964801390752121,3.119440741942684,2.0148259672015523,3.1582604728994745,3.792543629510827,3.652638413643454,4.239313924360029,4.122246050050113,2.5227221125233408,0.0,0.6289739724140426,0.3400216292220084,0.4537352191562254,0.5629777805408054,0.3476017811985881,1.5689377399857616,-1.6739076883244675,-3.23168547605092,-1.7302855829076083,-0.5775817723957373,1,0
2020-08-26,0.0,0.1947156315720422,2.421443210693209,1.3157919526271178,2.4585241473102113,3.091852293096191,2.954904152817618,3.5399782004171065,3.4203659353566587,1.8120737381849534,1.0054962724222185,0.0,-0.2853013472389765,-0.1776048662581865,-0.06876438548254504,-0.2853325711437331,0.9065567651241917,-2.2613232642098677,-3.788838744468031,-2.2948692758491482,-1.1727988577650876,-1.4578772639102509,1,0
2020-08-27,0.0,2.1921748057890285,1.1039079539649368,2.2281884728129935,2.8511358061286582,2.7171833612602705,3.2924711550406505,3.1740754954402344,1.589088470983962,0.7944693622022319,1.4483129598178848,0.0,0.10974678880631528,0.21808466303936547,0.003419782897170709,1.2011592959373534,-1.980773694652282,-3.5123971700741903,-2.0244600247271327,-0.8955620284495325,-1.185876732815764,-0.05282991935921544,1,0
2020-08-28,0.0,-1.0666900451437553,0.02985762871592984,0.6357018223750148,0.5138726805940698,1.0711574862302322,0.9476460428357167,-0.6281942929548259,-1.4151912018695112,-0.7964602565013368,-1.0897273540317065,0.0,0.1077351941904744,-0.10607954167996808,1.0806723448313988,-2.072635161706553,-3.5914868766021217,-2.1121571423910357,-0.9941132869408746,-1.280317122919687,-0.15612843184078784,-0.19743706666799854,0,0
2020-08-31,0.0,1.1114853848668824,1.7264588023645395,1.5985212665220279,2.1653207690278213,2.044180686676808,0.4619819946029762,-0.32969305983344954,0.30704309763231485,0.01242332209701047,0.12590191180289523,0.0,-0.21486557961806096,0.9715443448294967,-2.181415590686375,-3.7011008360931896,-2.2171849900492493,-1.0999583763913727,-1.384640729502478,-0.25924907567833433,-0.3019156489348407,0.31522808293555826,1,0
2020-09-01,0.0,0.6040622568341899,0.48270908889081976,1.0383240212797828,0.9150593150370092,-0.6566248405721697,-1.4415047183784508,-0.824832662999333,-1.1173216232560246,-1.012995389198391,-0.9001136218149886,0.0,1.1833494322086735,-1.9603720713770252,-3.4736335315208464,-2.0034173758853235,-0.8880977451638121,-1.1748798218472754,-0.0553984381257564,-0.0952570825289234,0.519656612158613,1.0574132556298146,0,0
2020-09-02,0.0,-0.11771046143506408,0.431422888638913,0.30711934812153374,-1.2575891015074487,-2.0381549450073497,-1.43279066966643,-1.7238878537217606,-1.6245709103584218,-1.511262450940325,-1.7412591907149828,0.0,-3.020012806519379,-4.484164069655079,-3.022276409993008,-1.9580831055657546,-2.2180424253385747,-1.1287766625979074,-1.1812753754717127,-0.5883255800375,-0.059754141473098876,-0.7997816239899258,0,0
2020-09-03,0.0,0.5525894321299305,0.42799681161250946,-1.1442973317205114,-1.9288115347664876,-1.3188179932588668,-1.611344919813571,-1.5106476813329213,-1.396973312886658,-1.6273371281929103,-0.435023573347725,0.0,-1.5927618235691767,-0.11765407858214649,1.083686366740911,0.7496626005290596,1.916723656021416,1.9003661927045508,2.551273379748949,3.102096016426514,2.2837129701295344,3.1666680180852276,0,1
2020-09-04,0.0,-0.12540505629634358,-1.6896833334728565,-2.469439892354589,-1.8703796053114785,-2.1613297303352383,-2.0652956819348014,-1.95135404196038,-2.183996705529708,-1.0107175512252704,-4.138946636188232,0.0,1.4661756351218185,2.7290983876843526,2.358375233154284,3.555056524271145,3.5585690343545133,4.233933801293535,4.7908547340195895,3.9387323184596736,4.825577807951529,5.911630650505459,0,1
2020-09-08,0.0,-1.5596077937832877,-2.337208166388078,-1.7381619580224563,-2.02826277024878,-1.9315741684327978,-1.8181648023475903,-2.0493295687275315,-0.8766147947474616,-4.002650192716954,-5.526252210545697,0.0,1.2497516445022603,0.9007603803483788,2.112525937894899,2.097103547188377,2.773554923514091,3.3448701580724496,2.4941403990464996,3.4094915197602518,4.527081008669374,3.2799619349105096,0,1
2020-09-09,0.0,-0.776301781995732,-0.1578634172073914,-0.4469238212969804,-0.33897266125648273,-0.22844946268658273,-0.44886590271801996,0.7551649604425172,-2.4458137825334414,-3.990766171431093,-2.4741790586797725,0.0,-0.3166774898535891,0.8561495645883817,0.8260570306554967,1.4748372847049285,2.0336866186592815,1.2199896685346565,2.119772587853264,3.2157107188871383,1.9957261311989214,2.288519455711505,0,1
2020-09-10,0.0,0.6289739724140426,0.3400216292220084,0.4537352191562254,0.5629777805408054,0.3476017811985881,1.5689377399857616,-1.6739076883244675,-3.23168547605092,-1.7302855829076083,-0.5775817723957373,0.0,1.1978532027755828,1.171245723254629,1.8354847881303964,2.4046554276946077,1.5709569795179077,2.48617187573806,3.6016145284562877,2.3591190190868074,2.65050004365251,3.176625391843687,0,1
2020-09-11,0.0,-0.2853013472389765,-0.1776048662581865,-0.06876438548254504,-0.2853325711437331,0.9065567651241917,-2.2613232642098677,-3.788838744468031,-2.2948692758491482,-1.1727988577650876,-1.4578772639102509,0.0,-0.04135292882611785,0.6084246868515477,1.1761250481336116,0.36281348958696347,1.2800121604838623,2.395272399479175,1.1559102673778447,1.4715410403986433,1.9877408126121339,2.436408738959206,0,1
2020-09-14,0.0,0.10974678880631528,0.21808466303936547,0.003419782897170709,1.2011592959373534,-1.980773694652282,-3.5123971700741903,-2.0244600247271327,-0.8955620284495325,-1.185876732815764,-0.05282991935921544,0.0,0.6420777247959099,1.202674872469907,0.3989241177428723,1.304499773840444,2.405714469890052,1.181862130565161,1.4926995606818125,2.0027297150205117,2.4465599125271247,1.6406838136952837,0,1
2020-09-15,0.0,0.1077351941904744,-0.10607954167996808,1.0806723448313988,-2.072635161706553,-3.5914868766021217,-2.1121571423910357,-0.9941132869408746,-1.280317122919687,-0.15612843184078784,-0.19743706666799854,0.0,0.5570784015784598,-0.23210965222369984,0.6700515240655378,1.7657630027331586,0.5495527259327224,0.8714903145762438,1.3738474316763098,1.8028915149462978,0.996371635385568,1.8709621847958764,0,0
2020-09-16,0.0,-0.21486557961806096,0.9715443448294967,-2.181415590686375,-3.7011008360931896,-2.2171849900492493,-1.0999583763913727,-1.384640729502478,-0.25924907567833433,-0.3019156489348407,0.31522808293555826,0.0,-0.7837556984646381,0.1237188789008834,1.2247027058881477,0.003975781079472718,0.3385367113385378,0.8388264195136359,1.2589355005521596,0.4444467347934098,1.3208572772994858,1.5201529169849706,0,0
2020-09-17,0.0,1.1833494322086735,-1.9603720713770252,-3.4736335315208464,-2.0034173758853235,-0.8880977451638121,-1.1748798218472754,-0.0553984381257564,-0.0952570825289234,0.519656612158613,1.0574132556298146,0.0,0.9135553694329998,2.023609998444537,0.7909087699368205,1.1123304552714135,1.6231790924161322,2.0625376921924716,1.2472063975785286,2.1342657108420875,2.343386945887667,2.7030402330055963,0,1
2020-09-18,0.0,-3.020012806519379,-4.484164069655079,-3.022276409993008,-1.9580831055657546,-2.2180424253385747,-1.1287766625979074,-1.1812753754717127,-0.5883255800375,-0.059754141473098876,-0.7997816239899258,0.0,1.1229241249090045,-0.1218226770719257,0.22194811925472369,0.7311778257698529,1.15713319729537,0.32547471270106176,1.2188018836620351,1.420759959708393,1.7762421557800911,2.538033793950544,0,1
2020-09-21,0.0,-1.5927618235691767,-0.11765407858214649,1.083686366740911,0.7496626005290596,1.916723656021416,1.9003661927045508,2.551273379748949,3.102096016426514,2.2837129701295344,3.1666680180852276,0.0,-1.2569873658763349,-0.886172239067555,-0.38007908048803474,0.02826371701304564,-0.8218723015074287,0.0772826957128776,0.26988461822393495,0.6193943311563785,1.3925321857674047,0.12549000442349278,1,0
2020-09-22,0.0,1.4661756351218185,2.7290983876843526,2.358375233154284,3.555056524271145,3.5585690343545133,4.233933801293535,4.7908547340195895,3.9387323184596736,4.825577807951529,5.911630650505459,0.0,0.34169869875432646,0.8525061172614332,1.2813936868344142,0.44969739036205025,1.3445734116935775,1.548029901107693,1.9050204255294967,2.6674468838681764,1.4206616868952828,-0.18701569601850832,1,1
2020-09-23,0.0,1.2497516445022603,0.9007603803483788,2.112525937894899,2.097103547188377,2.773554923514091,3.3448701580724496,2.4941403990464996,3.4094915197602518,4.527081008669374,3.2799619349105096,0.0,0.5203520798135733,0.9525394491036088,0.09788012190834161,1.0130407359403315,1.217747537977262,1.5802188240457662,2.3619357697265637,1.082826137309178,-0.5530386347061063,-2.187404036005434,1,1
2020-09-24,0.0,-0.3166774898535891,0.8561495645883817,0.8260570306554967,1.4748372847049285,2.0336866186592815,1.2199896685346565,2.119772587853264,3.2157107188871383,1.9957261311989214,2.288519455711505,0.0,0.4204301132207653,-0.4357335097665529,0.47455621956299776,0.6732233267088761,1.029919988142483,1.8104335362608457,0.5321488405059425,-1.0828534900133597,-2.713235824280289,-2.8918993920637526,1,0
2020-09-25,0.0,1.1978532027755828,1.171245723254629,1.8354847881303964,2.4046554276946077,1.5709569795179077,2.48617187573806,3.6016145284562877,2.3591190190868074,2.65050004365251,3.176625391843687,0.0,-0.8458665464070378,0.048431322447540115,0.23972880268159158,0.5871454014916067,1.3562645896240413,0.09574769807137962,-1.48135600594135,-3.086791733291667,-3.265343166782401,-4.308950797571095,1,0
2020-09-28,0.0,-0.04135292882611785,0.6084246868515477,1.1761250481336116,0.36281348958696347,1.2800121604838623,2.395272399479175,1.1559102673778447,1.4715410403986433,1.9877408126121339,2.436408738959206,0.0,0.883466775645246,1.0802067606246843,1.4294433490393796,2.184612046075761,0.9487400421467762,-0.6283168862083772,-2.206916813966197,-2.377252215144122,-3.4053434710724826,-4.1718395546514335,1,1
2020-09-29,0.0,0.6420777247959099,1.202674872469907,0.3989241177428723,1.304499773840444,2.405714469890052,1.181862130565161,1.4926995606818125,2.0027297150205117,2.4465599125271247,1.6406838136952837,0.0,0.18868919061830358,0.5318309583009075,1.2925167072352073,0.045719387735318584,-1.5124547554238026,-3.1001559000205448,-3.2770347264378534,-4.309003568595445,-5.0874874024382795,-6.12519143513721,1,0
2020-09-30,0.0,0.5570784015784598,-0.23210965222369984,0.6700515240655378,1.7657630027331586,0.5495527259327224,0.8714903145762438,1.3738474316763098,1.8028915149462978,0.996371635385568,1.8709621847958764,0.0,0.33870834393449,1.0935562394273721,-0.1440673747813883,-1.6839537281323023,-3.2589639066619043,-3.435588441919911,-4.458881077331652,-5.232720323918532,-6.258768961240464,-6.257637392846689,0,0
2020-10-01,0.0,-0.7837556984646381,0.1237188789008834,1.2247027058881477,0.003975781079472718,0.3385367113385378,0.8388264195136359,1.2589355005521596,0.4444467347934098,1.3208572772994858,1.5201529169849706,0.0,0.7515683197925928,-0.4813824945597668,-2.0032868663441894,-3.570551069384442,-3.7483761884418056,-4.765873570205022,-5.538723106053302,-6.553728360069176,-6.55029625831958,-7.5088580485712475,0,0
2020-10-02,0.0,0.9135553694329998,2.023609998444537,0.7909087699368205,1.1123304552714135,1.6231790924161322,2.0625376921924716,1.2472063975785286,2.1342657108420875,2.343386945887667,2.7030402330055963,0.0,-1.2490340021825377,-2.763370085971779,-4.347023588441903,-4.53137668057447,-5.557793680225144,-6.345078460090201,-7.357167508090322,-7.348496710782033,-8.307840331962957,-8.123517561724647,1,0
2020-10-05,0.0,1.1229241249090045,-0.1218226770719257,0.22194811925472369,0.7311778257698529,1.15713319729537,0.32547471270106176,1.2188018836620351,1.420759959708393,1.7762421557800911,2.538033793950544,0.0,-1.5234374343817958,-3.0771474200252853,-3.2505133224876923,-4.260287757332099,-5.0224777316351155,-6.03717172725157,-6.0370250405517325,-6.993080257961823,-6.8095912280152415,-7.064024701235643,1,0
2020-10-06,0.0,-1.2569873658763349,-0.886172239067555,-0.38007908048803474,0.02826371701304564,-0.8218723015074287,0.0772826957128776,0.26988461822393495,0.6193943311563785,1.3925321857674047,0.12549000442349278,0.0,-1.5731556760341432,-1.7389488333466665,-2.764952031817406,-3.5234224603710564,-4.579052663009481,-4.58976190859439,-5.577070188290691,-5.387841152371934,-5.676492287488874,-6.44074052959998,0,0
2020-10-07,0.0,0.34169869875432646,0.8525061172614332,1.2813936868344142,0.44969739036205025,1.3445734116935775,1.548029901107693,1.9050204255294967,2.6674468838681764,1.4206616868952828,-0.18701569601850832,0.0,-0.15293731491103046,-1.163313631290677,-1.8943064154777052,-2.9584194674847564,-2.9797941753866817,-3.967909104077618,-3.7787787917572886,-4.093079565489656,-4.848616588375075,-5.258687005065208,1,0
2020-10-08,0.0,0.5203520798135733,0.9525394491036088,0.09788012190834161,1.0130407359403315,1.217747537977262,1.5802188240457662,2.3619357697265637,1.082826137309178,-0.5530386347061063,-2.187404036005434,0.0,-1.0025342824897183,-1.726303829511591,-2.7845476856288487,-2.8068101724235346,-3.788797572783295,-3.6008643559509164,-3.9156493263662604,-4.665607249522691,-5.073370497354857,-5.7783280728298525,1,0
2020-10-09,0.0,0.4204301132207653,-0.4357335097665529,0.47455621956299776,0.6732233267088761,1.029919988142483,1.8104335362608457,0.5321488405059425,-1.0828534900133597,-2.713235824280289,-2.8918993920637526,0.0,-0.7081844802660903,-1.774168123473078,-1.8031726999139241,-2.7879098148796704,-2.5996091447839,-2.9312052295491164,-3.677411471750225,-4.087860041749961,-4.788511100733898,-5.080291555687249,0,0
2020-10-12,0.0,-0.8458665464070378,0.048431322447540115,0.23972880268159158,0.5871454014916067,1.3562645896240413,0.09574769807137962,-1.48135600594135,-3.086791733291667,-3.265343166782401,-4.308950797571095,0.0,-1.060550956495857,-1.0939050312533551,-2.070593753123264,-1.883941120364104,-2.223764905807881,-2.9598543291705406,-3.368008084172207,-4.05862020468126,-4.345339932865402,-3.60010175586042,0,0
2020-10-13,0.0,0.883466775645246,1.0802067606246843,1.4294433490393796,2.184612046075761,0.9487400421467762,-0.6283168862083772,-2.206916813966197,-2.377252215144122,-3.4053434710724826,-4.1718395546514335,0.0,-0.04107289650707202,-1.0362011855972462,-0.8461931309794033,-1.2093385685251659,-1.9531148352082863,-2.3706125159166573,-3.067597775361907,-3.355594635155777,-2.61732437991194,-3.087028669670285,1,0
2020-10-14,0.0,0.18868919061830358,0.5318309583009075,1.2925167072352073,0.045719387735318584,-1.5124547554238026,-3.1001559000205448,-3.2770347264378534,-4.309003568595445,-5.0874874024382795,-6.12519143513721,0.0,-1.0022406697254957,-0.810881083446096,-1.1772734579756725,-1.9261263304035972,-2.346671074747121,-3.0483809778101074,-3.3382768273014483,-2.595540692351532,-3.0686942298696254,-0.8196421610856994,0,0
2020-10-15,0.0,0.33870834393449,1.0935562394273721,-0.1440673747813883,-1.6839537281323023,-3.2589639066619043,-3.435588441919911,-4.458881077331652,-5.232720323918532,-6.258768961240464,-6.257637392846689,0.0,0.1937324493219986,-0.19350119630738183,-0.9463888576103006,-1.3740483489337771,-2.078738667031631,-2.3685580898751883,-1.6358947344126564,-2.117572418790972,0.12293168249248598,-1.2752873227072747,0,0
2020-10-16,0.0,0.7515683197925928,-0.4813824945597668,-2.0032868663441894,-3.570551069384442,-3.7483761884418056,-4.765873570205022,-5.538723106053302,-6.553728360069176,-6.55029625831958,-7.5088580485712475,0.0,-0.38327578055395617,-1.1355055207536586,-1.5618610892633804,-2.2660891469899163,-2.5559696127218237,-1.8212464323423845,-2.301356987986726,-0.05884626166604345,-1.4563425316856655,-1.1683786863669097,0,0
2020-10-19,0.0,-1.2490340021825377,-2.763370085971779,-4.347023588441903,-4.53137668057447,-5.557793680225144,-6.345078460090201,-7.357167508090322,-7.348496710782033,-8.307840331962957,-8.123517561724647,0.0,-0.7658596033804967,-1.201851446497111,-1.918524172831852,-2.2130113550648582,-1.470522549665097,-1.9616871351626364,0.3133115631837118,-1.1084809491733818,-0.8191744249532444,-0.4732491174974771,0,0
2020-10-20,0.0,-1.5234374343817958,-3.0771474200252853,-3.2505133224876923,-4.260287757332099,-5.0224777316351155,-6.03717172725157,-6.0370250405517325,-6.993080257961823,-6.8095912280152415,-7.064024701235643,0.0,-0.438960148177305,-1.1537398931885812,-1.446438133255859,-0.7161376687695571,-1.2110417803663858,1.043952948217282,-0.37330125309882556,-0.09210112931530201,0.2638270586365965,0.5605245048689222,0,0
2020-10-21,0.0,-1.5731556760341432,-1.7389488333466665,-2.764952031817406,-3.5234224603710564,-4.579052663009481,-4.58976190859439,-5.577070188290691,-5.387841152371934,-5.676492287488874,-6.44074052959998,0.0,-0.7172119012906975,-1.0103199000655478,-0.28346377683331436,-0.7829720552160995,1.4715819705318194,0.049959200892504274,0.3278594130182144,0.6913277126682913,0.9975700319628394,3.6740445181965575,0,1
2020-10-22,0.0,-0.15293731491103046,-1.163313631290677,-1.8943064154777052,-2.9584194674847564,-2.9797941753866817,-3.967909104077618,-3.7787787917572886,-4.093079565489656,-4.848616588375075,-5.258687005065208,0.0,-0.2912054383262002,0.4236684085799922,-0.0789586064744463,2.1551104052332675,0.7388374301727754,1.0089269003753847,1.3814881369344407,1.7005900616055836,4.39775892590735,3.9073608799886452,0,1
2020-10-23,0.0,-1.0025342824897183,-1.726303829511591,-2.7845476856288487,-2.8068101724235346,-3.788797572783295,-3.6008643559509164,-3.9156493263662604,-4.665607249522691,-5.073370497354857,-5.7783280728298525,0.0,0.7090820366398012,0.20585889739031726,2.4286870876332727,1.016451829740058,1.2830251100200032,1.6587706408547596,1.9826508977673374,4.684619640411908,4.20011119987312,3.746192219916808,0,1
2020-10-26,0.0,-0.7081844802660903,-1.774168123473078,-1.8031726999139241,-2.7879098148796704,-2.5996091447839,-2.9312052295491164,-3.677411471750225,-4.087860041749961,-4.788511100733898,-5.080291555687249,0.0,-0.5069064908313365,1.7670151265553762,0.3301093620509703,0.6082519868423817,0.9798725223766778,1.2950929494119632,4.012825123061123,3.508546952185219,3.04956081119496,-0.5411888991860656,0,1
2020-10-27,0.0,-1.060550956495857,-1.0939050312533551,-2.070593753123264,-1.883941120364104,-2.223764905807881,-2.9598543291705406,-3.368008084172207,-4.05862020468126,-4.345339932865402,-3.60010175586042,0.0,2.2744448747229047,0.8317030410885755,1.1060640867802238,1.4867883271547075,1.813461596576765,4.564567967351161,4.066274259781483,3.6033902224509493,-0.010474100156142363,-3.2823634762699765,0,1
2020-10-28,0.0,-0.04107289650707202,-1.0362011855972462,-0.8461931309794033,-1.2093385685251659,-1.9531148352082863,-2.3706125159166573,-3.067597775361907,-3.355594635155777,-2.61732437991194,-3.087028669670285,0.0,-1.4885873706559665,-1.1824689540205868,-0.8252721479153015,-0.5359384225910984,2.197809399787144,1.6460000490783884,1.1779473149911093,-2.510736034121801,-5.820687789357849,-3.935059076210293,0,1
2020-10-29,0.0,-1.0022406697254957,-0.810881083446096,-1.1772734579756725,-1.9261263304035972,-2.346671074747121,-3.0483809778101074,-3.3382768273014483,-2.595540692351532,-3.0686942298696254,-0.8196421610856994,0.0,0.28891150031250146,0.6653287292071977,0.9820901095007171,3.7573977136707954,3.23418590870181,2.7642981785961744,-0.9167369587686478,-4.238685444001891,-2.335262880969654,-1.9489973455814642,0,1
2020-10-30,0.0,0.1937324493219986,-0.19350119630738183,-0.9463888576103006,-1.3740483489337771,-2.078738667031631,-2.3685580898751883,-1.6358947344126564,-2.117572418790972,0.12293168249248598,-1.2752873227072747,0.0,0.37633586565255395,0.6907972409112859,3.485364987085039,2.9512976169195086,2.4771174937649736,-1.2419108724503074,-4.594398690956855,-2.675643003040941,-2.2825957563101236,-3.692806663434414,0,1
2020-11-02,0.0,-0.38327578055395617,-1.1355055207536586,-1.5618610892633804,-2.2660891469899163,-2.5559696127218237,-1.8212464323423845,-2.301356987986726,-0.05884626166604345,-1.4563425316856655,-1.1683786863669097,0.0,0.30289188953622226,3.044918785040519,2.5118064334742742,2.045244186069347,-1.619517148338371,-4.918388930219406,-3.0330369976841816,-2.642221691130392,-4.035499463446893,-5.9984358491400815,0,1
2020-11-03,0.0,-0.7658596033804967,-1.201851446497111,-1.918524172831852,-2.2130113550648582,-1.470522549665097,-1.9616871351626364,0.3133115631837118,-1.1084809491733818,-0.8191744249532444,-0.4732491174974771,0.0,2.679539024757906,2.15140252296929,1.6944486083976722,-1.8991557367301746,-5.130282135815516,-3.2857867506505993,-2.8998057638366657,-4.26889568455951,-6.195459476538863,-6.563846776134294,0,1
2020-11-04,0.0,-0.438960148177305,-1.1537398931885812,-1.446438133255859,-0.7161376687695571,-1.2110417803663858,1.043952948217282,-0.37330125309882556,-0.09210112931530201,0.2638270586365965,0.5605245048689222,0.0,-0.5532583640951079,-0.9881835266099898,-4.444904394649507,-7.521876551524008,-5.783403741702806,-5.388947706213182,-6.729997890684638,-8.597828167998424,-8.936165937842611,-7.775271625930558,0,0
2020-11-05,0.0,-0.7172119012906975,-1.0103199000655478,-0.28346377683331436,-0.7829720552160995,1.4715819705318194,0.049959200892504274,0.3278594130182144,0.6913277126682913,0.9975700319628394,3.6740445181965575,0.0,-0.4291078957156499,-3.8319639114072923,-6.867442389953357,-5.14863273351292,-4.765136426126494,-6.080282760591356,-7.915964858873521,-8.252356621501002,-7.113896694642962,-6.91103925410467,1,0
2020-11-06,0.0,-0.2912054383262002,0.4236684085799922,-0.0789586064744463,2.1551104052332675,0.7388374301727754,1.0089269003753847,1.3814881369344407,1.7005900616055836,4.39775892590735,3.9073608799886452,0.0,-3.4134650546465375,-6.463516782787928,-4.73346835290004,-4.3525870701999825,-5.667869629093852,-7.506866013643642,-7.846939986213786,-6.7083704355361915,-6.502850354902844,-5.908346455680063,1,0
2020-11-09,0.0,0.7090820366398012,0.20585889739031726,2.4286870876332727,1.016451829740058,1.2830251100200032,1.6587706408547596,1.9826508977673374,4.684619640411908,4.20011119987312,3.746192219916808,0.0,-3.124937095927255,-1.3285033241367645,-0.9739414915994049,-2.2720652600361437,-4.112196303093379,-4.477167404818744,-3.3535180443068726,-3.1294340486831085,-2.545214355567943,-3.4447892925826853,1,0
2020-11-10,0.0,-0.5069064908313365,1.7670151265553762,0.3301093620509703,0.6082519868423817,0.9798725223766778,1.2950929494119632,4.012825123061123,3.508546952185219,3.04956081119496,-0.5411888991860656,0.0,1.881784016207905,2.2158313265857132,0.9177557100683487,-0.9464333746501892,-1.3395578344260228,-0.2160142449535012,0.02846149068720405,0.6102316002396819,-0.30143696807749043,-2.800616373437767,1,1
2020-11-11,0.0,2.2744448747229047,0.8317030410885755,1.1060640867802238,1.4867883271547075,1.813461596576765,4.564567967351161,4.066274259781483,3.6033902224509493,-0.010474100156142363,-3.2823634762699765,0.0,0.3437264193242261,-0.9455778501345838,-2.7831234091716457,-3.157192089086688,-2.0412031850125625,-1.8102567604388016,-1.2310042014600133,-2.1294518541238032,-4.593854022393272,-3.319155172905535,1,0
2020-11-12,0.0,-1.4885873706559665,-1.1824689540205868,-0.8252721479153015,-0.5359384225910984,2.197809399787144,1.6460000490783884,1.1779473149911093,-2.510736034121801,-5.820687789357849,-3.935059076210293,0.0,-1.302502519509659,-3.1562320556765964,-3.5310636334753447,-2.403643683502804,-2.1725539401024325,-1.5871074229665214,-2.4934320505498935,-4.979716599683275,-3.6960612590493427,-2.9090281263835815,1,0
2020-11-13,0.0,0.28891150031250146,0.6653287292071977,0.9820901095007171,3.7573977136707954,3.23418590870181,2.7642981785961744,-0.9167369587686478,-4.238685444001891,-2.335262880969654,-1.9489973455814642,0.0,-1.8374824228493656,-2.2184052391850573,-1.106800265851041,-0.8707333334906237,-0.29446334961329723,-1.192977786575347,-3.656814001867433,-2.376000973941184,-1.586269255745973,1.8661809613965081,1,0
2020-11-16,0.0,0.37633586565255395,0.6907972409112859,3.485364987085039,2.9512976169195086,2.4771174937649736,-1.2419108724503074,-4.594398690956855,-2.675643003040941,-2.2825957563101236,-3.692806663434414,0.0,-0.39236726107087155,0.7054761424003264,0.950323423266211,1.5180863994080924,0.6237135709642028,-1.8273172165130225,-0.5407680279155054,0.2587495983558037,3.726052701248955,-2.5404627106807127,1,1
2020-11-17,0.0,0.30289188953622226,3.044918785040519,2.5118064334742742,2.045244186069347,-1.619517148338371,-4.918388930219406,-3.0330369976841816,-2.642221691130392,-4.035499463446893,-5.9984358491400815,0.0,1.102918731954226,1.3514627715857808,1.921549639896981,1.0215119478027908,-1.4447284032527294,-0.1474992173248516,0.6600020038040073,4.155956905410206,-2.161178854512843,-2.651841132496644,1,1
2020-11-18,0.0,2.679539024757906,2.15140252296929,1.6944486083976722,-1.8991557367301746,-5.130282135815516,-3.2857867506505993,-2.8998057638366657,-4.26889568455951,-6.195459476538863,-6.563846776134294,0.0,0.24432205921523475,0.8222391166488852,-0.08448146202549708,-2.569924604720277,-1.2702199373038825,-0.4649777100161707,3.038018798225585,-3.29512172339932,-3.788075480559083,-5.706180128993621,1,1
2020-11-19,0.0,-0.5532583640951079,-0.9881835266099898,-4.444904394649507,-7.521876551524008,-5.783403741702806,-5.388947706213182,-6.729997890684638,-8.597828167998424,-8.936165937842611,-7.775271625930558,0.0,0.57589684360473,-0.3264258261746892,-2.8000075488815153,-1.5081644291206118,-0.7086244398438832,2.7732644699049365,-3.5224330335637615,-4.012701606274126,-5.918472813535894,-3.0312753326151887,0,1
2020-11-20,0.0,-0.4291078957156499,-3.8319639114072923,-6.867442389953357,-5.14863273351292,-4.765136426126494,-6.080282760591356,-7.915964858873521,-8.252356621501002,-7.113896694642962,-6.91103925410467,0.0,-0.9065053433508412,-3.392015986045365,-2.09790284404212,-1.298945449963064,2.189255524065164,-4.119570726007097,-4.611409607126014,-6.518781550518554,-3.6338471736679776,-4.381504668403412,0,1
2020-11-23,0.0,-3.4134650546465375,-6.463516782787928,-4.73346835290004,-4.3525870701999825,-5.667869629093852,-7.506866013643642,-7.846939986213786,-6.7083704355361915,-6.502850354902844,-5.908346455680063,0.0,-2.479362040991822,-1.1822604747502135,-0.3783418516334409,3.11761053168666,-3.202545141870322,-3.694408466547645,-5.60892578502127,-2.705826634539444,-3.457877274830549,-4.498936555471512,0,1
2020-11-24,0.0,-3.124937095927255,-1.3285033241367645,-0.9739414915994049,-2.2720652600361437,-4.112196303093379,-4.477167404818744,-3.3535180443068726,-3.1294340486831085,-2.545214355567943,-3.4447892925826853,0.0,1.3044330232282129,2.121336682705993,5.636226180005314,-0.710877965982428,-1.2025110615265602,-3.135273709168538,-0.1846075383926431,-0.9481321376237937,-1.991177090405443,-3.102593623924797,0,1
2020-11-25,0.0,1.881784016207905,2.2158313265857132,0.9177557100683487,-0.9464333746501892,-1.3395578344260228,-0.2160142449535012,0.02846149068720405,0.6102316002396819,-0.30143696807749043,-2.800616373437767,0.0,0.8045568104135945,4.285563234739566,-2.004131584492683,-2.4925253019373335,-4.402575937198633,-1.496853142848878,-2.2491828739922024,-3.284066215756776,-4.372433550022317,-4.67134118776277,1,1
2020-11-27,0.0,0.3437264193242261,-0.9455778501345838,-2.7831234091716457,-3.157192089086688,-2.0412031850125625,-1.8102567604388016,-1.2310042014600133,-2.1294518541238032,-4.593854022393272,-3.319155172905535,0.0,3.4486906886349704,-2.784935827396203,-3.269717826878395,-5.159527632196774,-2.2909250754081327,-3.0339127803105708,-4.060352932478858,-5.131031743454226,-5.425817330668231,-5.593970573721163,0,1
2020-11-30,0.0,-1.302502519509659,-3.1562320556765964,-3.5310636334753447,-2.403643683502804,-2.1725539401024325,-1.5871074229665214,-2.4934320505498935,-4.979716599683275,-3.6960612590493427,-2.9090281263835815,0.0,-6.090445661221212,-6.567222944391038,-8.400065898682609,-5.644678593467411,-6.359481618861713,-7.365644856835688,-8.378037282467455,-8.659902938573735,-8.818885417365733,-8.70199488854674,0,0
2020-12-01,0.0,-1.8374824228493656,-2.2184052391850573,-1.106800265851041,-0.8707333334906237,-0.29446334961329723,-1.192977786575347,-3.656814001867433,-2.376000973941184,-1.586269255745973,1.8661809613965081,0.0,-0.49019843013002684,-2.422769404799479,0.5332125471714309,-0.2314501183250558,-1.27215520331023,-2.3889164403280754,-2.6937616008543013,-2.86916626991081,-2.7741151972479874,-4.013102753487006,0,0
2020-12-02,0.0,-0.39236726107087155,0.7054761424003264,0.950323423266211,1.5180863994080924,0.6237135709642028,-1.8273172165130225,-0.5407680279155054,0.2587495983558037,3.726052701248955,-2.5404627106807127,0.0,-1.9389085262198387,1.0306399739727439,0.2626315410126919,-0.7799419983880311,-1.904132375362575,-2.2105613927861345,-2.3871352969480952,-2.293927942661637,-3.5304653159795394,-4.600125216224161,1,0
2020-12-03,0.0,1.102918731954226,1.3514627715857808,1.921549639896981,1.0215119478027908,-1.4447284032527294,-0.1474992173248516,0.6600020038040073,4.155956905410206,-2.161178854512843,-2.651841132496644,0.0,3.047675089942328,2.2601189171932834,1.2018063354153945,0.03877786515250592,-0.27645585340812107,-0.45913948665247883,-0.37264580299987926,-1.6090050027983303,-2.696975273827076,-3.2199761344990985,1,1
2020-12-04,0.0,0.24432205921523475,0.8222391166488852,-0.08448146202549708,-2.569924604720277,-1.2702199373038825,-0.4649777100161707,3.038018798225585,-3.29512172339932,-3.788075480559083,-5.706180128993621,0.0,-0.7520900426132195,-1.7785281174398873,-2.8742339919356588,-3.1738020384698524,-3.34589712216662,-3.250015313114135,-4.476969365988631,-5.528978312912034,-6.049089224379847,-5.271543762823387,1,0
2020-12-07,0.0,0.57589684360473,-0.3264258261746892,-2.8000075488815153,-1.5081644291206118,-0.7086244398438832,2.7732644699049365,-3.5224330335637615,-4.012701606274126,-5.918472813535894,-3.0312753326151887,0.0,-1.03412109404274,-2.1463398863014396,-2.449738540119868,-2.6244308516718666,-2.5309179811305094,-3.759892993649635,-4.820598278234761,-5.34129207330324,-4.559011451985469,-5.0349685868749114,1,0
2020-12-08,0.0,-0.9065053433508412,-3.392015986045365,-2.09790284404212,-1.298945449963064,2.189255524065164,-4.119570726007097,-4.611409607126014,-6.518781550518554,-3.6338471736679776,-4.381504668403412,0.0,-1.1289675209560284,-1.4360039404034235,-1.6133318922502229,-1.523601965618655,-2.7486666973012035,-3.8156021728498017,-4.3342615784729235,-3.5497051303566747,-4.033363226741578,-4.021248291518455,1,0
2020-12-09,0.0,-2.479362040991822,-1.1822604747502135,-0.3783418516334409,3.11761053168666,-3.202545141870322,-3.694408466547645,-5.60892578502127,-2.705826634539444,-3.457877274830549,-4.498936555471512,0.0,-0.3145386347649177,-0.49679938426966164,-0.4103145052536681,-1.644639192675533,-2.7304511633151356,-3.252605859662541,-2.456755682897132,-2.954442715463475,-2.944490854959541,-4.638769934584417,1,0
2020-12-10,0.0,1.3044330232282129,2.121336682705993,5.636226180005314,-0.710877965982428,-1.2025110615265602,-3.135273709168538,-0.1846075383926431,-0.9481321376237937,-1.991177090405443,-3.102593623924797,0.0,-0.1834715095268262,-0.09797726961610687,-1.3337355811387028,-2.4238155007167888,-2.946458431637746,-2.148192296198622,-2.6493421834573336,-2.6400057936127745,-4.341587911520434,-3.791984726540635,1,0
2020-12-11,0.0,0.8045568104135945,4.285563234739566,-2.004131584492683,-2.4925253019373335,-4.402575937198633,-1.496853142848878,-2.2491828739922024,-3.284066215756776,-4.372433550022317,-4.67134118776277,0.0,0.08495778478526805,-1.1522752466257327,-2.2454155628562544,-2.768613016060451,-1.9685213951194171,-2.4719574696249746,-2.462976862242188,-4.169711643025271,-3.617743951144452,-4.049938987404013,1,0
2020-12-14,0.0,3.4486906886349704,-2.784935827396203,-3.269717826878395,-5.159527632196774,-2.2909250754081327,-3.0339127803105708,-4.060352932478858,-5.131031743454226,-5.425817330668231,-5.593970573721163,0.0,-1.2426922456334148,-2.3398357445476456,-2.865374026040154,-2.062158946659114,-2.567029453018967,-2.5578381715555896,-4.270648423486764,-3.7170417119201073,-4.151513943875045,-2.8575481138006764,1,0
2020-12-15,0.0,-6.090445661221212,-6.567222944391038,-8.400065898682609,-5.644678593467411,-6.359481618861713,-7.365644856835688,-8.378037282467455,-8.659902938573735,-8.818885417365733,-8.70199488854674,0.0,-1.0943994692308263,-1.6125139556479655,-0.8140897001324794,-1.3235820855672285,-1.3169704978605161,-3.0280099697602574,-2.4702895464556605,-2.8936883004994995,-1.6031588838073976,-1.0776661056376746,0,0
2020-12-16,0.0,-0.49019843013002684,-2.422769404799479,0.5332125471714309,-0.2314501183250558,-1.27215520331023,-2.3889164403280754,-2.6937616008543013,-2.86916626991081,-2.7741151972479874,-4.013102753487006,0.0,-0.5165507016609173,0.2853633774739419,-0.23316912026498668,-0.22878226030924848,-1.9548385913151038,-1.388061370204812,-1.8057399315651472,-0.5057481934776502,0.02610072799099028,0.9662764349375683,0,0
2020-12-17,0.0,-1.9389085262198387,1.0306399739727439,0.2626315410126919,-0.7799419983880311,-1.904132375362575,-2.2105613927861345,-2.3871352969480952,-2.293927942661637,-3.5304653159795394,-4.600125216224161,0.0,0.7996269111396495,0.2793917629851534,0.28271372656517646,-1.4419397504707867,-0.8736881255589647,-1.2866400354480667,0.011428518282582137,0.5436561084187337,1.486607980516129,4.383237996367294,0,1
2020-12-18,0.0,3.047675089942328,2.2601189171932834,1.2018063354153945,0.03877786515250592,-0.27645585340812107,-0.45913948665247883,-0.37264580299987926,-1.6090050027983303,-2.696975273827076,-3.2199761344990985,0.0,-0.5148026150433224,-0.5098516319697031,-2.2273944803187695,-1.664480769965691,-2.082520537905883,-0.788462495983721,-0.2596843910176118,0.6739001290538087,3.5694897564082795,1.374534533094561,1,1
2020-12-21,0.0,-0.7520900426132195,-1.7785281174398873,-2.8742339919356588,-3.1738020384698524,-3.34589712216662,-3.250015313114135,-4.476969365988631,-5.528978312912034,-6.049089224379847,-5.271543762823387,0.0,0.003919235401399351,-1.728930211078283,-1.15903829948124,-1.5763563187988308,-0.27164422669985,0.26266834303222253,1.2081616835652604,4.122416328838908,1.911090882875869,1.4634558065811005,0,1
2020-12-22,0.0,-1.03412109404274,-2.1463398863014396,-2.449738540119868,-2.6244308516718666,-2.5309179811305094,-3.759892993649635,-4.820598278234761,-5.34129207330324,-4.559011451985469,-5.0349685868749114,0.0,-1.7363840017898657,-1.1653445237716915,-1.583547458381021,-0.2761674418985054,0.2592287558678852,1.2066234611489088,4.126876517389015,1.9110163731976737,1.462446331514657,0.01904365201063296,0,1
2020-12-23,0.0,-1.1289675209560284,-1.4360039404034235,-1.6133318922502229,-1.523601965618655,-2.7486666973012035,-3.8156021728498017,-4.3342615784729235,-3.5497051303566747,-4.033363226741578,-4.021248291518455,0.0,0.5869340413708846,0.17712002954544004,1.5026119891079155,2.049448346663281,3.0243516780894515,5.967434258373754,3.726670605001238,3.2807029500461886,1.839537875222327,0.5655768337029348,0,1
2020-12-24,0.0,-0.3145386347649177,-0.49679938426966164,-0.4103145052536681,-1.644639192675533,-2.7304511633151356,-3.252605859662541,-2.456755682897132,-2.954442715463475,-2.944490854959541,-4.638769934584417,0.0,-0.4110670929720347,0.903379998659961,1.4443356667035843,2.406381311400727,5.3307416464571515,3.106742461858575,2.6615890481655,1.2251148150681526,-0.04025528703949055,-1.7797013733971638,0,1
2020-12-28,0.0,-0.1834715095268262,-0.09797726961610687,-1.3337355811387028,-2.4238155007167888,-2.946458431637746,-2.148192296198622,-2.6493421834573336,-2.6400057936127745,-4.341587911520434,-3.791984726540635,0.0,1.3075014775257183,1.8465214992895342,2.8067829991991147,5.711647659184453,3.5007292842876767,3.0599504673984583,1.6361666833293582,0.37889382596387033,-1.3553132154443746,-2.4477980191761386,0,1
2020-12-29,0.0,0.08495778478526805,-1.1522752466257327,-2.2454155628562544,-2.768613016060451,-1.9685213951194171,-2.4719574696249746,-2.462976862242188,-4.169711643025271,-3.617743951144452,-4.049938987404013,0.0,0.5315004246526233,1.4731175125375007,4.366042999373838,2.169754229187035,1.7263203533880422,0.2985021143141018,-0.9525285076801437,-2.659424891527316,-3.7407342759738387,-5.1579319887568555,0,1
2020-12-30,0.0,-1.2426922456334148,-2.3398357445476456,-2.865374026040154,-2.062158946659114,-2.567029453018967,-2.5578381715555896,-4.270648423486764,-3.7170417119201073,-4.151513943875045,-2.8575481138006764,0.0,0.9319909927961079,3.8136274104563648,1.6281536189241168,1.1846414331128807,-0.24160834555989208,-1.487321856448781,-3.179384605549533,-4.253767299238527,-5.662817511952417,-7.093445926242451,0,1
2020-12-31,0.0,-1.0943994692308263,-1.6125139556479655,-0.8140897001324794,-1.3235820855672285,-1.3169704978605161,-3.0280099697602574,-2.4702895464556605,-2.8936883004994995,-1.6031588838073976,-1.0776661056376746,0.0,2.8504679565621025,0.6924975730422497,0.2506679345099985,-1.1670488237112586,-2.3985389766180023,-4.058226557368117,-5.1163269094483335,-6.505629792472143,-7.910569839204466,-7.253971823083417,0,1
2021-01-04,0.0,-0.5165507016609173,0.2853633774739419,-0.23316912026498668,-0.22878226030924848,-1.9548385913151038,-1.388061370204812,-1.8057399315651472,-0.5057481934776502,0.02610072799099028,0.9662764349375683,0.0,-2.1486159427523006,-2.600621568952953,-4.041393094346276,-5.272052540875723,-6.890180778634933,-7.935130117130973,-9.312161891364777,-10.68718085446281,-10.018753155272583,-8.689713785486155,0,0
2021-01-05,0.0,0.7996269111396495,0.2793917629851534,0.28271372656517646,-1.4419397504707867,-0.8736881255589647,-1.2866400354480667,0.011428518282582137,0.5436561084187337,1.486607980516129,4.383237996367294,0.0,-0.44616371478303085,-1.875438369209807,-3.111863263566446,-4.76830344305373,-5.8275996133528265,-7.21969553297253,-8.623173875880951,-7.960940963687647,-6.594544508293441,-5.335800992233794,1,0
2021-01-06,0.0,-0.5148026150433224,-0.5098516319697031,-2.2273944803187695,-1.664480769965691,-2.082520537905883,-0.788462495983721,-0.2596843910176118,0.6739001290538087,3.5694897564082795,1.374534533094561,0.0,-1.420876735294646,-2.6532766911223575,-4.310632362475118,-5.3684201389731925,-6.757752207377573,-8.161181003728865,-7.503018112211766,-6.134679989726321,-4.871211751969451,-6.18698170094064,1,0
2021-01-07,0.0,0.003919235401399351,-1.728930211078283,-1.15903829948124,-1.5763563187988308,-0.27164422669985,0.26266834303222253,1.2081616835652604,4.122416328838908,1.911090882875869,1.4634558065811005,0.0,-1.2238151229626766,-2.889471686807777,-3.945994594343633,-5.331210816987165,-6.73908216946933,-6.091526816193129,-4.71261653992183,-3.430191903052788,-4.74466666978479,-5.223728720666552,1,0
2021-01-08,0.0,-1.7363840017898657,-1.1653445237716915,-1.583547458381021,-0.2761674418985054,0.2592287558678852,1.2066234611489088,4.126876517389015,1.9110163731976737,1.462446331514657,0.01904365201063296,0.0,-1.685046174828008,-2.748236155938084,-4.140074259647261,-5.5621148153745485,-4.918952729246521,-3.5207995976332906,-2.2126098169802457,-3.535619625302197,-4.021672510361253,-4.449100106207737,1,0
2021-01-11,0.0,0.5869340413708846,0.17712002954544004,1.5026119891079155,2.049448346663281,3.0243516780894515,5.967434258373754,3.726670605001238,3.2807029500461886,1.839537875222327,0.5655768337029348,0.0,-1.087953132801593,-2.50922013720474,-3.971835278488421,-3.3256516790239186,-1.8800673199300149,-0.516484754371678,-1.8706480106359478,-2.373617397449622,-2.8049811743607105,-1.3757125059067314,1,0
2021-01-12,0.0,-0.4110670929720347,0.903379998659961,1.4443356667035843,2.406381311400727,5.3307416464571515,3.106742461858575,2.6615890481655,1.2251148150681526,-0.04025528703949055,-1.7797013733971638,0.0,-1.433794065289298,-2.9160116217262844,-2.2708884054083467,-0.8011497884423969,0.592164270463144,-0.7759655722154754,-1.2876087702827035,-1.7195163680113716,-0.27679429128809085,-1.7002320578462848,1,0
2021-01-13,0.0,1.3075014775257183,1.8465214992895342,2.8067829991991147,5.711647659184453,3.5007292842876767,3.0599504673984583,1.6361666833293582,0.37889382596387033,-1.3553132154443746,-2.4477980191761386,0.0,-1.5057621860670025,-0.8631580111461727,0.6362049116174893,2.066697493037436,0.6823280962915905,0.16001907342439337,-0.2718706979776033,1.1862798402132988,-0.2921929225734605,2.8071291628129194,1,1
2021-01-14,0.0,0.5315004246526233,1.4731175125375007,4.366042999373838,2.169754229187035,1.7263203533880422,0.2985021143141018,-0.9525285076801437,-2.659424891527316,-3.7407342759738387,-5.1579319887568555,0.0,0.6438899638277011,2.184394799923748,3.6637173949779553,2.2533005288701116,1.7162877421231977,1.2817340277780802,2.7655189911288893,1.2187338453309646,4.392277514480066,5.675860408401508,1,1
2021-01-15,0.0,0.9319909927961079,3.8136274104563648,1.6281536189241168,1.1846414331128807,-0.24160834555989208,-1.487321856448781,-3.179384605549533,-4.253767299238527,-5.662817511952417,-7.093445926242451,0.0,1.536419951547391,3.0078017259887537,1.5961160434259254,1.0606832145663185,0.6234276240023542,2.109309481293852,0.5782650792025278,3.747933960852131,5.044988699148279,5.044775377152267,1,1
2021-01-19,0.0,2.8504679565621025,0.6924975730422497,0.2506679345099985,-1.1670488237112586,-2.3985389766180023,-4.058226557368117,-5.1163269094483335,-6.505629792472143,-7.910569839204466,-7.253971823083417,0.0,1.4166780470984748,0.03692398260852503,-0.481630994648112,-0.9143354656356044,0.5396972457757188,-0.9171321785354691,2.165291574665997,3.46146594770671,3.437698587594013,4.694841437232318,1,1
2021-01-20,0.0,-2.1486159427523006,-2.600621568952953,-4.041393094346276,-5.272052540875723,-6.890180778634933,-7.935130117130973,-9.312161891364777,-10.68718085446281,-10.018753155272583,-8.689713785486155,0.0,-1.3424759552508054,-1.8427068233260384,-2.268552676674724,-0.8522114414408498,-2.233857065666627,0.7512142035183171,2.0381235642693776,1.9936774690517118,3.1976939093823127,1.2803752146052298,0,1
2021-01-21,0.0,-0.44616371478303085,-1.875438369209807,-3.111863263566446,-4.76830344305373,-5.8275996133528265,-7.21969553297253,-8.623173875880951,-7.960940963687647,-6.594544508293441,-5.335800992233794,0.0,-0.5109703598297337,-0.9375685144534794,0.4955582874121611,-0.9393370732662087,2.0983072545955492,3.3764878550640782,3.352500001580527,4.591025545722933,2.6496034627429808,2.8926442571917286,0,1
2021-01-22,0.0,-1.420876735294646,-2.6532766911223575,-4.310632362475118,-5.3684201389731925,-6.757752207377573,-8.161181003728865,-7.503018112211766,-6.134679989726321,-4.871211751969451,-6.18698170094064,0.0,-0.42822791375799096,1.0158618515921467,-0.4440368210505454,2.623385578291386,3.902222084242342,3.886033098009902,5.14173190478431,3.184933418137926,3.4355386185035166,1.6369862190590108,0,1
2021-01-25,0.0,-1.2238151229626766,-2.889471686807777,-3.945994594343633,-5.331210816987165,-6.73908216946933,-6.091526816193129,-4.71261653992183,-3.430191903052788,-4.74466666978479,-5.223728720666552,0.0,1.4444148212751968,-0.027444372865571776,3.046092736738658,4.3176527656474555,4.308079607959082,5.570445499944654,3.6127710684659298,3.8681638011963795,2.0700891997702717,1.77501265529799,0,1
2021-01-26,0.0,-1.685046174828008,-2.748236155938084,-4.140074259647261,-5.5621148153745485,-4.918952729246521,-3.5207995976332906,-2.2126098169802457,-3.535619625302197,-4.021672510361253,-4.449100106207737,0.0,-1.4164195180740626,1.6042475241684395,2.8866365967544074,2.855101934068111,4.081894610538017,2.147828357410532,2.384556706922483,0.6038892647711348,0.30193361595822177,2.5938131851952804,0,1
2021-01-27,0.0,-1.087953132801593,-2.50922013720474,-3.971835278488421,-3.3256516790239186,-1.8800673199300149,-0.516484754371678,-1.8706480106359478,-2.373617397449622,-2.8049811743607105,-1.3757125059067314,0.0,3.160409466646889,4.467245468056596,4.4578511178538935,5.7561787691137525,3.7433758814441536,4.00627704469496,2.1576552004132257,1.8544812376395488,4.239748278218811,4.4748898757295414,0,1
2021-01-28,0.0,-1.433794065289298,-2.9160116217262844,-2.2708884054083467,-0.8011497884423969,0.592164270463144,-0.7759655722154754,-1.2876087702827035,-1.7195163680113716,-0.27679429128809085,-1.7002320578462848,0.0,1.3135341953185695,1.2567386911475615,2.4614658580074944,0.5255218592081712,0.7446695625596988,-1.0426138474182707,-1.3567909812337833,0.9372231329119369,1.1641063685604265,2.995811545276942,0,1
2021-01-29,0.0,-1.5057621860670025,-0.8631580111461727,0.6362049116174893,2.066697493037436,0.6823280962915905,0.16001907342439337,-0.2718706979776033,1.1862798402132988,-0.2921929225734605,2.8071291628129194,0.0,-0.07836403655731128,1.1151858237157395,-0.8341626445219763,-0.628445584023217,-2.4322058396852158,-2.7585695643185724,-0.4487477388302832,-0.21997410718286758,1.620801230105008,1.1429857620405457,1,0
2021-02-01,0.0,0.6438899638277011,2.184394799923748,3.6637173949779553,2.2533005288701116,1.7162877421231977,1.2817340277780802,2.7655189911288893,1.2187338453309646,4.392277514480066,5.675860408401508,0.0,1.1766733822359332,-0.7432808308753822,-0.5398072305850374,-2.3161329737637515,-2.637000452582371,-0.3620040983569579,-0.1366984960332278,1.676527252012225,1.2062747760710426,0.9176232138406357,1,0
2021-02-02,0.0,1.536419951547391,3.0078017259887537,1.5961160434259254,1.0606832145663185,0.6234276240023542,2.109309481293852,0.5782650792025278,3.747933960852131,5.044988699148279,5.044775377152267,0.0,-1.8730689696977556,-1.6871506532428309,-3.4235522530100693,-3.7450137630550646,-1.5256367962737332,-1.3055641643240405,0.4603408167112337,-0.0036765098226578807,-0.28443360751744295,-0.06973850656090086,1,0
2021-02-03,0.0,1.4166780470984748,0.03692398260852503,-0.481630994648112,-0.9143354656356044,0.5396972457757188,-0.9171321785354691,2.165291574665997,3.46146594770671,3.437698587594013,4.694841437232318,0.0,0.20996838051420474,-1.5502481269515591,-1.8631910721484022,0.3940564312591177,0.617427386953818,2.4184282591260176,1.9552247810238659,1.6682871748576127,1.8862284305507977,2.1945245733118757,1,1
2021-02-04,0.0,-1.3424759552508054,-1.8427068233260384,-2.268552676674724,-0.8522114414408498,-2.233857065666627,0.7512142035183171,2.0381235642693776,1.9936774690517118,3.1976939093823127,1.2803752146052298,0.0,-1.738515851891075,-2.0489968196924115,0.17961985156228333,0.40020676085269713,2.177829572435079,1.7195614710402123,1.436412966106139,1.6516347839000358,1.9569180469184475,2.381909578727406,1,1
2021-02-05,0.0,-0.5109703598297337,-0.9375685144534794,0.4955582874121611,-0.9393370732662087,2.0983072545955492,3.3764878550640782,3.352500001580527,4.591025545722933,2.6496034627429808,2.8926442571917286,0.0,-0.30168612426592084,1.9554234763281908,2.1784141317963144,3.983287816271337,3.5271195429356146,3.2390842031186775,3.456677260958217,3.75826332164959,4.185773685079369,3.126711916939008,1,1
2021-02-08,0.0,-0.42822791375799096,1.0158618515921467,-0.4440368210505454,2.623385578291386,3.902222084242342,3.886033098009902,5.14173190478431,3.184933418137926,3.4355386185035166,1.6369862190590108,0.0,2.2469265389435864,2.4688406371902203,4.2663376225298215,3.813575115045994,3.5266247460503752,3.743171709109027,4.042110124512829,4.467198179975092,3.410440041137369,0.7940467621234524,1,1
2021-02-09,0.0,1.4444148212751968,-0.027444372865571776,3.046092736738658,4.3176527656474555,4.308079607959082,5.570445499944654,3.6127710684659298,3.8681638011963795,2.0700891997702717,1.77501265529799,0.0,0.2180334379335585,1.974290135941588,1.5206168738539616,1.240926334790176,1.4536541884523824,1.7561065580168724,2.1763898880282784,1.158719888129116,-1.4057059668883474,-0.5435685731000129,1,1
2021-02-10,0.0,-1.4164195180740626,1.6042475241684395,2.8866365967544074,2.855101934068111,4.081894610538017,2.147828357410532,2.384556706922483,0.6038892647711348,0.30193361595822177,2.5938131851952804,0.0,1.752677801495171,1.2988085868877919,1.0197550652146292,1.2321633819896642,1.5350280315493572,1.9549456026246748,0.9408213229754879,-1.619178131281501,-0.7610724737454406,1.3241651821547427,1,0
2021-02-11,0.0,3.160409466646889,4.467245468056596,4.4578511178538935,5.7561787691137525,3.7433758814441536,4.00627704469496,2.1576552004132257,1.8544812376395488,4.239748278218811,4.4748898757295414,0.0,-0.4534252548234823,-0.7262411962132445,-0.5172788213388064,-0.2124936832570455,0.20270556824043,-0.7790596772325495,-3.2929980803390335,-2.4703954046358567,-0.3822255227806428,-0.26839101878900173,1,0
2021-02-12,0.0,1.3135341953185695,1.2567386911475615,2.4614658580074944,0.5255218592081712,0.7446695625596988,-1.0426138474182707,-1.3567909812337833,0.9372231329119369,1.1641063685604265,2.995811545276942,0.0,-0.27302579822620765,-0.0642455273057686,0.2384856233841554,0.652775038360313,-0.33229727278399346,-2.845230236278293,-2.017696674453936,0.05903328815689113,0.17075191903657627,0.27329351156594095,1,0
2021-02-16,0.0,-0.07836403655731128,1.1151858237157395,-0.8341626445219763,-0.628445584023217,-2.4322058396852158,-2.7585695643185724,-0.4487477388302832,-0.21997410718286758,1.620801230105008,1.1429857620405457,0.0,0.20938366065985556,0.5119077480144619,0.9270629434200837,-0.06337471746243528,-2.5842873939867443,-1.7509452776841574,0.325966340506163,0.4367877498529773,0.5459845489593841,-0.008915619006769848,0,0
2021-02-17,0.0,1.1766733822359332,-0.7432808308753822,-0.5398072305850374,-2.3161329737637515,-2.637000452582371,-0.3620040983569579,-0.1366984960332278,1.676527252012225,1.2062747760710426,0.9176232138406357,0.0,0.3029114974536082,0.7177177311382557,-0.26936042083623923,-2.786069262535012,-1.9565448906100695,0.12179869119317432,0.23339101286092223,0.3375739337880365,-0.2146675724383158,-0.819579836617172,0,0
2021-02-18,0.0,-1.8730689696977556,-1.6871506532428309,-3.4235522530100693,-3.7450137630550646,-1.5256367962737332,-1.3055641643240405,0.4603408167112337,-0.0036765098226578807,-0.28443360751744295,-0.06973850656090086,0.0,0.41594490259173594,-0.5701626840059538,-3.0907437775817637,-2.2634821192525814,-0.1748055036141789,-0.06164848280195878,0.03565218595949704,-0.5149126154669996,-1.116745715491548,0.49107981699063386,0,0
2021-02-19,0.0,0.20996838051420474,-1.5502481269515591,-1.8631910721484022,0.3940564312591177,0.617427386953818,2.4184282591260176,1.9552247810238659,1.6682871748576127,1.8862284305507977,2.1945245733118757,0.0,-0.980631235393765,-3.4959341997849713,-2.675254860153745,-0.581173540604156,-0.46634445205891994,-0.37889890054377073,-0.9248485504182465,-1.5199261003308262,0.08964664206761608,0.2665715201362737,1,0
2021-02-22,0.0,-1.738515851891075,-2.0489968196924115,0.17961985156228333,0.40020676085269713,2.177829572435079,1.7195614710402123,1.436412966106139,1.6516347839000358,1.9569180469184475,2.381909578727406,0.0,-2.5589528419777583,-1.712277808349687,0.3944459846185714,0.5066413461081478,0.6189941391977932,0.05517956509118209,-0.563542463685939,1.0615687302983183,1.2605694791072768,4.252038122051524,1,1
2021-02-23,0.0,-0.30168612426592084,1.9554234763281908,2.1784141317963144,3.983287816271337,3.5271195429356146,3.2390842031186775,3.456677260958217,3.75826332164959,4.185773685079369,3.126711916939008,0.0,0.8975638888003052,2.991898382990301,3.094600181176772,3.2710239664106364,2.671841900844187,2.003516984446449,3.634527223816669,3.888137217011768,6.940300079670942,5.362208971700921,1,1
2021-02-24,0.0,2.2469265389435864,2.4688406371902203,4.2663376225298215,3.813575115045994,3.5266247460503752,3.743171709109027,4.042110124512829,4.467198179975092,3.410440041137369,0.7940467621234524,0.0,2.0741441359727495,2.178876269963033,2.3314662554398042,1.7512870946007633,1.1076094079696417,2.717611233121965,2.949704236106415,5.945675183340834,4.386901815156829,4.463665201548125,1,1
2021-02-25,0.0,0.2180334379335585,1.974290135941588,1.5206168738539616,1.240926334790176,1.4536541884523824,1.7561065580168724,2.1763898880282784,1.158719888129116,-1.4057059668883474,-0.5435685731000129,0.0,0.11501461458447687,0.21888171840607495,-0.34633175936377747,-0.964930334538237,0.6789746882577249,0.87199441085614,3.8903986324012707,2.296370285900317,2.3607158405962325,1.5413063753421454,1,1
2021-02-26,0.0,1.752677801495171,1.2988085868877919,1.0197550652146292,1.2321633819896642,1.5350280315493572,1.9549456026246748,0.9408213229754879,-1.619178131281501,-0.7610724737454406,1.3241651821547427,0.0,0.10149621159210831,-0.4648044595559344,-1.084106437462436,0.5672903719842995,0.7587822682545643,3.7887158263836946,2.187289889677162,2.251160107479603,1.427562501166257,1.4652994083518105,0,1
2021-03-01,0.0,-0.4534252548234823,-0.7262411962132445,-0.5172788213388064,-0.2124936832570455,0.20270556824043,-0.7790596772325495,-3.2929980803390335,-2.4703954046358567,-0.3822255227806428,-0.26839101878900173,0.0,-0.5517928727138679,-1.1548208486851794,0.45790428573488695,0.6428961839191768,3.6000119340443657,2.035976029174742,2.097707048377919,1.2930160964266804,1.3297380390589533,2.415706555022725,0,1
2021-03-02,0.0,-0.27302579822620765,-0.0642455273057686,0.2384856233841554,0.652775038360313,-0.33229727278399346,-2.845230236278293,-2.017696674453936,0.05903328815689113,0.17075191903657627,0.27329351156594095,0.0,-0.6186507193616204,1.0089003375566628,1.2070617091637617,4.201969022280812,2.62418889956691,2.6901488045888917,1.8802222646151567,1.9180286132917457,3.022668695475214,2.3186158543233875,0,1
2021-03-03,0.0,0.20938366065985556,0.5119077480144619,0.9270629434200837,-0.06337471746243528,-2.5842873939867443,-1.7509452776841574,0.325966340506163,0.4367877498529773,0.5459845489593841,-0.008915619006769848,0.0,1.651037464856662,1.8652218372760325,4.915520953932836,3.315700436992844,3.3868145614524,2.567681818400885,2.606890898158645,3.737443413353429,3.018540711142936,3.2037047664188005,0,1
2021-03-04,0.0,0.3029114974536082,0.7177177311382557,-0.26936042083623923,-2.786069262535012,-1.9565448906100695,0.12179869119317432,0.23339101286092223,0.3375739337880365,-0.2146675724383158,-0.819579836617172,0.0,0.18143459215774538,3.231320718071799,1.6128087424598534,1.6734962634400512,0.8391872054175931,0.876528308024831,1.992413434597312,1.2784486117716014,1.4580581022944141,2.48647904924762,0,1
2021-03-05,0.0,0.41594490259173594,-0.5701626840059538,-3.0907437775817637,-2.2634821192525814,-0.1748055036141789,-0.06164848280195878,0.03565218595949704,-0.5149126154669996,-1.116745715491548,0.49107981699063386,0.0,2.9872002990990447,1.3999585649368944,1.4582991814825417,0.6395244503176261,0.675901448725674,1.7673191744522332,1.068539769418999,1.2438739910089218,2.253548663807546,1.9891334803760288,0,1
2021-03-08,0.0,-0.980631235393765,-3.4959341997849713,-2.675254860153745,-0.581173540604156,-0.46634445205891994,-0.37889890054377073,-0.9248485504182465,-1.5199261003308262,0.08964664206761608,0.2665715201362737,0.0,-1.5905360386742646,-1.5514229250269946,-2.3815322399054666,-2.349077646844853,-1.3033064194063124,-1.9806131014350348,-1.818180035748831,-0.7879048380149809,-1.0441929527563325,-2.297531621317657,0,0
2021-03-09,0.0,-2.5589528419777583,-1.712277808349687,0.3944459846185714,0.5066413461081478,0.6189941391977932,0.05517956509118209,-0.563542463685939,1.0615687302983183,1.2605694791072768,4.252038122051524,0.0,0.048789961811743665,-0.7661119122000858,-0.7319558642585873,0.3261743973725162,-0.35488149470424046,-0.18747245148859903,0.8204924406153575,0.5627846304726435,-0.6814500566739643,0.47151787877012796,1,0
2021-03-10,0.0,0.8975638888003052,2.991898382990301,3.094600181176772,3.2710239664106364,2.671841900844187,2.003516984446449,3.634527223816669,3.888137217011768,6.940300079670942,5.362208971700921,0.0,-0.8101284794709742,-0.7762433582252566,0.2747161671796634,-0.40185174875910534,-0.23566870941932705,0.7664979241427741,0.5104883702742578,-0.7260304354861649,0.4198447403202328,2.408621742766697,1,1
2021-03-11,0.0,2.0741441359727495,2.178876269963033,2.3314662554398042,1.7512870946007633,1.1076094079696417,2.717611233121965,2.949704236106415,5.945675183340834,4.386901815156829,4.463665201548125,0.0,0.034628280208268386,1.0884347909958367,0.4121372378689425,0.5802810292247212,1.5681178567137959,1.3122100991930725,0.08416202279848135,1.2212445674071175,3.2010825806853527,2.5417564438063143,1,1
2021-03-12,0.0,0.11501461458447687,0.21888171840607495,-0.34633175936377747,-0.964930334538237,0.6789746882577249,0.87199441085614,3.8903986324012707,2.296370285900317,2.3607158405962325,1.5413063753421454,0.0,1.0521490150811452,0.37682574534022006,0.5446408282142263,1.5316487871950992,1.2761097154924026,0.049490501313028276,1.1852905073744997,3.162623771640099,2.5040154820976905,3.242242785904384,1,1
2021-03-15,0.0,0.10149621159210831,-0.4648044595559344,-1.084106437462436,0.5672903719842995,0.7587822682545643,3.7887158263836946,2.187289889677162,2.251160107479603,1.427562501166257,1.4652994083518105,0.0,-0.6624020105927589,-0.500368454924886,0.48541846233469876,0.2347693763320331,-0.9784955415172893,0.14614199008587403,2.095969811638122,1.44306694269355,2.1519964085274093,2.8619826863908804,1,1
2021-03-16,0.0,-0.5517928727138679,-1.1548208486851794,0.45790428573488695,0.6428961839191768,3.6000119340443657,2.035976029174742,2.097707048377919,1.2930160964266804,1.3297380390589533,2.415706555022725,0.0,0.16529524445971538,1.1493395656277492,0.8962220375484452,-0.3224329836779011,0.8064276195616211,2.7687603369604528,2.113898442025819,2.839643115991902,3.554913417022902,1.3011594600673242,1,1
2021-03-17,0.0,-0.6186507193616204,1.0089003375566628,1.2070617091637617,4.201969022280812,2.62418889956691,2.6901488045888917,1.8802222646151567,1.9180286132917457,3.022668695475214,2.3186158543233875,0.0,0.9820332648032075,0.7301554846907915,-0.4841393349962879,0.6408730375987647,2.5952371846274125,1.9424861070608643,2.662264133974351,3.374450063622004,1.1313840092909242,0.796252639933801,1,1
2021-03-18,0.0,1.651037464856662,1.8652218372760325,4.915520953932836,3.315700436992844,3.3868145614524,2.567681818400885,2.606890898158645,3.737443413353429,3.018540711142936,3.2037047664188005,0.0,-0.25253347230506806,-1.4797859143406726,-0.341608862982104,1.6278471356155102,0.966718422836274,1.6736813756834252,2.3902726939337584,0.13923118612303353,-0.20117844146288522,1.405591416086716,1,1
2021-03-19,0.0,0.18143459215774538,3.231320718071799,1.6128087424598534,1.6734962634400512,0.8391872054175931,0.876528308024831,1.992413434597312,1.2784486117716014,1.4580581022944141,2.48647904924762,0.0,-1.2293237367949508,-0.08952192509174707,1.884729834405989,1.2228459628678356,1.9362365218299287,2.6548530564373234,0.39593629316395496,0.05538684123790305,1.6702399091695463,1.4882340144188433,1,1
2021-03-22,0.0,2.9872002990990447,1.3999585649368944,1.4582991814825417,0.6395244503176261,0.675901448725674,1.7673191744522332,1.068539769418999,1.2438739910089218,2.253548663807546,1.9891334803760288,0.0,1.1364077531291543,3.114410026548099,2.455412350273119,3.192972393495235,3.914312773400723,1.6394999794754432,1.301644183352372,2.939783320233124,2.7750157588516946,2.493748472124856,1,1
2021-03-23,0.0,-1.5905360386742646,-1.5514229250269946,-2.3815322399054666,-2.349077646844853,-1.3033064194063124,-1.9806131014350348,-1.818180035748831,-0.7879048380149809,-1.0441929527563325,-2.297531621317657,0.0,1.976835428284378,1.3143882947940577,2.0303803851171334,2.7500366924872672,0.48731531230378367,0.14656441778190543,1.7650089586724644,1.5840504336263326,1.3049786684124483,-0.18942234429243854,0,1
2021-03-24,0.0,0.048789961811743665,-0.7661119122000858,-0.7319558642585873,0.3261743973725162,-0.35488149470424046,-0.18747245148859903,0.8204924406153575,0.5627846304726435,-0.6814500566739643,0.47151787877012796,0.0,-0.6633201234692554,0.009993461445573448,0.7212319318848603,-1.503302288293937,-1.846434926253374,-0.2743526373610301,-0.48184522035924715,-0.754992775961123,-2.231335450851077,-1.4205249950309504,0,0
2021-03-25,0.0,-0.8101284794709742,-0.7762433582252566,0.2747161671796634,-0.40185174875910534,-0.23566870941932705,0.7664979241427741,0.5104883702742578,-0.7260304354861649,0.4198447403202328,2.408621742766697,0.0,0.6852999748661042,1.3969443739385934,-0.8328234110180841,-1.1739982720763382,0.4082590359260032,0.21033825325160205,-0.06386482618817002,-1.5412456913201198,-0.7263785015718067,-0.5419673965164602,1,0
2021-03-26,0.0,0.034628280208268386,1.0884347909958367,0.4121372378689425,0.5802810292247212,1.5681178567137959,1.3122100991930725,0.08416202279848135,1.2212445674071175,3.2010825806853527,2.5417564438063143,0.0,0.6958966699303152,-1.4805957423989062,-1.8163580056735442,-0.2783207224035886,-0.4814778854282111,-0.7487204737282387,-2.193214802421536,-1.3999460073051293,-1.225094844572657,-0.6456995680531654,1,0
2021-03-29,0.0,1.0521490150811452,0.37682574534022006,0.5446408282142263,1.5316487871950992,1.2761097154924026,0.049490501313028276,1.1852905073744997,3.162623771640099,2.5040154820976905,3.242242785904384,0.0,-2.1611315341137733,-2.4973587771972467,-0.9768158988695913,-1.1888524919695056,-1.4537856838727072,-2.8905817522001582,-2.105114839919925,-1.936831526419415,-1.3608029438261484,-1.1890824822552437,1,0
2021-03-30,0.0,-0.6624020105927589,-0.500368454924886,0.48541846233469876,0.2347693763320331,-0.9784955415172893,0.14614199008587403,2.095969811638122,1.44306694269355,2.1519964085274093,2.8619826863908804,0.0,-0.3367392916208898,1.2487225177201833,1.0637915994888814,0.7899071566834421,-0.6800165644195415,0.1350396705364023,0.32530368561712475,0.9155091786153795,1.099204182184363,1.2604224283817516,1,0
2021-03-31,0.0,0.16529524445971538,1.1493395656277492,0.8962220375484452,-0.3224329836779011,0.8064276195616211,2.7687603369604528,2.113898442025819,2.839643115991902,3.554913417022902,1.3011594600673242,0.0,1.5890384459722058,1.40907284936574,1.1349218522951605,-0.33411770371381566,0.48218983852880326,0.6750855708589749,1.2650719361249703,1.4498724890566574,1.6096150358086003,1.3193240404296915,1,0
2021-04-01,0.0,0.9820332648032075,0.7301554846907915,-0.4841393349962879,0.6408730375987647,2.5952371846274125,1.9424861070608643,2.662264133974351,3.374450063622004,1.1313840092909242,0.796252639933801,0.0,-0.1974364271532809,-0.4626670875740626,-1.894401030641995,-1.1067312043680788,-0.931203490642865,-0.3568165755738373,-0.18223064480315054,-0.02028429877530913,-0.3203475169659562,0.1324989023329497,1,0
2021-04-05,0.0,-0.25253347230506806,-1.4797859143406726,-0.341608862982104,1.6278471356155102,0.966718422836274,1.6736813756834252,2.3902726939337584,0.13923118612303353,-0.20117844146288522,1.405591416086716,0.0,-0.2621554020619857,-1.675976690358063,-0.8971799556841632,-0.72230052008644,-0.15502326672589617,0.018063770892826403,0.1772069096130897,-0.11697416754850165,0.3310172250329222,0.4317326281418499,1,0
2021-04-06,0.0,-1.2293237367949508,-0.08952192509174707,1.884729834405989,1.2228459628678356,1.9362365218299287,2.6548530564373234,0.39593629316395496,0.05538684123790305,1.6702399091695463,1.4882340144188433,0.0,-1.4185342991102958,-0.6358155301240903,-0.4582624135052953,0.1110093246863273,0.2855991536137257,0.44422314458025713,0.15193588127053426,0.6025156228445887,0.7021600279854798,2.1134450208396016,1,1
2021-04-07,0.0,1.1364077531291543,3.114410026548099,2.455412350273119,3.192972393495235,3.914312773400723,1.6394999794754432,1.301644183352372,2.939783320233124,2.7750157588516946,2.493748472124856,0.0,0.7988594733632302,0.989837149062545,1.5661524433185867,1.7477791373976095,1.902483249137256,1.6225479263708196,2.0842284276731133,2.1773339916300363,3.5968143800888344,3.678032613039237,1,1
2021-04-08,0.0,1.976835428284378,1.3143882947940577,2.0303803851171334,2.7500366924872672,0.48731531230378367,0.14656441778190543,1.7650089586724644,1.5840504336263326,1.3049786684124483,-0.18942234429243854,0.0,0.18258135569082545,0.7521011024495855,0.9289173768605365,1.0850165608502285,0.7996432615642932,1.252855905121752,1.3491167554228896,2.7569305774542183,2.829756893838017,3.918394239252025,1,1
2021-04-09,0.0,-0.6633201234692554,0.009993461445573448,0.7212319318848603,-1.503302288293937,-1.846434926253374,-0.2743526373610301,-0.48184522035924715,-0.754992775961123,-2.231335450851077,-1.4205249950309504,0.0,0.5641701213465187,0.7387188041103974,0.8940835698921799,0.609404186799499,1.057672231408477,1.1539957788259252,2.5497385349699675,2.6201906937509074,3.700218236977979,3.914305792750164,0,1
2021-04-12,0.0,0.6852999748661042,1.3969443739385934,-0.8328234110180841,-1.1739982720763382,0.4082590359260032,0.21033825325160205,-0.06386482618817002,-1.5412456913201198,-0.7263785015718067,-0.5419673965164602,0.0,0.1717547203944254,0.3285792499522489,0.039221637517503405,0.4830160303158233,0.5818369261510573,1.9738696523187167,2.0387096793448056,3.1181127663181587,3.3248981628405496,2.0099776984623317,0,1
2021-04-13,0.0,0.6958966699303152,-1.4805957423989062,-1.8163580056735442,-0.2783207224035886,-0.4814778854282111,-0.7487204737282387,-2.193214802421536,-1.3999460073051293,-1.225094844572657,-0.6456995680531654,0.0,0.1567410245726223,-0.13306177687600051,0.3078983621935816,0.40714292426962695,1.7934021157714597,1.856330948779603,2.9319371927910773,3.13582662903401,1.8271562998798234,1.9051954150268238,0,1
2021-04-14,0.0,-2.1611315341137733,-2.4973587771972467,-0.9768158988695913,-1.1888524919695056,-1.4537856838727072,-2.8905817522001582,-2.105114839919925,-1.936831526419415,-1.3608029438261484,-1.1890824822552437,0.0,-0.2922783501816659,0.14922258546857248,0.24956405809096138,1.6404047887732045,1.702026652377529,2.781815059388086,2.9844980600128537,1.6722373039101843,1.7505078828356933,0.7450166915975693,0,1
2021-04-15,0.0,-0.3367392916208898,1.2487225177201833,1.0637915994888814,0.7899071566834421,-0.6800165644195415,0.1350396705364023,0.32530368561712475,0.9155091786153795,1.099204182184363,1.2604224283817516,0.0,0.43896872336687526,0.5369529372139683,1.9145519880093471,1.9783493557608434,3.0467137104584427,3.2508953370267095,1.9497885907877845,2.0273622155882944,1.02977461969412,3.7161367510343384,0,1
2021-04-16,0.0,1.5890384459722058,1.40907284936574,1.1349218522951605,-0.33411770371381566,0.48218983852880326,0.6750855708589749,1.2650719361249703,1.4498724890566574,1.6096150358086003,1.3193240404296915,0.0,0.09951763527584229,1.4691319766708688,1.5284193845286307,2.592305786512103,2.790165347614127,1.4986077630388377,1.5756594702643336,0.5863561005169401,3.2484583525559283,3.3614010443086504,0,1
2021-04-19,0.0,-0.1974364271532809,-0.4626670875740626,-1.894401030641995,-1.1067312043680788,-0.931203490642865,-0.3568165755738373,-0.18223064480315054,-0.02028429877530913,-0.3203475169659562,0.1324989023329497,0.0,1.3762247250777677,1.4348450507617765,2.504260974982076,2.7018923906500767,1.4045634352976337,1.4819703846515027,0.48846826633003637,3.161418393288514,3.2755775604811403,3.9320002598295813,0,1
2021-04-20,0.0,-0.2621554020619857,-1.675976690358063,-0.8971799556841632,-0.72230052008644,-0.15502326672589617,0.018063770892826403,0.1772069096130897,-0.11697416754850165,0.3310172250329222,0.4317326281418499,0.0,0.0454964500573346,1.1202262304501593,1.3015551221533617,0.01073057673635125,0.0878999457786771,-0.8975651818008112,1.7475593467529826,1.8709445546013357,2.5190323356708086,4.048299232481535,0,1
2021-04-21,0.0,-1.4185342991102958,-0.6358155301240903,-0.4582624135052953,0.1110093246863273,0.2855991536137257,0.44422314458025713,0.15193588127053426,0.6025156228445887,0.7021600279854798,2.1134450208396016,0.0,1.0647557306576774,1.2438439019422836,-0.034583110025730335,0.04185000412934359,-0.93405074508382,1.6851988327575058,1.8077184422609927,2.4494173271486983,3.9642036062495323,2.5694131819934753,1,1
2021-04-22,0.0,0.7988594733632302,0.989837149062545,1.5661524433185867,1.7477791373976095,1.902483249137256,1.6225479263708196,2.0842284276731133,2.1773339916300363,3.5968143800888344,3.678032613039237,0.0,0.16721151282048563,-1.1112968331069746,-1.0347419960820183,-2.0083322349698713,0.5998849220678171,0.7300198543193686,1.3678435196250882,2.8876559695436654,1.4941135327906097,0.021526113573096195,1,1
2021-04-23,0.0,0.18258135569082545,0.7521011024495855,0.9289173768605365,1.0850165608502285,0.7996432615642932,1.252855905121752,1.3491167554228896,2.7569305774542183,2.829756893838017,3.918394239252025,0.0,-1.2628928867221278,-1.1872551494703112,-2.148590181117887,0.42605275173114654,0.5557652471594244,1.1851979274647455,2.687203914405877,1.310886997118381,-0.14471984376343194,-0.5921332184494479,1,1
2021-04-26,0.0,0.5641701213465187,0.7387188041103974,0.8940835698921799,0.609404186799499,1.057672231408477,1.1539957788259252,2.5497385349699675,2.6201906937509074,3.700218236977979,3.914305792750164,0.0,0.07619278382731297,-0.8967631650659362,1.7147374670621411,1.83663424213775,2.4764722247531683,3.9864118342627903,2.5958959957598062,1.134702864743634,0.6918286565864133,1.6554384622163587,1,1
2021-04-27,0.0,0.1717547203944254,0.3285792499522489,0.039221637517503405,0.4830160303158233,0.5818369261510573,1.9738696523187167,2.0387096793448056,3.1181127663181587,3.3248981628405496,2.0099776984623317,0.0,-0.9723596130776496,1.6371986659115374,1.7595799198840372,2.398859089263601,3.908482449618221,2.5186735645331484,1.0576603483499687,0.6144647875560889,1.5783511508479149,-0.3367354794283499,1,1
2021-04-28,0.0,0.1567410245726223,-0.13306177687600051,0.3078983621935816,0.40714292426962695,1.7934021157714597,1.856330948779603,2.9319371927910773,3.13582662903401,1.8271562998798234,1.9051954150268238,0.0,2.6440797982368744,2.7606499441897907,3.4094572950749984,4.928628520805311,3.524661913055574,2.0560367672293767,1.6153850421641132,2.579190920277777,0.6351123111036153,0.1383499797148029,1,1
2021-04-29,0.0,-0.2922783501816659,0.14922258546857248,0.24956405809096138,1.6404047887732045,1.702026652377529,2.781815059388086,2.9844980600128537,1.6722373039101843,1.7505078828356933,0.7450166915975693,0.0,0.13123601579773936,0.7522108698330082,2.2395754207701657,0.8789472330773261,-0.5631599223916481,-1.0084756651823787,-0.048803247773172576,-1.9083298237126742,-2.3350104047528117,-0.9603991868764155,1,1
2021-04-30,0.0,0.43896872336687526,0.5369529372139683,1.9145519880093471,1.9783493557608434,3.0467137104584427,3.2508953370267095,1.9497885907877845,2.0273622155882944,1.02977461969412,3.7161367510343384,0.0,0.6242864749412302,2.1213360371450136,0.7525643045374668,-0.6991504617694033,-1.1480793405623702,-0.18133381232386037,-2.0507164383152423,-2.477109850272638,-1.0959264521514882,-2.7015468618124774,1,1
2021-05-03,0.0,0.09951763527584229,1.4691319766708688,1.5284193845286307,2.592305786512103,2.790165347614127,1.4986077630388377,1.5756594702643336,0.5863561005169401,3.2484583525559283,3.3614010443086504,0.0,1.4878416400756838,0.13083446852233893,-1.31296625242015,-1.7624666080136207,-0.7978173039270793,-2.645180823487657,-3.054631849982515,-1.6930549103728418,-3.293421515543101,-4.110348420218064,1,0
2021-05-04,0.0,1.3762247250777677,1.4348450507617765,2.504260974982076,2.7018923906500767,1.4045634352976337,1.4819703846515027,0.48846826633003637,3.161418393288514,3.2755775604811403,3.9320002598295813,0.0,-1.3470082405239046,-2.7911245464280343,-3.2479466477845973,-2.2754916683904005,-4.094956367104189,-4.46951888624947,-3.1365422307978243,-4.745631745026672,-5.5521723298274965,-5.916953954355842,1,0
2021-05-05,0.0,0.0454964500573346,1.1202262304501593,1.3015551221533617,0.01073057673635125,0.0878999457786771,-0.8975651818008112,1.7475593467529826,1.8709445546013357,2.5190323356708086,4.048299232481535,0.0,-1.4516500311076537,-1.9042370879830497,-0.9336673920483001,-2.7885549912305243,-3.1971186205957722,-1.8307115956466717,-3.440523983170646,-4.260951777149298,-4.642059890592065,-4.210237505611184,1,0
2021-05-06,0.0,1.0647557306576774,1.2438439019422836,-0.034583110025730335,0.04185000412934359,-0.93405074508382,1.6851988327575058,1.8077184422609927,2.4494173271486983,3.9642036062495323,2.5694131819934753,0.0,-0.4447079046886635,0.5167071747368651,-1.3626683789398095,-1.8048101140769517,-0.41247198654192285,-2.0112419151582763,-2.8405853816714672,-3.2364590405551903,-2.806101197196139,-2.849154431915876,1,0
2021-05-07,0.0,0.16721151282048563,-1.1112968331069746,-1.0347419960820183,-2.0083322349698713,0.5998849220678171,0.7300198543193686,1.3678435196250882,2.8876559695436654,1.4941135327906097,0.021526113573096195,0.0,0.9539826608179498,-0.9237153589900098,-1.3738970450548607,0.01956008606083648,-1.5681179899266542,-2.3961479403342634,-2.794581361104792,-2.366752016294471,-2.405128832602249,-1.5679466998632434,1,0
2021-05-10,0.0,-1.2628928867221278,-1.1872551494703112,-2.148590181117887,0.42605275173114654,0.5557652471594244,1.1851979274647455,2.687203914405877,1.310886997118381,-0.14471984376343194,-0.5921332184494479,0.0,-1.8710994270174117,-2.3013817012319495,-0.9179505692667216,-2.5210382005671277,-3.34740320185675,-3.738110046748021,-3.3071272820390485,-3.35544152792753,-2.5167655163296097,-3.103121199459479,1,0
2021-05-11,0.0,0.07619278382731297,-0.8967631650659362,1.7147374670621411,1.83663424213775,2.4764722247531683,3.9864118342627903,2.5958959957598062,1.134702864743634,0.6918286565864133,1.6554384622163587,0.0,-0.48366125400339666,0.9616378614566928,-0.6581610482043846,-1.5126859107194428,-1.9308230539305598,-1.4933349412377173,-1.522882602877471,-0.6621034321749051,-1.2458840885079083,-1.152210518491591,1,0
2021-05-12,0.0,-0.9723596130776496,1.6371986659115374,1.7595799198840372,2.398859089263601,3.908482449618221,2.5186735645331484,1.0576603483499687,0.6144647875560889,1.5783511508479149,-0.3367354794283499,0.0,1.490362480130376,-0.1656636853439939,-1.0445479733529441,-1.478308067410286,-1.0304950511668332,-1.0555297161347303,-0.17191185280067334,-0.7664164448042934,-0.6713045840020841,-0.8431200689534437,1,0
2021-05-13,0.0,2.6440797982368744,2.7606499441897907,3.4094572950749984,4.928628520805311,3.524661913055574,2.0560367672293767,1.6153850421641132,2.579190920277777,0.6351123111036153,0.1383499797148029,0.0,-1.6340154737213264,-2.486003729004919,-2.89581678573237,-2.455522414839584,-2.495224627608358,-1.6337511696362832,-2.227116506583497,-2.1313647308497847,-2.3014241341302912,-1.9278285881040174,1,0
2021-05-14,0.0,0.13123601579773936,0.7522108698330082,2.2395754207701657,0.8789472330773261,-0.5631599223916481,-1.0084756651823787,-0.048803247773172576,-1.9083298237126742,-2.3350104047528117,-0.9603991868764155,0.0,-0.8573417092611066,-1.2816403794199382,-0.8454822557967046,-0.8682105431154321,-0.006788325125390959,-0.5848503808699681,-0.4924592559896288,-0.659679239746448,-0.2836346414060475,-0.6432254501537433,1,0
2021-05-17,0.0,0.6242864749412302,2.1213360371450136,0.7525643045374668,-0.6991504617694033,-1.1480793405623702,-0.18133381232386037,-2.0507164383152423,-2.477109850272638,-1.0959264521514882,-2.7015468618124774,0.0,-0.43644697625867324,0.0020782831732024665,-0.011859219732271456,0.8585562492049961,0.28258106978561914,0.37415208093779606,0.20669137588219155,0.5879764815729963,0.22502075132493182,-1.3281461143684763,1,0
2021-05-18,0.0,1.4878416400756838,0.13083446852233893,-1.31296625242015,-1.7624666080136207,-0.7978173039270793,-2.645180823487657,-3.054631849982515,-1.6930549103728418,-3.293421515543101,-4.110348420218064,0.0,0.44294654874105177,0.4334801276950646,1.314905189404326,0.7358255710235058,0.827636135892706,0.6588320333145807,1.0456166022004694,0.678270319132354,-0.895386873403152,0.6783804915360705,0,0
2021-05-19,0.0,-1.3470082405239046,-2.7911245464280343,-3.2479466477845973,-2.2754916683904005,-4.094956367104189,-4.46951888624947,-3.1365422307978243,-4.745631745026672,-5.5521723298274965,-5.916953954355842,0.0,-0.014120623470301519,0.8663468979601469,0.2837000920999393,0.3763329984061936,0.20693466730598709,0.5926198429630052,0.22547153823548527,-1.345628152216387,0.22515058745249572,1.006244654009001,0,0
2021-05-20,0.0,-1.4516500311076537,-1.9042370879830497,-0.9336673920483001,-2.7885549912305243,-3.1971186205957722,-1.8307115956466717,-3.440523983170646,-4.260951777149298,-4.642059890592065,-4.210237505611184,0.0,0.8713822821980948,0.2948787601610333,0.3865270002481427,0.21890093579413517,0.6006275882357219,0.2372740446438577,-1.3176405150652761,0.2369698765342667,1.0099625135829804,0.9817976074178307,0,0
2021-05-21,0.0,-0.4447079046886635,0.5167071747368651,-1.3626683789398095,-1.8048101140769517,-0.41247198654192285,-2.0112419151582763,-2.8405853816714672,-3.2364590405551903,-2.806101197196139,-2.849154431915876,0.0,-0.580536426174443,-0.48775365837173223,-0.6556960728831971,-0.2779898487646264,-0.6391566088387204,-2.1814072188709464,-0.6402926207101821,0.1297950159718524,0.09414640991787238,-0.7121712029994229,0,0
2021-05-24,0.0,0.9539826608179498,-0.9237153589900098,-1.3738970450548607,0.01956008606083648,-1.5681179899266542,-2.3961479403342634,-2.794581361104792,-2.366752016294471,-2.405128832602249,-1.5679466998632434,0.0,0.09117460678791975,-0.07499826911216889,0.30183703316548666,-0.05740792173408382,-1.5936371834672756,-0.05798685774065304,0.70684827011881,0.6764478685137691,-0.12703684907016521,0.6890018662520256,0,0
2021-05-25,0.0,-1.8710994270174117,-2.3013817012319495,-0.9179505692667216,-2.5210382005671277,-3.34740320185675,-3.738110046748021,-3.3071272820390485,-3.35544152792753,-2.5167655163296097,-3.103121199459479,0.0,-0.1665461038908236,0.2106404820320229,-0.14911136121485913,-1.6871620458689502,-0.14977840899750117,0.6163188315040077,0.5850741603357023,-0.21931334515957823,0.5977007434715131,0.8398941417218629,0,0
2021-05-26,0.0,-0.48366125400339666,0.9616378614566928,-0.6581610482043846,-1.5126859107194428,-1.9308230539305598,-1.4933349412377173,-1.522882602877471,-0.6621034321749051,-1.2458840885079083,-1.152210518491591,0.0,0.37730091988319114,0.0177532725272056,-1.52005454283924,0.0172455059718728,0.7825748964086363,0.7528067000760778,-0.0515445671051179,0.7653262331648156,1.0071624963093426,1.0991870385321487,0,0
2021-05-27,0.0,1.490362480130376,-0.1656636853439939,-1.0445479733529441,-1.478308067410286,-1.0304950511668332,-1.0555297161347303,-0.17191185280067334,-0.7664164448042934,-0.6713045840020841,-0.8431200689534437,0.0,-0.3580694841663287,-1.8881354377923245,-0.3589331654817391,0.4040000863460407,0.3710677790588086,-0.429029661748323,0.38376087561425465,0.6250978069714457,0.7149157027394069,2.0319288339052886,0,1
2021-05-28,0.0,-1.6340154737213264,-2.486003729004919,-2.89581678573237,-2.455522414839584,-2.495224627608358,-1.6337511696362832,-2.227116506583497,-2.1313647308497847,-2.3014241341302912,-1.9278285881040174,0.0,-1.5345571308503447,-0.0005235950456065203,0.7632566967497179,0.7333951725604189,-0.06924618285188311,0.7458993965406587,0.987258316672641,1.079006134282746,2.400438380692477,3.239527341222586,0,1
2021-06-01,0.0,-0.8573417092611066,-1.2816403794199382,-0.8454822557967046,-0.8682105431154321,-0.006788325125390959,-0.5848503808699681,-0.4924592559896288,-0.659679239746448,-0.2836346414060475,-0.6432254501537433,0.0,1.56097653782878,2.3313819270838656,2.3147843077888113,1.497975670486195,2.3265137068103665,2.568895825309092,2.6694043688922884,4.015167088766064,4.870620261796998,4.980612393773844,0,1
2021-06-02,0.0,-0.43644697625867324,0.0020782831732024665,-0.011859219732271456,0.8585562492049961,0.28258106978561914,0.37415208093779606,0.20669137588219155,0.5879764815729963,0.22502075132493182,-1.3281461143684763,0.0,0.7630545178737373,0.7332258993967865,-0.06865516846883979,0.7457179454764165,0.986847158348108,1.0785104617987753,2.3986913423885374,3.2369860114850075,3.348255553854881,3.0339222803270864,0,1
2021-06-03,0.0,0.44294654874105177,0.4334801276950646,1.314905189404326,0.7358255710235058,0.827636135892706,0.6588320333145807,1.0456166022004694,0.678270319132354,-0.895386873403152,0.6783804915360705,0.0,-0.036423753021475935,-0.834497729258641,-0.023504707109873624,0.21806092990349946,0.30580059250065017,1.6192221773708095,2.4527779564626666,2.5651556216167934,2.256224317027593,4.240589464527408,0,1
2021-06-04,0.0,-0.014120623470301519,0.8663468979601469,0.2837000920999393,0.3763329984061936,0.20693466730598709,0.5926198429630052,0.22547153823548527,-1.345628152216387,0.22515058745249572,1.006244654009001,0.0,-0.7913999511012417,0.012788082436353314,0.25225904358869455,0.33942942334186055,1.6418904730079062,2.468511281861668,2.5798720262969095,2.2733399016536255,4.24102320347065,3.0937491300240683,0,1
2021-06-07,0.0,0.8713822821980948,0.2948787601610333,0.3865270002481427,0.21890093579413517,0.6006275882357219,0.2372740446438577,-1.3176405150652761,0.2369698765342667,1.0099625135829804,0.9817976074178307,0.0,0.8113943923480456,1.051513305352314,1.1431576883687211,2.458624030972735,3.2939649369186954,3.4046873162918514,3.09113794471734,5.07576421115708,3.907942295135276,4.838554383606051,0,1
2021-06-08,0.0,-0.580536426174443,-0.48775365837173223,-0.6556960728831971,-0.2779898487646264,-0.6391566088387204,-2.1814072188709464,-0.6402926207101821,0.1297950159718524,0.09414640991787238,-0.7121712029994229,0.0,0.2396126469677635,0.3267666936608509,1.6298464418360918,2.4568524451179536,2.5682941341150323,2.2616797949835368,4.23034112856663,3.08266775847074,3.9945235577500293,4.611434394293665,0,1
2021-06-09,0.0,0.09117460678791975,-0.07499826911216889,0.30183703316548666,-0.05740792173408382,-1.5936371834672756,-0.05798685774065304,0.70684827011881,0.6764478685137691,-0.12703684907016521,0.6890018662520256,0.0,0.08599010180799649,1.3878558038435287,2.2139512462474444,2.325815014287539,2.020675112840267,3.988314952179137,2.844442683823666,3.7524659542507157,4.367795244995022,3.689003186749331,0,1
2021-06-10,0.0,-0.1665461038908236,0.2106404820320229,-0.14911136121485913,-1.6871620458689502,-0.14977840899750117,0.6163188315040077,0.5850741603357023,-0.21931334515957823,0.5977007434715131,0.8398941417218629,0.0,1.2945623418553667,2.1159736532787083,2.227396877876805,1.9243914932632926,3.881282000684754,2.74479815826866,3.646666798082048,4.258186146351242,3.5832079761678224,5.678005687989812,0,1
2021-06-11,0.0,0.37730091988319114,0.0177532725272056,-1.52005454283924,0.0172455059718728,0.7825748964086363,0.7528067000760778,-0.0515445671051179,0.7653262331648156,1.0071624963093426,1.0991870385321487,0.0,0.8070412994421698,0.919400036754736,0.6277154747212138,2.5564403501653326,1.4532752317160225,2.3243882667597564,2.92043151437562,2.256740445180827,4.31339314599632,4.2794823438127505,0,1
2021-06-14,0.0,-0.3580694841663287,-1.8881354377923245,-0.3589331654817391,0.4040000863460407,0.3710677790588086,-0.429029661748323,0.38376087561425465,0.6250978069714457,0.7149157027394069,2.0319288339052886,0.0,0.11286650250012185,-0.17166399838676716,1.7385265108708228,0.6565663560460966,1.5081956459598203,2.094338343446199,1.4380079684308258,3.469898929235381,3.4336513633810255,2.807193851786694,1,1
2021-06-15,0.0,-1.5345571308503447,-0.0005235950456065203,0.7632566967497179,0.7333951725604189,-0.06924618285188311,0.7458993965406587,0.987258316672641,1.079006134282746,2.400438380692477,3.239527341222586,0.0,-0.2841730693655917,1.6277546396586065,0.546312226560804,1.3971422587319808,1.9832270716060403,1.326438995919771,3.359470019795952,3.3228124097423617,2.6955376158241573,2.6119634510092187,1,1
2021-06-16,0.0,1.56097653782878,2.3313819270838656,2.3147843077888113,1.497975670486195,2.3265137068103665,2.568895825309092,2.6694043688922884,4.015167088766064,4.870620261796998,4.980612393773844,0.0,1.9276722090906524,0.8334946894483769,1.6953444839217038,2.2877626154836275,1.6252110135621134,3.6767888220980183,3.640790937316332,3.008981911288421,2.924794790242192,2.7567448398030248,1,1
2021-06-17,0.0,0.7630545178737373,0.7332258993967865,-0.06865516846883979,0.7457179454764165,0.986847158348108,1.0785104617987753,2.3986913423885374,3.2369860114850075,3.348255553854881,3.0339222803270864,0.0,-1.049111528784334,-0.22934454130690693,0.3424158522897185,-0.3058219244800338,1.6967698405863005,1.6550694623611588,1.0305032068970195,0.9473396518605892,0.7798428399247113,0.6856499935777736,1,0
2021-06-18,0.0,-0.036423753021475935,-0.834497729258641,-0.023504707109873624,0.21806092990349946,0.30580059250065017,1.6192221773708095,2.4527779564626666,2.5651556216167934,2.256224317027593,4.240589464527408,0.0,0.8546397686099441,1.445812493524821,0.7807096200387234,2.838094700051524,2.7990503322912246,2.1619334422443743,2.0770653036114384,1.9069873088084486,1.8163032800066086,1.6606080268803112,1,1
2021-06-21,0.0,-0.7913999511012417,0.012788082436353314,0.25225904358869455,0.33942942334186055,1.6418904730079062,2.468511281861668,2.5798720262969095,2.2733399016536255,4.24102320347065,3.0937491300240683,0.0,0.5738534873000068,-0.07567285813559604,1.9314672775761506,1.8904727266263985,1.2654447539737548,1.182212674291627,1.0147574725840887,0.921633846457556,0.762962200843202,1.2315664734736114,1,0
2021-06-22,0.0,0.8113943923480456,1.051513305352314,1.1431576883687211,2.458624030972735,3.2939649369186954,3.4046873162918514,3.09113794471734,5.07576421115708,3.907942295135276,4.838554383606051,0.0,-0.6419313817238774,1.3403440495218975,1.297890374680676,0.6782543564405303,0.5957576350857923,0.42933992301479407,0.3342171395420346,0.17291923399135722,0.6376641541509773,1.1582443720234195,1,0
2021-06-23,0.0,0.2396126469677635,0.3267666936608509,1.6298464418360918,2.4568524451179536,2.5682941341150323,2.2616797949835368,4.23034112856663,3.08266775847074,3.9945235577500293,4.611434394293665,0.0,2.001018691967471,1.9604107918883074,1.3376017504979185,1.2546628496738872,1.0878562841832071,0.9954360177979993,0.8378590581059351,1.304775360202779,1.8315154249654029,2.18717354716059,1,1
2021-06-24,0.0,0.08599010180799649,1.3878558038435287,2.2139512462474444,2.325815014287539,2.020675112840267,3.988314952179137,2.844442683823666,3.7524659542507157,4.367795244995022,3.689003186749331,0.0,-0.04608256942373923,-0.6577453150223035,-0.7391405657539938,-0.9043545079615194,-1.0047080179522847,-1.1731318505802748,-0.713945226683262,-0.2071344986517767,0.15662943766694126,-1.5643498341909194,1,0
2021-06-25,0.0,1.2945623418553667,2.1159736532787083,2.227396877876805,1.9243914932632926,3.881282000684754,2.74479815826866,3.646666798082048,4.258186146351242,3.5832079761678224,5.678005687989812,0.0,-0.6098060619638193,-0.6909556220401485,-0.8556356065905976,-0.9554610699693538,-1.1230551546040826,-0.6652769811273235,-0.15975990914196259,0.2025625943064182,-1.5129689062203964,-2.5757919818631536,1,0
2021-06-28,0.0,0.8070412994421698,0.919400036754736,0.6277154747212138,2.5564403501653326,1.4532752317160225,2.3243882667597564,2.92043151437562,2.256740445180827,4.31339314599632,4.2794823438127505,0.0,-0.0812879589659556,-0.24578008866921824,-0.3427832312139998,-0.5063914015267218,-0.04813026066838355,0.46138796004563454,0.8197635134045068,-0.8953305692181013,-1.9600382695613947,-2.2822445543588663,1,0
2021-06-29,0.0,0.11286650250012185,-0.17166399838676716,1.7385265108708228,0.6565663560460966,1.5081956459598203,2.094338343446199,1.4380079684308258,3.469898929235381,3.4336513633810255,2.807193851786694,0.0,-0.16447224834288857,-0.2611021212440111,-0.42418396521837676,0.034155965657124865,0.5442236857305571,0.9020842253821862,-0.8130054019070759,-1.8779978307684426,-2.2006689778536046,-1.9222704635452372,1,0
2021-06-30,0.0,-0.2841730693655917,1.6277546396586065,0.546312226560804,1.3971422587319808,1.9832270716060403,1.326438995919771,3.359470019795952,3.3228124097423617,2.6955376158241573,2.6119634510092187,0.0,-0.09580138735133026,-0.2576944842042064,0.20045369665702917,0.711241489988051,1.067786982642743,-0.6459801847851177,-1.7107325357869851,-2.03409619304067,-1.7554146619961706,-1.1943431673928577,1,0
2021-07-01,0.0,1.9276722090906524,0.8334946894483769,1.6953444839217038,2.2877626154836275,1.6252110135621134,3.6767888220980183,3.640790937316332,3.008981911288421,2.924794790242192,2.7567448398030248,0.0,-0.16049031005498782,0.2955184764686932,0.8044598930474578,1.1586677718117058,-0.5467475018074028,-1.6066464297939282,-1.928977751790467,-1.651366970474984,-1.0929926278454478,0.3714368617219981,1,0
2021-07-02,0.0,-1.049111528784334,-0.22934454130690693,0.3424158522897185,-0.3058219244800338,1.6967698405863005,1.6550694623611588,1.0305032068970195,0.9473396518605892,0.7798428399247113,0.6856499935777736,0.0,0.4530137015554335,0.9595072413169042,1.3102715127022315,-0.38336259229171993,-1.4364970345070325,-1.7575045615593443,-1.481334168633937,-0.9267553667549145,0.5278866973116996,0.8346395104124253,0,0
2021-07-06,0.0,0.8546397686099441,1.445812493524821,0.7807096200387234,2.838094700051524,2.7990503322912246,2.1619334422443743,2.0770653036114384,1.9069873088084486,1.8163032800066086,1.6606080268803112,0.0,0.5037084356463993,0.8574766455476346,-0.8369896023826079,-1.8890579528963047,-2.20765810561497,-1.9327082144329513,-1.3780323898981617,0.07638974450570596,0.3895191369095403,0.6423108684318516,1,0
2021-07-07,0.0,0.5738534873000068,-0.07567285813559604,1.9314672775761506,1.8904727266263985,1.2654447539737548,1.182212674291627,1.0147574725840887,0.921633846457556,0.762962200843202,1.2315664734736114,0.0,0.35509903767057904,-1.3308440951216378,-2.3758811926513026,-2.69006125119979,-2.4179840159355166,-1.8662909244623127,-0.4202111224491376,-0.10181817310880348,0.14146799541047939,-0.5138543484332029,0,0
2021-07-08,0.0,-0.6419313817238774,1.3403440495218975,1.297890374680676,0.6782543564405303,0.5957576350857923,0.42933992301479407,0.3342171395420346,0.17291923399135722,0.6376641541509773,1.1582443720234195,0.0,-1.6984572507267854,-2.7500019534628626,-3.0644903503754324,-2.791463541289593,-2.2358138691019938,-0.7797377422788799,-0.4540696669224793,-0.21489176719291117,-0.8764567542306007,-0.7106377964074898,0,0
2021-07-09,0.0,2.001018691967471,1.9604107918883074,1.3376017504979185,1.2546628496738872,1.0878562841832071,0.9954360177979993,0.8378590581059351,1.304775360202779,1.8315154249654029,2.18717354716059,0.0,-1.0516845999829303,-1.3740061352916542,-1.0974225296807678,-0.5441624094626424,0.9074208337830713,1.2081126376815525,1.4739058056165466,0.8224727781985217,0.9926797581988066,-0.04550131365385335,1,0
2021-07-12,0.0,-0.04608256942373923,-0.6577453150223035,-0.7391405657539938,-0.9043545079615194,-1.0047080179522847,-1.1731318505802748,-0.713945226683262,-0.2071344986517767,0.15662943766694126,-1.5643498341909194,0.0,-0.3283400560544905,-0.04855877260401162,0.5051911976154215,1.9591637195105571,2.2454070566581876,2.5286893348228814,1.8812276359198665,2.054769156587875,1.019904150451976,-0.45840861314068215,0,1
2021-07-13,0.0,-0.6098060619638193,-0.6909556220401485,-0.8556356065905976,-0.9554610699693538,-1.1230551546040826,-0.6652769811273235,-0.15975990914196259,0.2025625943064182,-1.5129689062203964,-2.5757919818631536,0.0,0.28208199585127547,0.8385436518450194,2.29998417396892,2.5829915725811095,2.8730989754902367,2.2239001221362775,2.399294924073769,1.360697070403356,-0.12694216288899507,0.2008694606197472,0,1
2021-07-14,0.0,-0.0812879589659556,-0.24578008866921824,-0.3427832312139998,-0.5063914015267218,-0.04813026066838355,0.46138796004563454,0.8197635134045068,-0.8953305692181013,-1.9600382695613947,-2.2822445543588663,0.0,0.5551691076171493,2.0129190340051744,2.2992135954604778,2.584021959192958,1.9351118662412126,2.1092457768900643,1.0719250415022503,-0.4104834104869012,-0.08263462929881327,-0.3561652456131892,0,1
2021-07-15,0.0,-0.16447224834288857,-0.2611021212440111,-0.42418396521837676,0.034155965657124865,0.5442236857305571,0.9020842253821862,-0.8130054019070759,-1.8779978307684426,-2.2006689778536046,-1.9222704635452372,0.0,1.4585958826854237,1.7529603550979425,2.028915161834184,1.3769608795394968,1.549580337722946,0.5089998934921338,-0.9713575779169481,-0.6416101685633133,-0.9144118296114264,1.5722165405668551,0,1
2021-07-16,0.0,-0.09580138735133026,-0.2576944842042064,0.20045369665702917,0.711241489988051,1.067786982642743,-0.6459801847851177,-1.7107325357869851,-2.03409619304067,-1.7554146619961706,-1.1943431673928577,0.0,0.3152897977106095,0.5677006908165234,-0.09161740193610635,0.07685189574276785,-0.9712782667221304,-2.444794340081479,-2.1103789124142396,-2.3809971526827542,0.0820347164020312,1.8768311990453823,0,0
2021-07-19,0.0,-0.16049031005498782,0.2955184764686932,0.8044598930474578,1.1586677718117058,-0.5467475018074028,-1.6066464297939282,-1.928977751790467,-1.651366970474984,-1.0929926278454478,0.3714368617219981,0.0,0.25081985645449967,-0.4196624642003517,-0.24968239176427742,-1.3146357808589304,-2.8079194886768937,-2.4676338407496137,-2.741676274909038,-0.24830762270525053,1.5713981326891413,3.1131794866777764,0,1
2021-07-20,0.0,0.4530137015554335,0.9595072413169042,1.3102715127022315,-0.38336259229171993,-1.4364970345070325,-1.7575045615593443,-1.481334168633937,-0.9267553667549145,0.5278866973116996,0.8346395104124253,0.0,-0.6608714011184355,-0.4943439923046642,-1.5433317478711892,-3.01128529702845,-2.675720246651726,-2.9449574759983705,-0.4959388802912488,1.2935315694993983,2.8090032461336136,2.4087914588263657,0,1
2021-07-21,0.0,0.5037084356463993,0.8574766455476346,-0.8369896023826079,-1.8890579528963047,-2.20765810561497,-1.9327082144329513,-1.3780323898981617,0.07638974450570596,0.3895191369095403,0.6423108684318516,0.0,0.16758648182914124,-0.8729835520532516,-2.3369527771769234,-2.0050894645361192,-2.2740118182120277,0.17381569542335518,1.956752161033831,3.468526873875127,3.074415533870187,4.371727124525365,0,1
2021-07-22,0.0,0.35509903767057904,-1.3308440951216378,-2.3758811926513026,-2.69006125119979,-2.4179840159355166,-1.8662909244623127,-0.4202111224491376,-0.10181817310880348,0.14146799541047939,-0.5138543484332029,0.0,-1.0384358141361445,-2.497420960674593,-2.1659818437530127,-2.433883503400801,0.004230941556256029,1.7815213992137386,3.2880440185402446,2.8940066967832783,4.187328871327846,4.112286295319917,0,1
2021-07-23,0.0,-1.6984572507267854,-2.7500019534628626,-3.0644903503754324,-2.791463541289593,-2.2358138691019938,-0.7797377422788799,-0.4540696669224793,-0.21489176719291117,-0.8764567542306007,-0.7106377964074898,0.0,-1.456859437521053,-1.130247519938404,-1.398406212459196,1.0446486743805712,2.816739296279944,4.321714998250277,3.9360567144171577,5.224863969065586,5.1560283133339055,4.954388075373862,0,1
2021-07-26,0.0,-1.0516845999829303,-1.3740061352916542,-1.0974225296807678,-0.5441624094626424,0.9074208337830713,1.2081126376815525,1.4739058056165466,0.8224727781985217,0.9926797581988066,-0.04550131365385335,0.0,0.32369117626585864,0.05195087054972902,2.5313180650404985,4.317303163609292,5.838144140546921,5.459730635139088,6.757604254398522,6.696737084040416,6.495083800062177,5.266202865088776,0,1
2021-07-27,0.0,-0.3283400560544905,-0.04855877260401162,0.5051911976154215,1.9591637195105571,2.2454070566581876,2.5286893348228814,1.8812276359198665,2.054769156587875,1.019904150451976,-0.45840861314068215,0.0,-0.272081479602171,2.2095862566276034,3.9999700486930383,5.523654932673116,5.14203157960292,6.443332163162542,6.380427735031306,6.17792998470912,4.947540232453277,4.455125444582581,1,1
2021-07-28,0.0,0.28208199585127547,0.8385436518450194,2.29998417396892,2.5829915725811095,2.8730989754902367,2.2239001221362775,2.399294924073769,1.360697070403356,-0.12694216288899507,0.2008694606197472,0.0,2.4900509215186695,4.2841732925653675,5.811798319376669,5.431293974398801,6.735118040519841,6.673669698239806,6.471041649382167,5.2368060629379745,4.743228442942629,4.398376491955505,1,1
2021-07-29,0.0,0.5551691076171493,2.0129190340051744,2.2992135954604778,2.584021959192958,1.9351118662412126,2.1092457768900643,1.0719250415022503,-0.4104834104869012,-0.08263462929881327,-0.3561652456131892,0.0,1.7564590458711868,3.2453123944044884,2.8558644964711584,4.134030732314065,4.059843659047622,3.858883984715767,2.661839972786054,2.1798133338082892,1.8416158636703768,2.168472659721394,1,1
2021-07-30,0.0,1.4585958826854237,1.7529603550979425,2.028915161834184,1.3769608795394968,1.549580337722946,0.5089998934921338,-0.9713575779169481,-0.6416101685633133,-0.9144118296114264,1.5722165405668551,0.0,1.4741664458778312,1.0751871251234202,2.3460892737525567,2.2623542149406703,2.0608789936756127,0.8798608491586856,0.4018873568173813,0.06551770705956872,0.3811754892110135,1.3819745332237763,1,1
2021-08-02,0.0,0.3152897977106095,0.5677006908165234,-0.09161740193610635,0.07685189574276785,-0.9712782667221304,-2.444794340081479,-2.1103789124142396,-2.3809971526827542,0.0820347164020312,1.8768311990453823,0.0,-0.4058376937862261,0.855677282510973,0.764237387731746,0.5628663923871675,-0.6017286348721801,-1.0750749479913575,-1.4090387621812526,-1.103511367069435,-0.11783564064652041,0.6215816215189252,0,0
2021-08-03,0.0,0.25081985645449967,-0.4196624642003517,-0.24968239176427742,-1.3146357808589304,-2.8079194886768937,-2.4676338407496137,-2.741676274909038,-0.24830762270525053,1.5713981326891413,3.1131794866777764,0.0,1.2544352821978237,1.1657887780352807,0.9659270203888999,-0.19424165340058921,-0.6652319835772118,-0.9973000224174662,-0.6913507175083425,0.2909113464537292,1.0283463291917956,1.3008367991580614,1,0
2021-08-04,0.0,-0.6608714011184355,-0.4943439923046642,-1.5433317478711892,-3.01128529702845,-2.675720246651726,-2.9449574759983705,-0.4959388802912488,1.2935315694993983,2.8090032461336136,2.4087914588263657,0.0,-0.09542494967636672,-0.2958153590392296,-1.4456980791449308,-1.9142350110601258,-2.2452964329958403,-1.9469559147391884,-0.9744313330906534,-0.2460953988498411,0.03319751247207714,-2.1072587454532434,1,0
2021-08-05,0.0,0.16758648182914124,-0.8729835520532516,-2.3369527771769234,-2.0050894645361192,-2.2740118182120277,0.17381569542335518,1.956752161033831,3.468526873875127,3.074415533870187,4.371727124525365,0.0,-0.19922422628879033,-1.3434172426559627,-1.8095050770684655,-2.1387813117200816,-1.8415453338699899,-0.8737547773362871,-0.14882829870231418,0.12838289842449352,-2.00234072165205,-1.235223621111142,1,0
2021-08-06,0.0,-1.0384358141361445,-2.497420960674593,-2.1659818437530127,-2.433883503400801,0.004230941556256029,1.7815213992137386,3.2880440185402446,2.8940066967832783,4.187328871327846,4.112286295319917,0.0,-1.1447431249868483,-1.6107811023724978,-1.939907489952746,-1.6417498471597827,-0.6733303558184621,0.052351988570568,0.32823027625091145,-1.8053165624245753,-1.0377078304592797,-1.0355049461647259,1,0
2021-08-09,0.0,-1.456859437521053,-1.130247519938404,-1.398406212459196,1.0446486743805712,2.816739296279944,4.321714998250277,3.9360567144171577,5.224863969065586,5.1560283133339055,4.954388075373862,0.0,-0.470732740828276,-0.802507081169674,-0.49579275032981585,0.4866483482907453,1.2244949812223416,1.495562018021574,-0.6772480613655923,0.10143465548862812,0.11304554348921461,-0.3971758428272716,1,0
2021-08-10,0.0,0.32369117626585864,0.05195087054972902,2.5313180650404985,4.317303163609292,5.838144140546921,5.459730635139088,6.757604254398522,6.696737084040416,6.495083800062177,5.266202865088776,0.0,-0.3324085868887322,-0.02258905853617721,0.9642786245358334,1.7061233594569876,1.9748326720901155,-0.21117021660021262,0.5710047070134159,0.5864788433997035,0.07838695110382177,-0.39944491346223965,1,0
2021-08-11,0.0,-0.272081479602171,2.2095862566276034,3.9999700486930383,5.523654932673116,5.14203157960292,6.443332163162542,6.380427735031306,6.17792998470912,4.947540232453277,4.455125444582581,0.0,0.3118365687288766,1.3012674425689355,2.0455128583518087,2.3124021081266535,0.11832756010739975,0.9025225560366267,0.9207179867742645,0.41442193595839516,-0.06388832160822822,-0.23043323741041777,1,1
2021-08-12,0.0,2.4900509215186695,4.2841732925653675,5.811798319376669,5.431293974398801,6.735118040519841,6.673669698239806,6.471041649382167,5.2368060629379745,4.743228442942629,4.398376491955505,0.0,0.9817971499601011,1.7198621205182403,1.9870216271997763,-0.18791040592262576,0.5902449267793777,0.6058196922313288,0.10054770130285984,-0.37477781763709267,-0.5408127876357225,-0.11168931729988313,1,0
2021-08-13,0.0,1.7564590458711868,3.2453123944044884,2.8558644964711584,4.134030732314065,4.059843659047622,3.858883984715767,2.661839972786054,2.1798133338082892,1.8416158636703768,2.168472659721394,0.0,0.7271835524514365,0.9981969973078992,-1.1417794400167267,-0.37361570519609066,-0.36600992802138477,-0.8737995971783117,-1.3452114042599934,-1.5115346837350812,-1.0815687232291582,-1.7046594537696667,1,0
2021-08-16,0.0,1.4741664458778312,1.0751871251234202,2.3460892737525567,2.2623542149406703,2.0608789936756127,0.8798608491586856,0.4018873568173813,0.06551770705956872,0.3811754892110135,1.3819745332237763,0.0,0.2734427852282795,-1.8378860148224558,-1.0781358900356721,-1.076370313102333,-1.5852713103499803,-2.053142248139894,-2.219437206959836,-1.7894733759344692,-2.412788726170351,-1.5528897979221046,1,0
2021-08-17,0.0,-0.4058376937862261,0.855677282510973,0.764237387731746,0.5628663923871675,-0.6017286348721801,-1.0750749479913575,-1.4090387621812526,-1.103511367069435,-0.11783564064652041,0.6215816215189252,0.0,-2.11755080684072,-1.354840932361572,-1.355282356915436,-1.868732086912789,-2.339049635940225,-2.506682100243818,-2.0732330417913296,-2.701687508290507,-1.8392512740771108,-1.7581752023884838,0,0
2021-08-18,0.0,1.2544352821978237,1.1657887780352807,0.9659270203888999,-0.19424165340058921,-0.6652319835772118,-0.9973000224174662,-0.6913507175083425,0.2909113464537292,1.0283463291917956,1.3008367991580614,0.0,0.790610414245388,0.8079855209938792,0.2964240930943194,-0.18607231247297706,-0.35428163557504466,0.08044209579927286,-0.5491657989797851,0.3513644313580171,0.4320769045131323,1.516317193039527,0,0
2021-08-19,0.0,-0.09542494967636672,-0.2958153590392296,-1.4456980791449308,-1.9142350110601258,-2.2452964329958403,-1.9469559147391884,-0.9744313330906534,-0.2460953988498411,0.03319751247207714,-2.1072587454532434,0.0,0.010838983175825323,-0.5028098485049346,-0.9821167963999798,-1.1505699094962791,-0.7151362447302657,-1.346028279208847,-0.45712772297819404,-0.37606164122530084,0.698083512379025,0.5859356240261295,0,0
2021-08-20,0.0,-0.19922422628879033,-1.3434172426559627,-1.8095050770684655,-2.1387813117200816,-1.8415453338699899,-0.8737547773362871,-0.14882829870231418,0.12838289842449352,-2.00234072165205,-1.235223621111142,0.0,-0.5095375577117076,-0.9849388158878144,-1.1520376757331852,-0.7201035380674272,-1.3459286169355587,-0.4643484499351831,-0.3839308996866484,0.6814217002538274,0.5701603304253986,1.2169239013774127,0,0
2021-08-23,0.0,-1.1447431249868483,-1.6107811023724978,-1.939907489952746,-1.6417498471597827,-0.6733303558184621,0.052351988570568,0.32823027625091145,-1.8053165624245753,-1.0377078304592797,-1.0355049461647259,0.0,-0.4730174244216936,-0.6384163026621628,-0.21092682970360627,-0.8301506802435539,0.05061882086468805,0.13006899821677342,1.1919414060056166,1.0825180241976164,1.7268994890241678,0.8497965007471847,0,0
2021-08-24,0.0,-0.470732740828276,-0.802507081169674,-0.49579275032981585,0.4866483482907453,1.2244949812223416,1.495562018021574,-0.6772480613655923,0.10143465548862812,0.11304554348921461,-0.3971758428272716,0.0,-0.1648820243116914,0.26122425781063163,-0.3558443713517082,0.5298374028897048,0.6088990909054023,1.6743663183611874,1.565948229871049,2.2122598823834565,1.330681703617934,2.3524678340146146,0,1
2021-08-25,0.0,-0.3324085868887322,-0.02258905853617721,0.9642786245358334,1.7061233594569876,1.9748326720901155,-0.21117021660021262,0.5710047070134159,0.5864788433997035,0.07838695110382177,-0.39944491346223965,0.0,0.424903111426189,-0.19037025209819877,0.6955175738597015,0.7743101899685385,1.8392207308196324,1.731335885091712,2.3772228023178053,1.4955835468716936,2.516567830307823,3.157110084905844,0,1
2021-08-26,0.0,0.3118365687288766,1.3012674425689355,2.0455128583518087,2.3124021081266535,0.11832756010739975,0.9025225560366267,0.9207179867742645,0.41442193595839516,-0.06388832160822822,-0.23043323741041777,0.0,-0.6199927929894969,0.2654443903183332,0.34494307039925154,1.4114002296972197,1.3021207101087744,1.9491717951102392,1.0676072020088752,2.090770409533061,2.734303030212094,3.2475156677909194,1,1
2021-08-27,0.0,0.9817971499601011,1.7198621205182403,1.9870216271997763,-0.18791040592262576,0.5902449267793777,0.6058196922313288,0.10054770130285984,-0.37477781763709267,-0.5408127876357225,-0.11168931729988313,0.0,0.8857973284697941,0.9642513791466716,2.028128077428663,1.9208963547890623,2.5660560665590064,1.6846724635057575,2.7043572001395084,3.343365056977331,3.8504844182519165,3.4383185310663866,0,1
2021-08-30,0.0,0.7271835524514365,0.9981969973078992,-1.1417794400167267,-0.37361570519609066,-0.36600992802138477,-0.8737995971783117,-1.3452114042599934,-1.5115346837350812,-1.0815687232291582,-1.7046594537696667,0.0,0.07861417429377401,1.1283952626413385,1.020074149863829,1.657144426274057,0.7901861346855072,1.79777218392051,2.4324906372145016,2.939719563073009,2.530949700096735,3.5866502955209505,0,1
2021-08-31,0.0,0.2734427852282795,-1.8378860148224558,-1.0781358900356721,-1.076370313102333,-1.5852713103499803,-2.053142248139894,-2.219437206959836,-1.7894733759344692,-2.412788726170351,-1.5528897979221046,0.0,1.0503479040760617,0.9417421077016981,1.5791976765102973,0.71201887836401,1.720276147815638,2.3557137129402594,2.863831853828734,2.4546552071887553,3.5113970993316483,2.805094208805584,0,1
2021-09-01,0.0,-2.11755080684072,-1.354840932361572,-1.355282356915436,-1.868732086912789,-2.339049635940225,-2.506682100243818,-2.0732330417913296,-2.701687508290507,-1.8392512740771108,-1.7581752023884838,0.0,-0.11039758725476259,0.5205866804664869,-0.333776561438897,0.6650618144170778,1.2984756796414596,1.8091271928093966,1.4019972445088436,2.453330896382835,1.7459373776891103,2.3230834186590377,0,1
2021-09-02,0.0,0.790610414245388,0.8079855209938792,0.2964240930943194,-0.18607231247297706,-0.35428163557504466,0.08044209579927286,-0.5491657989797851,0.3513644313580171,0.4320769045131323,1.516317193039527,0.0,0.6298521807022662,-0.22340227727259354,0.773557697921858,1.4053671757555999,1.9142894969448514,1.5081127304967705,2.556997849514066,1.8517466713973667,2.4277221662824755,1.628304236310436,0,1
2021-09-03,0.0,0.010838983175825323,-0.5028098485049346,-0.9821167963999798,-1.1505699094962791,-0.7151362447302657,-1.346028279208847,-0.45712772297819404,-0.37606164122530084,0.698083512379025,0.5859356240261295,0.0,-0.8460702161805909,0.14580241790807946,0.7767365167383462,1.2874321873742076,0.8822620940365514,1.9284744377143217,1.222206431466426,1.7957269417949155,1.0066749772213022,2.3231963756248013,0,1
2021-09-07,0.0,-0.5095375577117076,-0.9849388158878144,-1.1520376757331852,-0.7201035380674272,-1.3459286169355587,-0.4643484499351831,-0.3839308996866484,0.6814217002538274,0.5701603304253986,1.2169239013774127,0.0,1.0026446665074293,1.6372108269411867,2.147460988691056,1.739352127337109,2.7932529324035253,2.085642796770511,2.664728148651547,1.8584876613879584,3.1765489609290802,3.3287434950512536,0,1
2021-09-08,0.0,-0.4730174244216936,-0.6384163026621628,-0.21092682970360627,-0.8301506802435539,0.05061882086468805,0.13006899821677342,1.1919414060056166,1.0825180241976164,1.7268994890241678,0.8497965007471847,0.0,0.6336660614145777,1.1471521887903624,0.7403314236475022,1.7907889347324812,1.0809968497561546,1.6566135463446203,0.8663083159612418,2.189563335118084,2.3412235278743534,1.5206250438771367,0,1
2021-09-09,0.0,-0.1648820243116914,0.26122425781063163,-0.3558443713517082,0.5298374028897048,0.6088990909054023,1.6743663183611874,1.565948229871049,2.2122598823834565,1.330681703617934,2.3524678340146146,0.0,0.5174838719733834,0.10993719842845073,1.1621947511212514,0.4483287482251508,1.0239292037921022,0.2407278931259733,1.5722915052282445,1.7241879922903742,0.8991721280201459,1.0479427912532244,1,0
2021-09-10,0.0,0.424903111426189,-0.19037025209819877,0.6955175738597015,0.7743101899685385,1.8392207308196324,1.731335885091712,2.3772228023178053,1.4955835468716936,2.516567830307823,3.157110084905844,0.0,-0.40976870330485826,0.6481647513578234,-0.07190568606860759,0.5059737285310135,-0.27448521764165035,1.069236909822915,1.2219333012568174,0.3899869484198042,0.5329309214242877,0.7003049507827882,1,0
2021-09-13,0.0,-0.6199927929894969,0.2654443903183332,0.34494307039925154,1.4114002296972197,1.3021207101087744,1.9491717951102392,1.0676072020088752,2.090770409533061,2.734303030212094,3.2475156677909194,0.0,1.0575045887915155,0.3395790901158457,0.9178743843755961,0.1322471099616357,1.4715071647886413,1.6241569513028775,0.7945004831654898,0.9426052830680254,1.1108818074091038,-0.3367479297928907,1,0
2021-09-14,0.0,0.8857973284697941,0.9642513791466716,2.028128077428663,1.9208963547890623,2.5660560665590064,1.6846724635057575,2.7043572001395084,3.343365056977331,3.8504844182519165,3.4383185310663866,0.0,-0.7233939486855208,-0.146231192972614,-0.9184286205813086,0.4322228739389722,0.5849776741430903,-0.250510411592876,-0.11575186877628893,0.050176400358024065,-1.3875670742203985,-3.6072017829612144,1,0
2021-09-15,0.0,0.07861417429377401,1.1283952626413385,1.020074149863829,1.657144426274057,0.7901861346855072,1.79777218392051,2.4324906372145016,2.939719563073009,2.530949700096735,3.5866502955209505,0.0,0.5753272312547058,-0.202486189812219,1.1343570278578228,1.2863518184046927,0.45858220894076585,0.6017747228508836,0.7685455896203565,-0.6694118488008052,-2.9008870879233335,-2.940523776612047,1,0
2021-09-16,0.0,1.0503479040760617,0.9417421077016981,1.5791976765102973,0.71201887836401,1.720276147815638,2.3557137129402594,2.863831853828734,2.4546552071887553,3.5113970993316483,2.805094208805584,0.0,-0.7693388248558776,0.5715483269927701,0.7233604344281819,-0.10625355041465201,0.029508932190130732,0.1947495318391321,-1.2356065563738243,-3.446156985319676,-3.48650248947817,-2.7069676121346866,1,0
2021-09-17,0.0,-0.11039758725476259,0.5205866804664869,-0.333776561438897,0.6650618144170778,1.2984756796414596,1.8091271928093966,1.4019972445088436,2.453330896382835,1.7459373776891103,2.3230834186590377,0.0,1.3505203432758834,1.5043022738794032,0.6678255352524594,0.8153236649855409,0.9845358149948323,-0.4724506692707857,-2.7367537019609767,-2.776583160887771,-1.9928895160136935,-2.3322289479926357,1,0
2021-09-20,0.0,0.6298521807022662,-0.22340227727259354,0.773557697921858,1.4053671757555999,1.9142894969448514,1.5081127304967705,2.556997849514066,1.8517466713973667,2.4277221662824755,1.628304236310436,0.0,0.1554186676394759,-0.6968632701101499,-0.565439572982948,-0.3976593110864024,-1.8558752086853116,-4.099928848975916,-4.142021192019196,-3.3394502379166404,-3.695366177856258,-5.209034785676619,1,0
2021-09-21,0.0,-0.8460702161805909,0.14580241790807946,0.7767365167383462,1.2874321873742076,0.8822620940365514,1.9284744377143217,1.222206431466426,1.7957269417949155,1.0066749772213022,2.3231963756248013,0.0,-0.8531285882273314,-0.7237048162769948,-0.5562807655721809,-2.0129745071685075,-4.2521374764884845,-4.294442229815391,-3.4906143456551835,-3.8480319985237066,-5.358560481717271,-4.313568778809187,1,0
2021-09-22,0.0,1.0026446665074293,1.6372108269411867,2.147460988691056,1.739352127337109,2.7932529324035253,2.085642796770511,2.664728148651547,1.8584876613879584,3.1765489609290802,3.3287434950512536,0.0,0.13963823689192068,0.30815728959324895,-1.149496672062903,-3.4039922892026064,-3.444930964887152,-2.6519636775285944,-2.999430703742776,-4.519438279377141,-3.4667026773809937,-3.28215900892814,1,0
2021-09-23,0.0,0.6336660614145777,1.1471521887903624,0.7403314236475022,1.7907889347324812,1.0809968497561546,1.6566135463446203,0.8663083159612418,2.189563335118084,2.3412235278743534,1.5206250438771367,0.0,0.1660679581323395,-1.2717425922490158,-3.4933377309578333,-3.533941367598285,-2.749952719152066,-3.0943137972042094,-4.592276438531295,-3.5549969316385983,-3.373469143239192,-3.0715086639273794,1,0
2021-09-24,0.0,0.5174838719733834,0.10993719842845073,1.1621947511212514,0.4483287482251508,1.0239292037921022,0.2407278931259733,1.5722915052282445,1.7241879922903742,0.8991721280201459,1.0479427912532244,0.0,-1.4328764879506544,-3.6441961382386907,-3.684927200927312,-2.9014491291880304,-3.2465778236743272,-4.737776512329,-3.705406716278949,-3.5251063272651066,-3.2254309856102568,-3.716240682233755,0,0
2021-09-27,0.0,-0.40976870330485826,0.6481647513578234,-0.07190568606860759,0.5059737285310135,-0.27448521764165035,1.069236909822915,1.2219333012568174,0.3899869484198042,0.5329309214242877,0.7003049507827882,0.0,-2.279489916754678,-2.31868882296955,-1.5386112755248647,-1.8735049197903189,-3.4092189621198195,-2.3440328377765107,-2.154744710818236,-1.8379734531769238,-2.340087255139118,-1.9377128364062384,0,0
2021-09-28,0.0,1.0575045887915155,0.3395790901158457,0.9178743843755961,0.1322471099616357,1.4715071647886413,1.6241569513028775,0.7945004831654898,0.9426052830680254,1.1108818074091038,-0.3367479297928907,0.0,-0.03722872135623072,0.7496176632653944,0.42671103957922824,-1.209240256975731,-0.07123601815141556,0.13634868763093666,0.4872268005089273,-0.04214365323723457,0.36187832801721087,1.1156421230065416,0,0
2021-09-29,0.0,-0.7233939486855208,-0.146231192972614,-0.9184286205813086,0.4322228739389722,0.5849776741430903,-0.250510411592876,-0.11575186877628893,0.050176400358024065,-1.3875670742203985,-3.6072017829612144,0.0,0.785462883020142,0.46336449581711847,-1.1711136787273078,-0.03408383602358206,0.17340478758100047,0.5241722920893411,-0.004637135309061957,0.3986446863518504,1.1514174804832424,0.7935158359239639,0,0
2021-09-30,0.0,0.5753272312547058,-0.202486189812219,1.1343570278578228,1.2863518184046927,0.45858220894076585,0.6017747228508836,0.7685455896203565,-0.6694118488008052,-2.9008870879233335,-2.940523776612047,0.0,-0.33247272159692187,-1.963246670217055,-0.8298739326155747,-0.624804891722717,-0.27923883047049025,-0.8086597654774428,-0.3982158433012455,0.35955169726150404,-0.002214773858851826,0.9404702858392513,0,0
2021-10-01,0.0,-0.7693388248558776,0.5715483269927701,0.7233604344281819,-0.10625355041465201,0.029508932190130732,0.1947495318391321,-1.2356065563738243,-3.446156985319676,-3.48650248947817,-2.7069676121346866,0.0,-1.621846192452041,-0.4942287501700884,-0.28947138875561995,0.056036073336321435,-0.4697335316400525,-0.06489646183546827,0.6859349470838512,0.3280943010094167,1.2687788422308597,1.0084344312140239,0,0
2021-10-04,0.0,1.3505203432758834,1.5043022738794032,0.6678255352524594,0.8153236649855409,0.9845358149948323,-0.4724506692707857,-2.7367537019609767,-2.776583160887771,-1.9928895160136935,-2.3322289479926357,0.0,1.1791220924559476,1.3969655631568951,1.7669336856629054,1.2220764415332508,1.6273796018542201,2.3967036280624923,2.0332065469977754,3.0311157094581684,2.7758020386457996,3.372363223921491,0,1
2021-10-05,0.0,0.1554186676394759,-0.6968632701101499,-0.565439572982948,-0.3976593110864024,-1.8558752086853116,-4.099928848975916,-4.142021192019196,-3.3394502379166404,-3.695366177856258,-5.209034785676619,0.0,0.20835615611832864,0.5606380191266149,0.029908957592778673,0.434366899354054,1.1896950458915674,0.8306425294194015,1.7870065415016985,1.528478303363054,2.1080124383617735,2.104504717140297,0,1
2021-10-06,0.0,-0.8531285882273314,-0.7237048162769948,-0.5562807655721809,-2.0129745071685075,-4.2521374764884845,-4.294442229815391,-3.4906143456551835,-3.8480319985237066,-5.358560481717271,-4.313568778809187,0.0,0.3483975543993645,-0.1786688427899863,0.2247331460071935,0.9759174788112194,0.6184484944187097,1.5653989294756125,1.306888931911959,1.882143807904204,1.877083552887112,-0.9640857207585416,0,0
2021-10-07,0.0,0.13963823689192068,0.30815728959324895,-1.149496672062903,-3.4039922892026064,-3.444930964887152,-2.6519636775285944,-2.999430703742776,-4.519438279377141,-3.4667026773809937,-3.28215900892814,0.0,-0.5202697097299829,-0.11920572191127743,0.6240559308435281,0.2697205341554275,1.199816188299204,0.9417252220386771,1.5091002420663477,1.501502920938762,-1.3078768385568473,-0.48921103842835123,0,0
2021-10-08,0.0,0.1660679581323395,-1.2717425922490158,-3.4933377309578333,-3.533941367598285,-2.749952719152066,-3.0943137972042094,-4.592276438531295,-3.5549969316385983,-3.373469143239192,-3.0715086639273794,0.0,0.40034093315482494,1.1476721641106005,0.7923662127901305,1.7380132293475719,1.4820233233941897,2.0552655649846225,2.051571807238058,-0.7759679386803437,0.0501872030256969,1.336493345628452,0,1
2021-10-11,0.0,-1.4328764879506544,-3.6441961382386907,-3.684927200927312,-2.9014491291880304,-3.2465778236743272,-4.737776512329,-3.705406716278949,-3.5251063272651066,-3.2254309856102568,-3.716240682233755,0.0,0.7504468119614296,0.39291035266509033,1.3344171493945942,1.074644274883806,1.6481428815554735,1.6413849052561478,-1.1957960097407718,-0.368520408835328,0.9219274079036772,-0.3010306880647988,0,0
2021-10-12,0.0,-2.279489916754678,-2.31868882296955,-1.5386112755248647,-1.8735049197903189,-3.4092189621198195,-2.3440328377765107,-2.154744710818236,-1.8379734531769238,-2.340087255139118,-1.9377128364062384,0.0,-0.35798338802448687,0.5659789235401131,0.30183868307228057,0.8698445948488862,0.8574282845569754,-1.968233005369739,-1.1474772753588112,0.13727585345483018,-1.083195230560385,2.7311843070563135,0,1
2021-10-13,0.0,-0.03722872135623072,0.7496176632653944,0.42671103957922824,-1.209240256975731,-0.07123601815141556,0.13634868763093666,0.4872268005089273,-0.04214365323723457,0.36187832801721087,1.1156421230065416,0.0,0.9305892540506981,0.6690194362918969,1.238580667709987,1.2288800385491876,-1.596997666953322,-0.7746687971739412,0.51040020537289,-0.7089801458486309,3.1082084989274312,3.168494097570055,0,1
2021-10-14,0.0,0.785462883020142,0.46336449581711847,-1.1711136787273078,-0.03408383602358206,0.17340478758100047,0.5241722920893411,-0.004637135309061957,0.3986446863518504,1.1514174804832424,0.7935158359239639,0.0,-0.2616137186643139,0.2902319442545047,0.27400433875629737,-2.4826552449882158,-1.6842295009742587,-0.4311789940536157,-1.6236401330398444,2.09378143668531,2.1572392619626624,2.7133199985189758,0,1
2021-10-15,0.0,-0.33247272159692187,-1.963246670217055,-0.8298739326155747,-0.624804891722717,-0.27923883047049025,-0.8086597654774428,-0.3982158433012455,0.35955169726150404,-0.002214773858851826,0.9404702858392513,0.0,0.5500639986629903,0.5358459927555039,-2.2065602680790413,-1.411192222018489,-0.16446646116747532,-1.3499225434219868,2.35006223931405,2.411868543996907,2.967873612346745,3.81497310668777,0,1
2021-10-18,0.0,-1.621846192452041,-0.4942287501700884,-0.28947138875561995,0.056036073336321435,-0.4697335316400525,-0.06489646183546827,0.6859349470838512,0.3280943010094167,1.2687788422308597,1.0084344312140239,0.0,-0.018123958272385665,-2.7384168573467136,-1.9516974557356854,-0.7153465160684851,-1.8929963071828408,1.7734285953306008,1.8374996361872062,2.3831762686678255,3.2217346745736046,0.5852940691559363,0,1
2021-10-19,0.0,1.1791220924559476,1.3969655631568951,1.7669336856629054,1.2220764415332508,1.6273796018542201,2.3967036280624923,2.0332065469977754,3.0311157094581684,2.7758020386457996,3.372363223921491,0.0,-2.700748424721697,-1.9196081885808516,-0.6921295163986996,-1.8612608779858855,1.7789438280618008,1.8424640827004983,2.3844115446892493,3.2170011609734894,0.5994716833209592,-0.21959287100254343,1,1
2021-10-20,0.0,0.20835615611832864,0.5606380191266149,0.029908957592778673,0.434366899354054,1.1896950458915674,0.8306425294194015,1.7870065415016985,1.528478303363054,2.1080124383617735,2.104504717140297,0.0,0.8080950625989344,2.061937369906455,0.8780175368578298,4.610294098186682,4.661244605779628,5.243419099283052,6.1013708379580525,3.4263324313374266,2.598042232023777,0.5470475333400158,1,1
2021-10-21,0.0,0.3483975543993645,-0.1786688427899863,0.2247331460071935,0.9759174788112194,0.6184484944187097,1.5653989294756125,1.306888931911959,1.882143807904204,1.877083552887112,-0.9640857207585416,0.0,1.2409631045898795,0.06622278271955012,3.756150702185247,3.810602642185769,4.3785398840755665,5.2255183963832215,2.5783300158687457,1.756131318855213,-0.27764968308758053,1.022603389006969,0,1
2021-10-22,0.0,-0.5202697097299829,-0.11920572191127743,0.6240559308435281,0.2697205341554275,1.199816188299204,0.9417252220386771,1.5091002420663477,1.501502920938762,-1.3078768385568473,-0.48921103842835123,0.0,-1.1673977796206831,2.4789225028955464,2.539003339055776,3.088494978747988,3.923559821949145,1.3038082128669721,0.4862420248519863,-1.5328182257808212,-0.25240303478497417,-1.1828540917914405,0,1
2021-10-25,0.0,0.40034093315482494,1.1476721641106005,0.7923662127901305,1.7380132293475719,1.4820233233941897,2.0552655649846225,2.051571807238058,-0.7759679386803437,0.0501872030256969,1.336493345628452,0.0,3.6738892607255096,3.728439982224693,4.293281080228796,5.136476278125707,2.5005883932600455,1.6816915520008284,-0.34374756840736787,0.9506146732907945,0.01817176898898465,0.23307831058912987,1,1
2021-10-26,0.0,0.7504468119614296,0.39291035266509033,1.3344171493945942,1.074644274883806,1.6481428815554735,1.6413849052561478,-1.1957960097407718,-0.368520408835328,0.9219274079036772,-0.3010306880647988,0.0,0.07039527378690974,0.5796701302126723,1.3846315706334988,-1.159803732156107,-1.961427184697896,-3.9348033824873214,-2.7035680364814545,-3.6149006139107733,-3.4111977309821673,-2.982739052794752,0,0
2021-10-27,0.0,-0.35798338802448687,0.5659789235401131,0.30183868307228057,0.8698445948488862,0.8574282845569754,-1.968233005369739,-1.1474772753588112,0.13727585345483018,-1.083195230560385,2.7311843070563135,0.0,0.5108036994527233,1.3191409063423998,-1.2365336984402815,-2.041921274960198,-4.024379171955553,-2.788070262011744,-3.7036536266210742,-3.499126035036183,-3.068540923352162,-3.901460801196415,1,0
2021-10-28,0.0,0.9305892540506981,0.6690194362918969,1.238580667709987,1.2288800385491876,-1.596997666953322,-0.7746687971739412,0.51040020537289,-0.7089801458486309,3.1082084989274312,3.168494097570055,0.0,0.7954594483138965,-1.7235097889513562,-2.518903317305812,-4.475460520109857,-3.259481047734871,-4.163502184843204,-3.962441363700709,-3.5363921617502623,-4.3528336092618005,-4.981468656212675,1,0
2021-10-29,0.0,-0.2616137186643139,0.2902319442545047,0.27400433875629737,-2.4826552449882158,-1.6842295009742587,-0.4311789940536157,-1.6236401330398444,2.09378143668531,2.1572392619626624,2.7133199985189758,0.0,-2.4956840475185484,-3.2861813955620067,-5.22866823361943,-4.02794704929828,-4.926090477820112,-4.727714686227879,-4.303030186626041,-5.104873447108664,-5.7277814408468535,-6.0688764808067255,1,0
2021-11-01,0.0,0.5500639986629903,0.5358459927555039,-2.2065602680790413,-1.411192222018489,-0.16446646116747532,-1.3499225434219868,2.35006223931405,2.411868543996907,2.967873612346745,3.81497310668777,0.0,-0.7998338886669307,-2.7718004308245328,-1.5318224689169189,-2.4415830652317267,-2.2361952460900785,-1.8105526879323626,-2.6527459791753696,-3.289002802674892,-3.619588583400252,-2.3403747612218666,1,0
2021-11-02,0.0,-0.018123958272385665,-2.7384168573467136,-1.9516974557356854,-0.7153465160684851,-1.8929963071828408,1.7734285953306008,1.8374996361872062,2.3831762686678255,3.2217346745736046,0.5852940691559363,0.0,-1.975328010642514,-0.7265915636845939,-1.6372669573650092,-1.4302649701587171,-1.0056302267913422,-1.8581615967577396,-2.496733569763174,-2.822927694411777,-1.5381750282162356,0.47564923177486107,1,0
2021-11-03,0.0,-2.700748424721697,-1.9196081885808516,-0.6921295163986996,-1.8612608779858855,1.7789438280618008,1.8424640827004983,2.3844115446892493,3.2170011609734894,0.5994716833209592,-0.21959287100254343,0.0,1.2739302367097756,0.35849116533878345,0.5700730791038159,0.9933619557207369,0.11279129493096146,-0.5332832506297991,-0.8494473048090698,0.4525907361262424,2.5013181981039443,1.6935210226877717,1,1
2021-11-04,0.0,0.8080950625989344,2.061937369906455,0.8780175368578298,4.610294098186682,4.661244605779628,5.243419099283052,6.1013708379580525,3.4263324313374266,2.598042232023777,0.5470475333400158,0.0,-0.9048826568298978,-0.6979377107283622,-0.277288929048652,-1.1328909919955301,-1.768900325705752,-2.0887920395288395,-0.8084060336080074,1.2013863242625238,0.410304288995903,-0.26807407717257237,1,0
2021-11-05,0.0,1.2409631045898795,0.06622278271955012,3.756150702185247,3.810602642185769,4.3785398840755665,5.2255183963832215,2.5783300158687457,1.756131318855213,-0.27764968308758053,1.022603389006969,0.0,0.20885858785998293,0.6285697731489281,-0.23906862604804124,-0.8779812939761604,-1.1930795661576998,0.0941396438215936,2.118178458666398,1.3205000891032213,0.6415695621886475,0.21243954633907788,1,1
2021-11-08,0.0,-1.1673977796206831,2.4789225028955464,2.539003339055776,3.088494978747988,3.923559821949145,1.3038082128669721,0.4862420248519863,-1.5328182257808212,-0.25240303478497417,-1.1828540917914405,0.0,0.4191942558856783,-0.4441624482030422,-1.0812925016779331,-1.3969429718880588,-0.1135414105671621,1.9036893303361728,1.1089197713699366,0.4313011096754915,0.003735987207045474,-0.36562171067970295,1,0
2021-11-09,0.0,3.6738892607255096,3.728439982224693,4.293281080228796,5.136476278125707,2.5005883932600455,1.6816915520008284,-0.34374756840736787,0.9506146732907945,0.01817176898898465,0.23307831058912987,0.0,-0.859312839158244,-1.4962304537163476,-1.814664640947691,-0.5321475779347896,1.4820675413802338,0.6889419798561713,0.010373762916021878,-0.41630687223492147,-0.7840657949174286,-0.9042427188545221,1,0
2021-11-10,0.0,0.07039527378690974,0.5796701302126723,1.3846315706334988,-1.159803732156107,-1.961427184697896,-3.9348033824873214,-2.7035680364814545,-3.6149006139107733,-3.4111977309821673,-2.982739052794752,0.0,-0.6473316240795287,-0.9648969873678693,0.3395502095141236,2.391626336738452,1.582632667926276,0.895441465002367,0.46022408037438933,0.08334886993932844,-0.03742423263300598,0.8736629534680815,0,1
2021-11-11,0.0,0.5108036994527233,1.3191409063423998,-1.2365336984402815,-2.041921274960198,-4.024379171955553,-2.788070262011744,-3.7036536266210742,-3.499126035036183,-3.068540923352162,-3.901460801196415,0.0,-0.31475400123713493,0.9974576039809172,3.064294446686554,2.2487681077226154,1.5597056611502869,1.1209737775074453,0.739749531904603,0.6193438245546031,1.537365997330098,1.8420905611752656,0,1
2021-11-12,0.0,0.7954594483138965,-1.7235097889513562,-2.518903317305812,-4.475460520109857,-3.259481047734871,-4.163502184843204,-3.962441363700709,-3.5363921617502623,-4.3528336092618005,-4.981468656212675,0.0,1.30688252690277,3.3665425993632736,2.5535074446818617,1.8683039788826845,1.430912242652085,1.0502297637882616,0.9308322145252856,1.8458487975587345,2.1421846044830843,3.141016694717773,0,1
2021-11-15,0.0,-2.4956840475185484,-3.2861813955620067,-5.22866823361943,-4.02794704929828,-4.926090477820112,-4.727714686227879,-4.303030186626041,-5.104873447108664,-5.7277814408468535,-6.0688764808067255,0.0,2.0281252384236854,1.228939085415085,0.5481957688070864,0.11825461855277364,-0.25338317354084333,-0.3733795428186766,0.5268785422962075,0.8488273321787916,1.8180766201248137,1.6999290983233366,0,1
2021-11-16,0.0,-0.7998338886669307,-2.7718004308245328,-1.5318224689169189,-2.4415830652317267,-2.2361952460900785,-1.8105526879323626,-2.6527459791753696,-3.289002802674892,-3.619588583400252,-2.3403747612218666,0.0,-0.775191581171323,-1.4465703606502474,-1.863602779512771,-2.2201510470650216,-2.340587336366063,-1.4660874690646333,-1.1067218182083103,-0.18587415571212484,-0.2640513387105301,-0.5342223254957137,0,0
2021-11-17,0.0,-1.975328010642514,-0.7265915636845939,-1.6372669573650092,-1.4302649701587171,-1.0056302267913422,-1.8581615967577396,-2.496733569763174,-2.822927694411777,-1.5381750282162356,0.47564923177486107,0.0,-0.6757513457416815,-1.0982459839007719,-1.4610336929227266,-1.581433521214142,-0.6959872053324963,-0.35071086712548327,0.5899029054485232,0.4961612222614593,0.21414905189084354,1.406415459533136,0,0
2021-11-18,0.0,1.2739302367097756,0.35849116533878345,0.5700730791038159,0.9933619557207369,0.11279129493096146,-0.5332832506297991,-0.8494473048090698,0.4525907361262424,2.5013181981039443,1.6935210226877717,0.0,-0.4248727708108282,-0.7910529554706102,-0.910741793906886,-0.020748254588781753,0.31029833983320687,1.2628364079261867,1.156055640930583,0.8653121623429878,2.070845981158307,1.7827363170338901,1,1
2021-11-19,0.0,-0.9048826568298978,-0.6979377107283622,-0.277288929048652,-1.1328909919955301,-1.768900325705752,-2.0887920395288395,-0.8084060336080074,1.2013863242625238,0.410304288995903,-0.26807407717257237,0.0,-0.36962598422188214,-0.48928878591650365,0.4067380579999482,0.729947592275825,1.6934117600940315,1.5779962573685395,1.2806937791203254,2.498900737123047,2.2056376817647907,1.2262929044184891,0,1
2021-11-22,0.0,0.20885858785998293,0.6285697731489281,-0.23906862604804124,-0.8779812939761604,-1.1930795661576998,0.0941396438215936,2.118178458666398,1.3205000891032213,0.6415695621886475,0.21243954633907788,0.0,-0.11987663950572564,0.7832249132287274,1.1001864853848984,2.0751586394058883,1.9519264668976655,1.6482716985629933,2.880025908014971,2.581653826015114,1.5997425757992696,2.6100124522741095,1,1
2021-11-23,0.0,0.4191942558856783,-0.4441624482030422,-1.0812925016779331,-1.3969429718880588,-0.1135414105671621,1.9036893303361728,1.1089197713699366,0.4313011096754915,0.003735987207045474,-0.36562171067970295,0.0,0.9029626439972798,1.2170498248834707,2.1931245621217643,2.0676940333492073,1.7628000047519308,2.9956262618777707,2.696403076132037,1.7163016790772971,2.7285374694388134,2.974444386608644,0,1
2021-11-24,0.0,-0.859312839158244,-1.4962304537163476,-1.814664640947691,-0.5321475779347896,1.4820675413802338,0.6889419798561713,0.010373762916021878,-0.41630687223492147,-0.7840657949174286,-0.9042427188545221,0.0,0.330860357149948,1.2844882869953929,1.1772254905696307,0.8859927817710873,2.092849842459792,1.8043207564070556,0.8250825127591999,1.807927990151319,2.0483354777981533,1.6143771015412585,0,1
2021-11-26,0.0,-0.6473316240795287,-0.9648969873678693,0.3395502095141236,2.391626336738452,1.582632667926276,0.895441465002367,0.46022408037438933,0.08334886993932844,-0.03742423263300598,0.8736629534680815,0.0,0.9680565042673732,0.8651520503893526,0.5721153543932738,1.7981646677428107,1.5067622851004387,0.5042247382824396,1.4995488946372992,1.7436547272718776,1.303582873163816,1.655786254717353,1,0
2021-11-29,0.0,-0.31475400123713493,0.9974576039809172,3.064294446686554,2.2487681077226154,1.5597056611502869,1.1209737775074453,0.739749531904603,0.6193438245546031,1.537365997330098,1.8420905611752656,0.0,-0.08265756577601824,-0.3581694453751445,0.8274312238890984,0.5504086817843712,-0.44052663369746536,0.5132036824266939,0.7489094592164306,0.3255448053353592,0.6608088600599344,2.7018541085372645,1,1
2021-11-30,0.0,1.30688252690277,3.3665425993632736,2.5535074446818617,1.8683039788826845,1.430912242652085,1.0502297637882616,0.9308322145252856,1.8458487975587345,2.1421846044830843,3.141016694717773,0.0,-0.2820700645086036,0.9286475621652808,0.6453186578912764,-0.36463798494397087,0.6101012016007128,0.8508322458866506,0.41829763258478936,0.7611527285735962,2.8426063917681734,1.7368288360903408,1,1
2021-12-01,0.0,2.0281252384236854,1.228939085415085,0.5481957688070864,0.11825461855277364,-0.25338317354084333,-0.3733795428186766,0.5268785422962075,0.8488273321787916,1.8180766201248137,1.6999290983233366,0.0,1.2327640488157101,0.9427739686982931,-0.0788068731379421,0.9164412652853042,1.161665142567169,0.7205646079985191,1.071339266631985,3.180978715574592,2.0565642939686883,2.2996608865130286,1,1
2021-12-02,0.0,-0.775191581171323,-1.4465703606502474,-1.863602779512771,-2.2201510470650216,-2.340587336366063,-1.4660874690646333,-1.1067218182083103,-0.18587415571212484,-0.2640513387105301,-0.5342223254957137,0.0,-0.2723516628178102,-1.2815068338198243,-0.3369193194330764,-0.10182517164721805,-0.5226713724596794,-0.19265359457907483,1.8737746194993723,0.7875632145927867,1.0045014198279678,1.4399599251343744,0,0
2021-12-03,0.0,-0.6757513457416815,-1.0982459839007719,-1.4610336929227266,-1.581433521214142,-0.6959872053324963,-0.35071086712548327,0.5899029054485232,0.4961612222614593,0.21414905189084354,1.406415459533136,0.0,-1.0173258949989277,-0.05629591111307031,0.182331950060453,-0.24531791644207868,0.09113336190399624,2.178296102624719,1.077695524955892,1.30168251145221,1.739561812906957,0.7817119951874527,0,1
2021-12-06,0.0,-0.4248727708108282,-0.7910529554706102,-0.910741793906886,-0.020748254588781753,0.31029833983320687,1.2628364079261867,1.156055640930583,0.8653121623429878,2.070845981158307,1.7827363170338901,0.0,0.9805684861239166,1.2220239877141585,0.7875710503889295,1.1333585720219923,3.2077521364551687,2.10114716088698,2.34154506805209,2.7696337333162537,1.802648672502352,1.349616823442707,1,1
2021-12-07,0.0,-0.36962598422188214,-0.48928878591650365,0.4067380579999482,0.729947592275825,1.6934117600940315,1.5779962573685395,1.2806937791203254,2.498900737123047,2.2056376817647907,1.2262929044184891,0.0,0.23137041683104476,-0.1833645439278575,0.14313559378033247,2.164848061540896,1.0980905288705691,1.3159890808381272,1.7397630066093654,0.8111610200206643,0.3822264076816997,0.8069316504675875,1,1
2021-12-08,0.0,-0.11987663950572564,0.7832249132287274,1.1001864853848984,2.0751586394058883,1.9519264668976655,1.6482716985629933,2.880025908014971,2.581653826015114,1.5997425757992696,2.6100124522741095,0.0,-0.4108552679768295,-0.08829016326924455,1.9246730368619835,0.8653514107060851,1.0783713235688714,1.5018853869468853,0.5806210862687158,0.1565656479734301,0.575014932877053,0.15387898167184422,1,0
2021-12-09,0.0,0.9029626439972798,1.2170498248834707,2.1931245621217643,2.0676940333492073,1.7628000047519308,2.9956262618777707,2.696403076132037,1.7163016790772971,2.7285374694388134,2.974444386608644,0.0,0.33021641386648204,2.3623319660896684,1.2878090033763834,1.5100062864545944,1.9346899614720372,0.9986300355605109,0.5650476925655799,0.9955052435694921,0.573774365781377,0.05015728039855616,1,1
2021-12-10,0.0,0.330860357149948,1.2844882869953929,1.1772254905696307,0.8859927817710873,2.092849842459792,1.8043207564070556,0.8250825127591999,1.807927990151319,2.0483354777981533,1.6143771015412585,0.0,2.0093103403788657,0.9508345039811182,1.1649706256513896,1.5871151113186417,0.6662552812430635,0.24181511565738045,0.6611919943306103,0.24153732604585315,-0.2774584463566111,-0.7449207648891808,1,1
2021-12-13,0.0,0.9680565042673732,0.8651520503893526,0.5721153543932738,1.7981646677428107,1.5067622851004387,0.5042247382824396,1.4995488946372992,1.7436547272718776,1.303582873163816,1.655786254717353,0.0,-1.032155663360748,-0.8525907565504076,-0.4174915684492705,-1.3079251612394318,-1.7053653188767397,-1.3251039766281385,-1.760358283234538,-2.2861719897129555,-2.7764079386611087,-3.299236097381545,0,0
2021-12-14,0.0,-0.08265756577601824,-0.3581694453751445,0.8274312238890984,0.5504086817843712,-0.44052663369746536,0.5132036824266939,0.7489094592164306,0.3255448053353592,0.6608088600599344,2.7018541085372645,0.0,0.19999746897585302,0.6336400234757856,-0.28381486571457554,-0.7003869042002011,-0.2948216710495855,-0.7272275669735722,-1.2559377854579976,-1.7402236739100798,-2.2736201307636574,-2.5353563680267577,1,0
2021-12-15,0.0,-0.2820700645086036,0.9286475621652808,0.6453186578912764,-0.36463798494397087,0.6101012016007128,0.8508322458866506,0.41829763258478936,0.7611527285735962,2.8426063917681734,1.7368288360903408,0.0,0.42754640615607875,-0.47137515489377213,-0.8782472821234779,-0.48337579656214746,-0.909964268104066,-1.4303671183939588,-1.9086543026269,-2.432238292930097,-2.6895384042081014,-3.2350160002984873,1,0
2021-12-16,0.0,1.2327640488157101,0.9427739686982931,-0.0788068731379421,0.9164412652853042,1.161665142567169,0.7205646079985191,1.071339266631985,3.180978715574592,2.0565642939686883,2.2996608865130286,0.0,-0.8985377229697729,-1.302395433509275,-0.9132221683186454,-1.3460790064116301,-1.871506256667319,-2.3579560524837206,-2.8834446782607057,-3.1425167944383405,-3.689124289529134,-3.1162275212494954,1,0
